latitude,longitude,speed_kmh,time_of_day,distance_from_corridor,is_anomaly
25.348876,91.771304,56.9,17,28.6,0
25.555707,91.878801,20.4,11,67.2,0
25.534942,91.867374,20.6,16,62.3,0
25.387569,91.794399,30.4,7,127.0,0
25.389203,91.793763,16.4,8,23.2,0
25.429699,91.816513,7.4,15,1.3,0
25.360141,91.777463,19.9,14,38.3,0
25.560728,91.882049,29.2,13,47.3,0
25.366024,91.781803,19.5,15,66.0,0
25.565798,91.885358,60.0,15,24.5,0
25.516966,91.860677,7.0,11,11.3,0
25.531045,91.866034,36.2,14,39.7,0
25.390023,91.7948,28.9,8,33.3,0
25.366808,91.782064,15.8,8,49.1,0
25.492266,91.850073,11.8,8,86.2,0
25.293616,91.742736,30.5,13,11.1,0
25.443717,91.824616,32.1,10,32.0,0
25.274978,91.730377,0.4,4,392.1,1
25.460867,91.834186,24.4,9,36.1,0
25.389862,91.793647,22.0,13,70.1,0
25.320018,91.759015,1.2,3,335.6,1
25.356669,91.776418,24.5,16,47.8,0
25.275298,91.733153,46.6,15,125.0,0
25.374286,91.785538,21.8,13,17.2,0
25.484574,91.846594,23.4,17,38.1,0
25.300019,91.736265,1.4,22,938.4,1
25.299625,91.744929,15.1,14,40.8,0
25.286743,91.739241,5.3,15,29.7,0
25.318038,91.754931,38.5,15,45.3,0
25.549467,91.87629,10.7,9,53.3,0
25.305494,91.747541,17.6,12,43.7,0
25.577318,91.892987,43.7,12,38.1,0
25.532821,91.867081,1.2,10,4.9,0
25.574257,91.890502,15.0,11,22.1,0
25.332526,91.762848,31.5,11,32.4,0
25.495485,91.85234,30.8,13,15.1,0
25.529445,91.865479,29.5,9,30.9,0
25.482744,91.845333,14.2,16,61.8,0
25.410969,91.806255,27.2,15,15.7,0
25.449707,91.827922,14.1,13,29.8,0
25.560862,91.88345,32.6,17,78.3,0
25.462621,91.83443,5.6,8,35.0,0
25.459388,91.833345,55.4,18,34.2,0
25.5322,91.867219,10.7,12,35.0,0
25.454217,91.830422,20.6,15,29.4,0
25.479182,91.843975,13.2,14,1.4,0
25.371081,91.783658,10.7,12,26.9,0
25.451905,91.828532,17.9,17,29.6,0
25.432396,91.818677,16.2,13,66.1,0
25.485128,91.847313,21.7,10,1.9,0
25.427045,91.815462,49.7,13,42.5,0
25.481696,91.844522,15.5,8,84.2,0
25.566465,91.885776,56.5,16,23.1,0
25.416553,91.807498,20.2,13,165.2,0
25.470926,91.839136,32.0,10,26.0,0
25.445213,91.825172,34.7,13,5.2,0
25.552641,91.877617,39.2,14,3.2,0
25.55821,91.880877,94.1,11,13.8,1
25.522943,91.863641,26.0,14,47.9,0
25.495536,91.851174,17.9,16,107.6,0
25.319341,91.755096,23.1,17,9.1,0
25.321533,91.756986,6.2,15,56.4,0
25.406023,91.803825,18.6,10,46.6,0
25.543936,91.873563,40.9,15,112.5,0
25.379077,91.788373,16.3,15,0.3,0
25.315032,91.75316,8.4,9,35.5,0
25.294487,91.742746,28.7,10,27.8,0
25.524971,91.852148,29.7,17,1223.7,1
25.306941,91.748804,41.0,15,18.3,0
25.286836,91.740676,12.4,11,111.6,0
25.440881,91.822993,22.4,13,27.4,0
25.3164,91.754349,27.7,10,77.2,0
25.343918,91.769714,31.0,12,84.7,0
25.310265,91.750016,8.1,10,12.8,0
25.367634,91.782663,28.9,9,62.7,0
25.297887,91.745121,17.8,15,58.0,0
25.37693,91.787599,21.1,9,40.4,0
25.547466,91.874251,19.5,11,25.6,0
25.31046,91.750236,11.7,15,1.9,0
25.447847,91.826357,13.4,15,21.9,0
25.393068,91.796215,35.8,9,6.4,0
25.388483,91.79348,20.9,14,11.8,0
25.347511,91.77032,18.6,12,50.5,0
25.510825,91.858123,60.0,14,21.4,0
25.350301,91.772807,12.1,15,40.7,0
25.329329,91.761039,38.5,15,29.3,0
25.345427,91.769773,28.2,13,8.9,0
25.279941,91.736074,30.0,15,40.5,0
25.391798,91.795665,4.6,10,21.5,0
25.519137,91.860601,9.9,13,108.9,0
25.294961,91.742833,0.2,14,40.5,0
25.566785,91.886702,21.9,10,46.7,0
25.367277,91.78112,32.6,9,68.1,0
25.561233,91.881826,15.6,11,97.6,0
25.380864,91.78942,60.0,16,5.0,0
25.50483,91.855826,45.4,15,11.0,0
25.475593,91.842085,10.5,16,8.7,0
25.385616,91.791632,8.6,16,36.7,0
25.435391,91.819009,28.1,13,63.5,0
25.278098,91.735598,29.1,9,4.6,0
25.282654,91.737985,7.0,10,29.5,0
25.40409,91.802198,21.7,9,7.2,0
25.450542,91.82763,20.7,7,43.6,0
25.273622,91.733529,13.4,6,10.3,0
25.563998,91.884399,24.5,9,11.9,0
25.575352,91.891824,14.7,14,40.6,0
25.466279,91.836272,10.0,14,53.4,0
25.273662,91.73482,43.6,12,119.0,0
25.436664,91.820403,11.6,10,3.4,0
25.502075,91.855002,41.1,18,17.8,0
25.397841,91.799995,42.4,9,116.2,0
25.340941,91.767527,39.8,17,32.8,0
25.427866,91.817045,33.2,10,152.1,0
25.284581,91.739041,22.9,13,48.7,0
25.525472,91.864672,10.5,11,49.9,0
25.5115,91.858512,19.4,10,9.1,0
25.450527,91.829355,13.0,8,125.0,0
25.402136,91.800218,29.0,10,94.3,0
25.530384,91.866259,15.7,9,10.8,0
25.414971,91.80834,30.2,14,2.2,0
25.423251,91.812904,18.2,9,1.3,0
25.465374,91.835977,46.2,9,33.3,0
25.386508,91.793131,34.0,9,61.0,0
25.318212,91.753855,30.7,8,68.8,0
25.576512,91.892988,11.5,11,84.6,0
25.546797,91.874823,19.2,15,67.5,0
25.575272,91.891827,32.2,10,45.5,0
25.452924,91.829612,59.1,14,20.4,0
25.568349,91.888492,18.8,8,127.0,0
25.561129,91.882578,35.9,15,20.1,0
25.399204,91.799935,12.6,15,36.7,0
25.357658,91.777039,23.2,13,54.7,0
25.396103,91.798681,5.9,14,82.3,0
25.320601,91.755648,20.3,11,23.5,0
25.334513,91.763579,22.4,11,3.8,0
25.472209,91.84028,38.3,7,15.9,0
25.34667,91.770452,20.3,10,7.7,0
25.558935,91.882422,11.4,16,91.6,0
25.445282,91.825789,26.5,11,61.5,0
25.403662,91.801787,40.5,8,24.1,0
25.31472,91.751953,3.9,15,65.1,0
25.312397,91.751923,29.7,11,57.5,0
25.556372,91.880275,6.1,15,34.8,0
25.291114,91.740834,14.5,8,67.7,0
25.32105,91.756415,29.3,9,26.9,0
25.333154,91.763929,39.6,12,103.7,0
25.52239,91.862733,34.2,15,23.0,0
25.33894,91.766394,24.1,15,30.8,0
25.316409,91.75326,18.1,15,29.3,0
25.420655,91.811574,18.6,12,9.6,0
25.395556,91.797952,28.9,10,41.0,0
25.334722,91.762806,40.2,9,90.4,0
25.430884,91.815943,35.9,10,118.2,0
25.434418,91.819612,6.0,9,47.8,0
25.354198,91.774362,36.9,9,18.7,0
25.378104,91.787521,39.2,9,30.7,0
25.35369,91.775074,26.6,13,78.0,0
25.484842,91.847125,44.0,14,0.9,0
25.556354,91.878536,15.0,10,129.7,0
25.391869,91.794947,31.9,9,52.1,0
25.538965,91.868432,20.7,13,119.3,0
25.530017,91.867167,19.4,16,119.9,0
25.353315,91.774325,44.4,14,25.4,0
25.536064,91.868894,23.6,14,48.4,0
25.357027,91.775702,12.3,10,41.3,0
25.532896,91.866955,25.2,11,21.0,0
25.474166,91.840773,127.1,22,41.9,1
25.373792,91.785566,8.5,14,12.2,0
25.385359,91.791832,21.1,12,3.4,0
25.383689,91.791061,17.3,11,11.9,0
25.333006,91.762338,10.2,15,43.1,0
25.495426,91.851668,19.1,15,51.9,0
25.315935,91.752707,27.9,17,57.4,0
25.438226,91.821255,34.4,11,1.8,0
25.41919,91.810256,14.4,16,39.4,0
25.493988,91.851938,29.4,10,35.5,0
25.438878,91.821309,43.8,16,28.2,0
25.487697,91.848903,26.4,11,17.8,0
25.503629,91.855459,8.7,10,0.7,0
25.365388,91.779961,9.0,13,78.9,0
25.527434,91.866186,25.0,10,125.4,0
25.366828,91.780592,12.4,13,95.2,0
25.383989,91.791273,27.5,14,16.3,0
25.450222,91.827284,10.2,11,60.0,0
25.323977,91.757169,31.0,10,58.0,0
25.298957,91.744954,23.5,10,7.8,0
25.536146,91.868424,38.1,12,3.6,0
25.34664,91.769897,43.3,14,44.6,0
25.41964,91.810468,33.2,15,43.1,0
25.290916,91.741622,16.4,10,21.2,0
25.288324,91.740667,6.7,14,42.8,0
25.421715,91.811649,14.0,14,40.3,0
25.305194,91.747411,5.2,15,43.3,0
25.375417,91.785742,10.1,16,58.4,0
25.557394,91.881265,55.8,11,70.1,0
25.284033,91.738232,16.9,12,8.4,0
25.2955,91.743588,16.1,12,11.5,0
25.352834,91.773807,28.2,15,1.0,0
25.34934,91.771057,47.1,15,77.7,0
25.556252,91.880132,8.4,16,28.1,0
25.512115,91.857946,15.2,16,93.1,0
25.344081,91.768475,21.3,15,44.7,0
25.343824,91.769563,21.3,12,75.1,0
25.388954,91.793523,27.0,8,33.1,0
25.556587,91.879735,19.4,11,29.0,0
25.440159,91.822449,11.6,14,13.5,0
25.360875,91.779824,8.2,12,151.8,0
25.394006,91.796656,20.8,9,1.4,0
25.571439,91.889245,59.9,15,20.6,0
25.543196,91.872082,14.3,9,14.1,0
25.330119,91.761134,23.6,8,4.2,0
25.287443,91.739611,29.7,16,24.2,0
25.554776,91.879681,13.4,10,70.2,0
25.435454,91.820848,19.1,18,300.0,1
25.497977,91.852953,38.4,15,24.6,0
25.369193,91.783177,20.4,11,28.4,0
25.397011,91.797654,22.1,8,66.7,0
25.409835,91.80575,24.2,15,27.8,0
25.281781,91.736877,14.0,16,43.1,0
25.331699,91.762108,12.1,8,5.1,0
25.54171,91.871294,39.3,15,24.7,0
25.550121,91.875502,24.0,13,59.4,0
25.487674,91.848823,19.5,10,11.2,0
25.525011,91.865018,39.7,6,104.8,0
25.384422,91.79166,5.4,15,30.6,0
25.317064,91.753175,13.6,8,72.9,0
25.327876,91.760082,32.1,8,14.7,0
25.502569,91.856151,21.0,9,116.2,0
25.3259,91.759173,18.6,14,33.1,0
25.284994,91.739,18.5,9,25.6,0
25.405926,91.803888,5.3,6,58.0,0
25.497711,91.853661,14.8,9,59.6,0
25.318464,91.753899,36.7,8,78.1,0
25.515765,91.8603,30.3,10,0.6,0
25.456121,91.830993,23.7,10,18.1,0
25.365766,91.780957,13.8,12,2.4,0
25.291749,91.741885,19.7,17,9.9,0
25.30891,91.748833,37.2,11,68.7,0
25.499036,91.85368,46.2,8,6.8,0
25.424054,91.813961,54.9,14,58.1,0
25.46575,91.836653,4.0,13,12.1,0
25.359565,91.776297,3.7,10,120.6,0
25.473122,91.840794,25.4,14,16.7,0
25.544007,91.873123,40.2,11,66.5,0
25.356115,91.776048,40.0,14,41.7,0
25.423831,91.814,18.2,11,74.0,0
25.293169,91.743052,29.0,14,63.5,0
25.467285,91.837508,18.4,13,12.4,0
25.459553,91.832782,4.4,7,29.4,0
25.34888,91.77247,48.6,10,84.6,0
25.496736,91.852729,15.7,10,3.6,0
25.492336,91.850416,29.8,16,53.6,0
25.37526,91.787764,9.7,15,146.8,0
25.295416,91.743187,11.0,13,25.4,0
25.53995,91.870114,52.9,17,13.8,0
25.338143,91.766234,18.7,9,58.3,0
25.517423,91.861905,13.1,9,96.8,0
25.421999,91.830015,21.2,10,1731.5,1
25.371899,91.783092,34.6,15,126.2,0
25.352811,91.772514,19.7,10,123.6,0
25.567719,91.886327,30.0,8,42.9,0
25.516712,91.859737,24.3,13,98.0,0
25.506534,91.855861,24.3,13,77.8,0
25.355437,91.775539,51.6,8,28.9,0
25.366352,91.781339,10.2,13,3.1,0
25.332921,91.763443,2.5,12,69.0,0
25.45366,91.828907,13.3,8,87.9,0
25.409309,91.805482,8.8,13,30.2,0
25.51281,91.858226,8.5,16,92.9,0
25.371146,91.782845,32.2,7,109.4,0
25.339417,91.766869,10.2,15,51.2,0
25.505354,91.856278,27.1,15,14.1,0
25.348,91.771378,35.1,13,26.0,0
25.517855,91.860302,8.9,12,86.8,0
25.537473,91.869499,24.3,8,52.7,0
25.389155,91.793588,22.2,14,37.7,0
25.399423,91.79906,28.2,8,60.3,0
25.523058,91.862862,9.0,14,37.3,0
25.349168,91.771704,28.6,11,5.5,0
25.447938,91.827103,22.7,16,45.8,0
25.515637,91.860044,25.2,6,21.7,0
25.566149,91.886606,10.5,15,74.2,0
25.555888,91.879367,22.8,15,23.7,0
25.309196,91.742617,3.5,14,712.7,1
25.403574,91.802099,13.0,15,11.0,0
25.480625,91.845259,43.4,9,45.5,0
25.469833,91.838521,16.2,13,26.8,0
25.561607,91.883504,12.1,13,40.6,0
25.284603,91.738143,30.8,16,43.5,0
25.414838,91.807409,33.1,16,81.2,0
25.561693,91.883607,38.1,18,45.5,0
25.459964,91.832343,12.0,9,94.5,0
25.440383,91.823457,3.1,11,99.5,0
25.356352,91.776232,18.4,12,46.8,0
25.370616,91.783958,13.4,17,27.5,0
25.372336,91.784158,29.9,8,46.1,0
25.528447,91.865507,19.9,14,13.3,0
25.359056,91.777973,22.8,9,70.1,0
25.482041,91.845176,27.9,16,39.2,0
25.572932,91.890263,12.9,16,31.5,0
25.323967,91.758679,18.2,15,89.5,0
25.293875,91.742623,29.9,12,12.2,0
25.381713,91.789721,19.4,10,11.7,0
25.285361,91.738791,60.0,14,12.3,0
25.317167,91.753741,16.8,9,23.5,0
25.364999,91.780506,30.6,14,4.8,0
25.456512,91.831164,26.8,15,22.5,0
25.413435,91.807716,11.1,10,24.5,0
25.498835,91.853521,21.0,11,1.3,0
25.313217,91.751144,18.7,12,62.6,0
25.30301,91.74644,31.5,11,42.1,0
25.394263,91.795628,16.7,13,115.3,0
25.421531,91.81167,6.7,11,28.4,0
25.540874,91.870825,27.8,9,28.2,0
25.480175,91.844409,4.2,9,12.9,0
25.390013,91.794923,2.9,7,45.9,0
25.393527,91.795963,18.9,10,42.9,0
25.481291,91.845558,12.7,15,38.6,0
25.29664,91.742994,35.9,11,101.0,0
25.536641,91.868414,8.5,14,25.0,0
25.392869,91.796045,38.7,9,0.7,0
25.287299,91.739523,16.1,8,26.6,0
25.410261,91.805191,25.1,10,49.7,0
25.296236,91.743968,37.9,14,16.5,0
25.507066,91.856828,26.6,15,0.2,0
25.320514,91.75582,49.3,16,2.0,0
25.294636,91.742451,15.8,8,64.5,0
25.458556,91.831645,19.1,16,86.3,0
25.532247,91.867877,11.0,12,101.1,0
25.495619,91.852533,20.3,15,29.4,0
25.346268,91.769836,10.1,15,30.4,0
25.414574,91.808621,3.1,12,51.0,0
25.541395,91.870421,16.6,11,40.3,0
25.495885,91.85216,46.8,14,20.0,0
25.557471,91.881344,41.0,10,73.2,0
25.382037,91.790208,12.3,14,18.3,0
25.374718,91.786417,23.4,9,45.0,0
25.481013,91.844555,32.9,11,44.0,0
25.562728,91.883246,15.7,14,48.6,0
25.335132,91.764443,7.2,16,46.8,0
25.392136,91.795668,6.5,13,3.6,0
25.494645,91.851849,6.9,16,0.9,0
25.511442,91.858933,13.1,12,36.9,0
25.442572,91.824217,26.5,11,55.1,0
25.54217,91.871364,10.5,9,4.8,0
25.356241,91.776011,33.9,10,31.2,0
25.299686,91.74454,4.8,13,83.1,0
25.524291,91.862455,23.9,15,130.4,0
25.436089,91.820362,23.9,6,30.4,0
25.411975,91.8063,21.0,14,34.3,0
25.537876,91.868635,21.1,14,53.3,0
25.534918,91.867652,28.4,8,32.5,0
25.480251,91.844945,24.2,10,35.1,0
25.562828,91.883737,9.2,8,7.6,0
25.437346,91.820107,21.8,15,62.4,0
25.379119,91.787816,41.9,17,56.8,0
25.533016,91.868309,36.3,6,114.0,0
25.388772,91.793022,5.1,8,72.0,0
25.473336,91.840988,33.0,14,23.9,0
25.301413,91.746636,13.3,15,50.8,0
25.536003,91.868202,60.0,15,20.6,0
25.299403,91.745461,53.0,13,23.3,0
25.539997,91.871053,15.1,8,100.5,0
25.298937,91.745934,36.6,17,92.6,0
25.479991,91.844823,23.1,8,37.3,0
25.43628,91.821105,51.4,11,92.4,0
25.329011,91.75997,48.1,14,57.6,0
25.340273,91.767807,10.3,13,96.2,0
25.509447,91.858228,16.7,10,46.4,0
25.546161,91.872927,29.1,14,76.4,0
25.508647,91.856789,8.5,15,69.2,0
25.518559,91.860748,19.9,14,69.9,0
25.303217,91.747397,17.5,14,45.7,0
25.278541,91.735676,40.6,13,17.0,0
25.569819,91.888455,27.4,13,38.8,0
25.433221,91.819186,11.3,15,71.0,0
25.300799,91.744898,11.7,12,97.6,0
25.345559,91.76966,16.4,16,9.2,0
25.364113,91.780158,26.3,11,9.3,0
25.531645,91.866362,22.0,11,30.6,0
25.282585,91.736812,8.3,14,86.4,0
25.512552,91.858656,30.4,10,37.7,0
25.379071,91.787744,34.8,13,61.2,0
25.474304,91.84093,11.6,12,34.1,0
25.348607,91.771053,41.9,17,38.5,0
25.438939,91.822108,27.4,11,46.2,0
25.530496,91.866543,17.1,8,35.7,0
25.403112,91.802162,15.5,12,42.1,0
25.343968,91.768007,16.7,15,84.1,0
25.542079,91.871458,20.9,14,19.0,0
25.555627,91.879245,15.2,15,20.3,0
25.312033,91.75193,12.4,17,77.9,0
25.426238,91.815052,26.1,9,46.3,0
25.43847,91.821559,41.2,16,18.2,0
25.554687,91.877892,49.1,16,95.0,0
25.362853,91.78001,29.7,7,63.0,0
25.535079,91.868061,24.7,14,3.1,0
25.495049,91.8509,35.0,6,115.7,0
25.396463,91.797727,4.1,14,29.9,0
25.298563,91.744868,43.2,13,1.5,0
25.500284,91.853597,15.5,9,53.4,0
25.535507,91.868719,28.8,16,53.3,0
25.512156,91.859001,12.5,10,14.3,0
25.423739,91.813651,30.6,10,45.1,0
25.510678,91.857046,18.8,8,126.7,0
25.518641,91.861357,27.8,8,10.3,0
25.498876,91.853808,12.4,15,26.6,0
25.405175,91.803097,12.8,13,21.6,0
25.463006,91.83486,45.2,13,14.0,0
25.435901,91.820166,21.5,6,21.5,0
25.379078,91.787844,17.8,15,51.9,0
25.359425,91.776569,15.5,14,86.5,0
25.572031,91.889135,19.7,9,24.0,0
25.272988,91.733945,21.0,15,60.9,0
25.272961,91.731167,0.2,23,219.8,1
25.349744,91.772319,33.1,10,23.2,0
25.478493,91.843781,22.5,12,16.9,0
25.378044,91.788364,22.4,9,54.7,0
25.499955,91.853173,6.8,9,83.6,0
25.275205,91.733829,16.2,16,52.1,0
25.432551,91.81863,19.2,12,53.2,0
25.56846,91.888076,9.8,10,80.9,0
25.398787,91.79826,16.0,10,103.7,0
25.32178,91.756484,40.9,14,5.9,0
25.376246,91.787424,98.1,2,60.4,1
25.333209,91.761664,17.0,8,119.7,0
25.282054,91.737828,32.6,15,41.0,0
25.300753,91.746126,43.4,11,29.2,0
25.291464,91.74201,19.3,15,35.6,0
25.310158,91.750574,12.1,10,47.4,0
25.303891,91.746829,18.0,9,42.8,0
25.306248,91.747355,42.7,12,97.1,0
25.492573,91.851869,46.1,15,86.8,0
25.280991,91.736389,31.4,8,56.5,0
25.280954,91.737928,12.8,7,101.4,0
25.349246,91.771254,60.0,14,53.5,0
25.566323,91.885201,15.2,16,69.6,0
25.552148,91.877711,10.2,15,34.1,0
25.437862,91.82098,21.6,9,5.3,0
25.388937,91.793592,14.9,12,25.5,0
25.308332,91.748989,28.7,10,26.4,0
25.439021,91.822419,23.8,13,72.1,0
25.429413,91.818328,5.1,3,300.0,1
25.541569,91.870449,19.6,14,47.7,0
25.434508,91.818777,18.9,10,38.3,0
25.403295,91.802333,10.0,15,48.9,0
25.495863,91.852926,22.3,13,60.0,0
25.351807,91.773482,17.5,9,24.9,0
25.536783,91.868298,35.2,15,43.0,0
25.447462,91.826725,22.8,7,34.7,0
25.286487,91.738884,12.2,15,54.4,0
25.571223,91.88942,21.3,14,49.7,0
25.369539,91.783002,17.0,13,7.4,0
25.273218,91.7337,18.8,12,25.6,0
25.369336,91.783501,27.3,9,52.2,0
25.501243,91.854232,18.8,8,27.4,0
25.302974,91.74636,30.8,16,48.5,0
25.302826,91.747129,12.1,8,36.2,0
25.450139,91.828173,24.0,10,30.9,0
25.321287,91.755804,45.4,10,45.4,0
25.455732,91.830128,39.9,17,81.2,0
25.342749,91.768352,34.5,11,15.3,0
25.374194,91.786376,16.6,11,69.3,0
25.379023,91.788484,23.9,9,13.4,0
25.425887,91.814397,34.5,8,1.5,0
25.449023,91.826936,28.1,10,29.1,0
25.430512,91.815595,44.4,8,131.9,0
25.415283,91.808282,18.0,9,20.3,0
25.504111,91.855089,47.6,13,57.4,0
25.465063,91.835996,25.5,7,14.6,0
25.536804,91.868453,20.9,9,27.8,0
25.368854,91.783735,5.9,17,101.0,0
25.478517,91.844842,25.3,16,118.8,0
25.453801,91.829447,3.7,15,43.1,0
25.496698,91.852677,40.5,14,0.2,0
25.329106,91.760817,3.9,9,19.7,0
25.312156,91.751027,13.8,13,16.6,0
25.367605,91.782955,30.8,14,92.7,0
25.363856,91.779656,5.8,17,25.7,0
25.342413,91.768777,33.5,15,75.0,0
25.485275,91.847781,10.0,8,39.5,0
25.468651,91.837723,16.2,10,40.6,0
25.360423,91.777795,37.7,15,21.2,0
25.539477,91.869842,12.6,12,5.3,0
25.46164,91.834629,18.7,16,37.4,0
25.454475,91.831158,10.2,18,87.1,0
25.502817,91.854884,30.9,16,25.1,0
25.407311,91.803515,3.4,14,53.2,0
25.279226,91.736088,8.2,6,6.5,0
25.388394,91.792902,10.4,12,63.3,0
25.403087,91.801653,16.0,8,6.0,0
25.506226,91.855972,4.9,14,53.5,0
25.543963,91.870764,17.3,14,155.7,0
25.383194,91.784373,10.4,16,612.2,1
25.338884,91.766127,29.1,12,7.8,0
25.292363,91.743466,6.8,9,142.3,0
25.343036,91.767628,23.0,7,70.6,0
25.481902,91.84492,11.5,14,56.6,0
25.371027,91.784134,35.7,14,22.4,0
25.517236,91.86109,25.3,10,20.3,0
25.301999,91.746439,5.5,9,4.0,0
25.526548,91.864234,26.1,13,39.8,0
25.488223,91.84923,21.3,17,21.1,0
25.361482,91.778068,13.3,10,51.9,0
25.36076,91.778447,14.3,15,24.1,0
25.469432,91.838546,58.9,13,2.7,0
25.561833,91.884117,17.7,10,85.9,0
25.275739,91.729865,0.9,0,478.9,1
25.514073,91.860117,34.8,10,50.4,0
25.499305,91.852621,27.6,10,113.8,0
25.377494,91.787478,6.8,14,1.8,0
25.410812,91.805818,34.9,15,18.4,0
25.416956,91.808875,29.2,17,53.0,0
25.389583,91.793485,13.6,16,70.9,0
25.446294,91.826529,60.0,15,78.8,0
25.408251,91.80432,6.7,13,25.7,0
25.309249,91.749408,60.0,8,25.8,0
25.33765,91.766042,40.8,7,66.2,0
25.552141,91.877611,4.5,14,25.0,0
25.422607,91.812967,21.1,13,39.6,0
25.313005,91.751005,15.5,9,64.6,0
25.451698,91.828104,20.4,9,60.0,0
25.476977,91.84274,30.1,15,2.4,0
25.31508,91.75201,22.2,16,79.1,0
25.543697,91.87259,11.7,14,33.5,0
25.571395,91.888071,16.6,11,88.7,0
25.418232,91.809705,32.9,10,41.2,0
25.474515,91.841407,36.1,11,0.9,0
25.570681,91.888274,1.8,9,28.3,0
25.526223,91.864264,30.8,15,23.2,0
25.311518,91.751593,16.5,16,73.0,0
25.558163,91.881901,24.1,10,86.5,0
25.329197,91.760755,20.9,8,8.7,0
25.320686,91.759995,0.8,4,394.9,1
25.364224,91.779716,16.0,12,39.7,0
25.360794,91.77944,30.5,7,118.9,0
25.404158,91.802564,10.1,11,24.7,0
25.520102,91.861608,29.3,11,44.8,0
25.279289,91.736195,10.7,9,1.5,0
25.56617,91.885036,32.1,7,76.5,0
25.360292,91.776669,54.6,14,123.6,0
25.383746,91.790898,27.1,11,7.0,0
25.563956,91.883649,50.7,15,81.1,0
25.407556,91.804429,21.1,14,22.5,0
25.483477,91.84659,53.2,9,20.8,0
25.273225,91.734045,24.9,13,60.3,0
25.297574,91.743825,15.7,10,59.2,0
25.444078,91.823838,18.7,16,63.3,0
25.36318,91.779209,27.2,6,32.7,0
25.398129,91.800047,13.7,14,105.7,0
25.373392,91.784826,40.4,15,38.1,0
25.530806,91.865181,21.8,14,118.0,0
25.408621,91.805265,21.8,13,46.2,0
25.384622,91.791401,20.5,11,5.4,0
25.557991,91.881149,22.2,11,24.8,0
25.428653,91.81679,31.0,8,84.9,0
25.416982,91.810892,16.9,9,141.8,0
25.497565,91.853807,32.2,16,80.7,0
25.431747,91.816998,34.5,13,62.2,0
25.360987,91.77841,10.7,17,8.2,0
25.319451,91.758645,0.6,23,330.3,1
25.485981,91.847611,15.0,10,15.2,0
25.53456,91.867977,22.8,12,15.8,0
25.285005,91.744904,0.1,1,624.5,1
25.321712,91.759549,1.1,3,296.0,1
25.576004,91.890933,7.7,10,81.8,0
25.323009,91.757874,1.6,13,63.0,0
25.447406,91.827427,22.6,13,106.1,0
25.371274,91.783711,18.9,13,32.1,0
25.448303,91.826487,16.4,10,33.9,0
25.359505,91.777766,6.6,10,25.6,0
25.288938,91.741262,55.9,8,75.1,0
25.494076,91.851465,29.5,16,17.1,0
25.39401,91.796729,16.8,15,5.5,0
25.533302,91.867095,38.7,16,23.3,0
25.276366,91.734607,7.7,12,26.2,0
25.569789,91.881286,13.2,16,642.3,1
25.29501,91.74334,15.0,13,8.7,0
25.462038,91.834494,34.7,15,2.7,0
25.384042,91.791139,26.3,8,0.4,0
25.484693,91.847331,17.3,15,27.1,0
25.39419,91.795914,23.6,15,83.6,0
25.38769,91.792483,26.1,14,66.0,0
25.533655,91.868135,38.2,6,69.6,0
25.547368,91.875822,12.9,8,129.8,0
25.361877,91.779132,10.8,15,30.3,0
25.38349,91.790096,45.8,13,71.2,0
25.450125,91.826949,14.1,15,87.4,0
25.321193,91.75595,15.7,9,26.1,0
25.43496,91.820102,4.3,10,66.1,0
25.515559,91.860802,39.0,14,59.8,0
25.315845,91.752987,36.7,10,25.4,0
25.315028,91.753037,12.9,7,23.7,0
25.299739,91.739814,0.2,0,565.3,1
25.489091,91.849711,25.4,13,21.1,0
25.524413,91.863002,7.5,16,78.9,0
25.538572,91.869007,6.8,15,43.6,0
25.33991,91.767281,36.1,15,64.6,0
25.387574,91.793152,6.5,13,5.4,0
25.462668,91.835754,17.3,14,91.3,0
25.547026,91.873433,22.7,13,78.1,0
25.47919,91.84369,36.7,16,29.6,0
25.38533,91.794515,25.9,6,300.0,1
25.306267,91.748709,45.6,14,39.5,0
25.517435,91.860969,36.3,16,0.5,0
25.56452,91.884765,13.2,7,7.3,0
25.342785,91.769532,6.5,10,128.3,0
25.301031,91.745667,10.3,12,30.1,0
25.457489,91.832611,131.7,10,65.5,1
25.544129,91.871905,60.0,15,56.6,0
25.46983,91.837679,13.8,9,108.5,0
25.521688,91.862967,28.4,14,30.1,0
25.495217,91.851926,27.0,11,16.6,0
25.465014,91.836592,32.4,16,46.1,0
25.414347,91.807654,14.8,7,30.8,0
25.520372,91.863272,8.7,13,116.1,0
25.469194,91.838222,16.5,15,21.3,0
25.403063,91.801411,25.2,9,28.3,0
25.445836,91.82479,23.5,15,65.6,0
25.401567,91.8009,16.2,9,2.8,0
25.333065,91.763072,54.1,14,25.1,0
25.472677,91.83983,25.8,15,53.1,0
25.566393,91.885648,40.2,10,31.1,0
25.28502,91.739939,28.7,10,119.8,0
25.522471,91.863511,17.6,16,54.0,0
25.550777,91.876416,20.6,14,10.1,0
25.402254,91.801398,23.4,11,14.2,0
25.529178,91.865904,20.2,7,24.1,0
25.406808,91.803564,24.9,16,21.3,0
25.563611,91.885031,27.2,13,70.5,0
25.377522,91.787561,2.9,11,4.7,0
25.521552,91.863589,7.9,10,100.0,0
25.512165,91.859208,13.2,14,35.4,0
25.332833,91.763533,35.9,9,82.5,0
25.569283,91.887128,46.1,11,56.8,0
25.391304,91.795407,6.4,13,23.2,0
25.479147,91.843027,60.0,9,91.8,0
25.285641,91.738943,32.1,12,9.7,0
25.285947,91.737783,24.5,10,141.4,0
25.551061,91.876613,22.8,10,7.8,0
25.344317,91.769183,31.2,14,11.5,0
25.317331,91.754263,60.0,16,18.5,0
25.548429,91.874342,6.8,11,72.3,0
25.532261,91.865947,48.3,16,98.9,0
25.576496,91.892101,12.8,16,1.1,0
25.532044,91.866183,30.9,12,65.6,0
25.320645,91.755631,15.9,14,27.5,0
25.47813,91.842654,35.6,7,73.1,0
25.41426,91.808131,50.3,9,20.3,0
25.307024,91.747735,44.9,17,94.0,0
25.341113,91.767562,38.8,15,27.0,0
25.445154,91.82531,12.7,11,21.9,0
25.292168,91.742807,50.5,12,84.3,0
25.334704,91.763141,18.8,9,56.8,0
25.319872,91.762733,0.7,2,705.4,1
25.402474,91.800579,84.8,1,77.4,1
25.281433,91.73656,5.2,9,59.4,0
25.372784,91.786411,17.2,16,149.0,0
25.507846,91.857378,8.6,15,24.8,0
25.3014,91.745455,19.9,16,68.5,0
25.577856,91.892183,21.2,7,69.5,0
25.466565,91.837041,11.6,10,5.8,0
25.506727,91.856641,9.2,16,5.2,0
25.371923,91.783927,10.0,17,46.2,0
25.291238,91.740444,24.4,14,112.9,0
25.293989,91.741493,14.6,13,132.2,0
25.350294,91.771701,16.4,16,66.6,0
25.324644,91.757868,19.2,15,26.1,0
25.436983,91.820418,18.6,15,12.4,0
25.414987,91.808485,23.8,13,15.5,0
25.531341,91.866002,21.9,10,55.3,0
25.439334,91.822882,15.3,8,100.2,0
25.275113,91.735476,27.5,11,119.3,0
25.495311,91.852005,33.4,7,12.3,0
25.474864,91.840613,8.9,13,95.2,0
25.551736,91.877364,9.7,10,24.9,0
25.536467,91.86807,14.7,10,53.4,0
25.495036,91.851431,38.4,13,60.3,0
25.555171,91.879811,33.1,14,59.9,0
25.495036,91.851629,27.1,9,39.8,0
25.289946,91.740665,20.2,10,31.5,0
25.536813,91.867993,36.6,15,75.6,0
25.401735,91.800739,9.7,8,21.9,0
25.319036,91.755478,42.4,17,44.5,0
25.524041,91.862957,7.7,16,68.2,0
25.298472,91.745157,12.2,14,35.0,0
25.273902,91.734271,4.1,11,52.3,0
25.295107,91.742729,16.4,6,57.8,0
25.277699,91.734959,14.7,11,51.3,0
25.271939,91.732346,12.3,9,53.4,0
25.443886,91.824721,8.4,15,33.1,0
25.515253,91.860072,31.9,11,3.1,0
25.413228,91.807577,26.9,10,22.1,0
25.545198,91.872898,8.1,12,23.7,0
25.463633,91.834874,91.5,5,46.4,1
25.36667,91.781574,17.2,10,8.8,0
25.341628,91.768091,12.3,9,50.6,0
25.49339,91.851796,30.0,16,45.5,0
25.340731,91.766964,33.4,16,10.6,0
25.376874,91.786105,19.7,17,102.0,0
25.50433,91.85651,26.9,16,80.4,0
25.492892,91.851409,45.2,16,26.1,0
25.383926,91.79134,39.4,15,26.3,0
25.362152,91.779952,25.6,18,95.2,0
25.559941,91.882245,13.6,9,16.7,0
25.419238,91.810236,7.3,16,44.0,0
25.477353,91.842058,11.7,8,89.1,0
25.351241,91.773888,5.6,16,95.0,0
25.439054,91.821285,17.5,15,40.0,0
25.445778,91.824946,4.6,9,47.3,0
25.508099,91.856781,13.0,9,47.4,0
25.303331,91.746291,6.2,14,71.8,0
25.455281,91.830211,60.0,10,48.7,0
25.349849,91.773081,9.4,12,91.7,0
25.299549,91.745316,20.0,15,1.9,0
25.297336,91.744724,12.1,16,42.9,0
25.373639,91.786083,37.5,14,70.9,0
25.506671,91.856763,16.2,11,9.7,0
25.553323,91.878356,14.4,8,27.9,0
25.416576,91.810055,106.0,15,82.3,1
25.464283,91.835798,24.1,12,8.4,0
25.330298,91.760121,18.9,14,112.5,0
25.479944,91.844698,14.6,10,27.7,0
25.423782,91.813339,8.1,8,12.3,0
25.487164,91.857595,12.5,19,902.3,1
25.330309,91.761047,3.5,12,22.9,0
25.531606,91.867109,13.5,18,48.3,0
25.377212,91.788124,29.4,16,76.3,0
25.444465,91.825246,26.1,11,52.8,0
25.381333,91.789717,41.9,16,8.5,0
25.284534,91.744861,1.3,1,641.7,1
25.530822,91.867188,9.9,8,88.8,0
25.502281,91.85538,18.7,9,48.4,0
25.487797,91.847817,8.1,16,93.4,0
25.354452,91.774242,7.1,10,44.1,0
25.481356,91.846451,11.1,13,121.9,0
25.279336,91.736084,14.8,8,11.9,0
25.380804,91.790004,29.7,18,65.1,0
25.277649,91.735474,7.3,9,3.3,0
25.464897,91.836164,18.0,8,10.7,0
25.356359,91.775774,29.0,15,1.8,0
25.464941,91.835631,33.9,10,43.5,0
25.364418,91.780871,32.7,7,62.1,0
25.483004,91.84629,47.4,17,17.2,0
25.460394,91.833468,16.7,8,8.1,0
25.481269,91.845355,18.0,9,20.0,0
25.544012,91.871559,33.2,10,82.8,0
25.483881,91.846108,44.4,10,48.0,0
25.495449,91.851781,19.1,13,41.2,0
25.387574,91.793211,20.4,11,11.1,0
25.57824,91.893307,15.3,12,43.4,0
25.570542,91.888195,24.9,12,27.7,0
25.376809,91.78703,19.2,14,8.4,0
25.49737,91.852877,35.2,16,7.3,0
25.508493,91.857598,20.9,15,20.8,0
25.544238,91.872072,7.6,8,47.0,0
25.333019,91.762237,14.2,11,53.6,0
25.505696,91.857103,13.2,17,85.2,0
25.447188,91.826047,17.3,13,16.4,0
25.397605,91.798138,12.8,9,51.7,0
25.557721,91.87976,23.9,12,92.0,0
25.294214,91.742485,18.0,15,41.8,0
25.375495,91.786908,35.0,13,50.8,0
25.497895,91.85313,24.0,8,2.8,0
25.423514,91.813028,33.6,9,3.5,0
25.410557,91.805692,21.3,11,16.8,0
25.390235,91.795388,60.0,14,79.2,0
25.487258,91.847655,34.3,9,80.0,0
25.413534,91.807076,35.9,16,43.1,0
25.450829,91.828805,21.8,11,55.2,0
25.539299,91.869508,30.6,9,21.8,0
25.297042,91.743753,27.3,9,42.2,0
25.440531,91.823166,33.3,13,63.2,0
25.394154,91.79718,30.3,10,41.6,0
25.477252,91.841999,35.8,14,89.4,0
25.514356,91.859687,59.1,6,5.7,0
25.520238,91.862228,8.6,9,13.8,0
25.411778,91.806161,21.5,16,37.2,0
25.461699,91.835013,41.6,16,71.6,0
25.393548,91.796185,22.6,12,22.4,0
25.556065,91.880427,33.5,14,67.0,0
25.403396,91.802667,15.2,7,75.9,0
25.300069,91.737886,1.1,4,776.1,1
25.500042,91.85429,44.4,17,28.2,0
25.309712,91.732754,22.9,10,1737.6,1
25.577675,91.892836,49.6,11,3.1,0
25.33283,91.762552,6.4,9,12.8,0
25.288669,91.739364,11.1,14,105.2,0
25.482153,91.845283,11.2,15,34.8,0
25.434884,91.820062,59.5,16,66.3,0
25.481102,91.845563,12.3,13,49.3,0
25.444748,91.824036,40.8,13,80.2,0
25.395723,91.798458,37.3,9,81.2,0
25.346109,91.770188,24.9,9,12.4,0
25.376745,91.787696,21.1,9,59.9,0
25.54622,91.873491,18.8,14,26.0,0
25.421014,91.812263,8.6,14,57.2,0
25.367631,91.782311,18.6,15,28.6,0
25.508556,91.857669,19.4,15,25.5,0
25.563973,91.885868,34.2,12,129.3,0
25.495408,91.852079,35.5,7,8.7,0
25.433199,91.818448,32.3,8,0.4,0
25.32712,91.759193,34.8,9,30.9,0
25.388022,91.793636,21.4,9,28.3,0
25.548858,91.876127,22.8,15,72.9,0
25.356224,91.776572,23.3,10,86.8,0
25.401483,91.800516,17.3,14,30.0,0
25.288521,91.741386,21.9,11,106.7,0
25.312111,91.749746,20.2,14,138.9,0
25.566498,91.887322,12.3,11,122.3,0
25.466025,91.836905,13.2,16,21.8,0
25.330803,91.761381,57.3,13,17.1,0
25.540382,91.870441,4.1,8,20.0,0
25.391043,91.79442,40.3,15,58.7,0
25.352674,91.773666,10.5,14,4.0,0
25.313666,91.752256,14.6,14,21.3,0
25.403756,91.801845,22.2,11,23.6,0
25.476764,91.842501,28.3,10,14.2,0
25.361527,91.778793,26.3,11,16.2,0
25.452955,91.828419,17.4,14,97.4,0
25.480921,91.843849,18.7,15,107.7,0
25.323195,91.757026,4.2,15,29.6,0
25.577423,91.89275,10.0,14,9.4,0
25.555269,91.879875,33.7,14,60.3,0
25.290092,91.739869,6.6,14,119.0,0
25.42937,91.816982,22.8,8,64.7,0
25.334294,91.763947,17.8,9,43.8,0
25.381708,91.789073,27.8,14,74.4,0
25.540705,91.869844,12.4,15,55.5,0
25.273817,91.729756,1.3,4,402.2,1
25.48326,91.845977,28.4,17,27.1,0
25.335825,91.763509,13.7,9,81.6,0
25.57454,91.890613,10.4,18,27.9,0
25.436163,91.819908,30.5,18,17.8,0
25.449372,91.827726,21.2,8,28.9,0
25.511722,91.858561,10.6,14,13.2,0
25.553227,91.878228,21.3,10,21.2,0
25.442711,91.823722,27.3,7,0.6,0
25.549792,91.877048,12.6,9,106.8,0
25.346505,91.770253,47.4,14,2.7,0
25.520646,91.862426,13.5,16,17.3,0
25.427179,91.814937,40.4,16,15.8,0
25.320918,91.756143,27.1,9,7.5,0
25.324629,91.757663,22.3,15,45.2,0
25.340961,91.767751,29.1,12,53.6,0
25.286893,91.739646,15.8,15,4.4,0
25.507694,91.857443,4.8,15,37.8,0
25.276459,91.729873,1.0,0,510.9,1
25.522643,91.863883,20.2,11,85.3,0
25.548009,91.874999,6.3,9,14.5,0
25.279797,91.736623,42.7,13,21.7,0
25.435674,91.819289,25.8,16,51.6,0
25.499732,91.853998,30.3,10,10.9,0
25.452939,91.82934,8.5,9,6.9,0
25.371317,91.784031,14.0,10,3.3,0
25.42274,91.813367,20.6,12,71.4,0
25.514205,91.859833,4.0,9,15.6,0
25.350251,91.772446,20.9,10,8.2,0
25.348709,91.772171,4.7,17,64.9,0
25.571464,91.889105,52.1,10,5.8,0
25.492111,91.850305,7.0,14,55.7,0
25.293743,91.743034,4.1,10,35.5,0
25.297014,91.743683,21.5,15,48.0,0
25.554097,91.879043,32.7,10,48.7,0
25.467676,91.837758,12.4,11,15.6,0
25.326714,91.758777,28.7,13,49.5,0
25.54411,91.872354,47.6,15,12.7,0
25.358537,91.777281,12.3,9,30.7,0
25.499165,91.853614,43.0,9,5.4,0
25.570652,91.888482,21.7,15,6.7,0
25.345352,91.769065,12.9,7,56.0,0
25.392982,91.796272,25.6,18,16.7,0
25.335986,91.764738,14.8,10,29.4,0
25.562607,91.884279,10.2,8,56.7,0
25.353345,91.773555,12.4,12,51.1,0
25.466405,91.83702,33.0,13,12.4,0
25.498063,91.853119,34.1,8,10.9,0
25.451667,91.828183,24.6,12,50.7,0
25.477714,91.84318,25.7,17,0.6,0
25.378673,91.787345,21.6,16,78.5,0
25.41834,91.809394,19.0,7,77.4,0
25.544918,91.872444,24.2,16,50.7,0
25.409102,91.805497,33.4,8,42.9,0
25.457042,91.832477,15.5,10,76.6,0
25.410761,91.804926,8.7,14,102.4,0
25.502112,91.854708,22.6,9,14.1,0
25.506145,91.856436,34.7,9,2.2,0
25.448486,91.82616,12.8,10,75.6,0
25.440066,91.823267,37.7,9,98.0,0
25.548897,91.875515,8.7,12,12.4,0
25.497976,91.852963,25.7,17,23.5,0
25.390567,91.794854,17.4,7,9.2,0
25.570464,91.888842,13.7,8,38.4,0
25.45756,91.832403,21.5,9,41.4,0
25.404149,91.802394,18.8,14,8.6,0
25.499717,91.853493,8.9,14,40.7,0
25.305103,91.748347,30.7,8,55.9,0
25.439265,91.822254,19.3,10,42.8,0
25.408119,91.805169,10.5,13,64.1,0
25.535956,91.867239,17.4,17,118.1,0
25.514249,91.860719,20.9,15,105.4,0
25.316454,91.753612,11.6,14,2.5,0
25.41693,91.809593,50.2,15,18.2,0
25.385376,91.792186,27.9,7,30.2,0
25.446724,91.826437,8.8,15,46.6,0
25.474639,91.840898,20.0,17,55.3,0
25.50938,91.85805,14.8,15,30.8,0
25.491954,91.85123,13.1,9,46.3,0
25.347768,91.771207,50.8,16,21.8,0
25.459541,91.834639,26.8,16,151.9,0
25.440314,91.822718,56.1,9,31.3,0
25.568205,91.887292,32.4,10,21.0,0
25.444628,91.824947,12.6,8,14.9,0
25.378442,91.788403,7.3,9,37.0,0
25.404225,91.802254,11.9,9,9.1,0
25.445289,91.825659,17.3,9,48.5,0
25.399404,91.799667,20.2,12,0.2,0
25.341946,91.769291,14.2,14,150.2,0
25.49684,91.852682,15.1,11,5.6,0
25.36185,91.77851,25.3,11,28.7,0
25.49822,91.8538,41.3,8,52.9,0
25.36061,91.778522,9.1,8,39.4,0
25.509791,91.858058,18.7,8,14.6,0
25.370039,91.783173,20.5,15,17.7,0
25.364707,91.780252,29.6,13,13.7,0
25.42667,91.815974,14.9,9,112.6,0
25.556515,91.880358,28.7,6,34.5,0
25.342779,91.76845,38.8,11,23.3,0
25.478146,91.842002,40.2,16,137.5,0
25.519201,91.861696,39.7,7,1.6,0
25.338058,91.765841,8.5,12,24.7,0
25.385803,91.791833,24.2,10,27.2,0
25.480867,91.862237,7.5,6,1684.6,1
25.48785,91.848914,12.3,15,10.6,0
25.41803,91.809967,12.7,8,4.8,0
25.340215,91.767151,20.9,17,35.5,0
25.548457,91.873883,14.7,15,117.7,0
25.341502,91.76856,16.2,17,103.1,0
25.496536,91.85208,41.3,11,55.2,0
25.512474,91.859138,14.7,14,15.3,0
25.439654,91.821645,4.2,17,37.5,0
25.381521,91.789791,11.7,11,5.5,0
25.374061,91.784345,19.8,14,121.0,0
25.398164,91.79936,10.9,14,37.0,0
25.332612,91.762744,13.4,15,17.7,0
25.323481,91.75771,31.5,9,21.5,0
25.447286,91.827063,28.0,18,77.2,0
25.573833,91.890443,15.8,6,3.3,0
25.425458,91.813538,41.1,10,58.9,0
25.331374,91.761379,11.1,15,48.3,0
25.467423,91.85203,10.7,13,1418.0,1
25.540321,91.870142,13.9,13,5.0,0
25.512561,91.858272,19.0,12,77.8,0
25.461823,91.833236,15.8,16,108.1,0
25.305098,91.747817,38.1,9,2.3,0
25.370467,91.784578,38.0,10,95.8,0
25.429074,91.816114,33.0,11,3.7,0
25.308428,91.749965,19.8,9,68.2,0
25.327908,91.759146,13.6,9,78.1,0
25.270163,91.73215,17.2,15,7.8,0
25.438337,91.821825,18.7,14,51.2,0
25.449535,91.827622,26.5,10,10.0,0
25.283307,91.736774,9.2,10,123.3,0
25.342736,91.769003,57.7,13,79.4,0
25.308382,91.748863,18.9,14,41.5,0
25.485454,91.847538,4.1,7,6.1,0
25.409323,91.805314,16.0,14,13.1,0
25.320321,91.75654,14.5,9,78.5,0
25.356344,91.776063,5.4,14,30.8,0
25.511107,91.858415,20.8,9,2.8,0
25.293019,91.741875,128.9,11,49.1,1
25.503838,91.855885,36.2,11,36.1,0
25.328424,91.759614,23.7,14,60.5,0
25.502838,91.855443,29.9,13,31.8,0
25.322294,91.757634,14.6,16,78.2,0
25.299476,91.745695,29.4,10,43.7,0
25.29631,91.743804,33.6,11,3.6,0
25.397828,91.796852,48.1,13,188.9,0
25.438828,91.820733,13.8,15,81.6,0
25.525966,91.864191,16.2,10,20.3,0
25.375669,91.786188,37.8,9,28.7,0
25.377608,91.78677,25.3,8,76.9,0
25.285916,91.739808,30.6,8,65.6,0
25.369993,91.782817,16.6,14,49.9,0
25.279568,91.73596,27.6,13,35.1,0
25.516526,91.861268,8.6,9,67.9,0
25.348411,91.771542,13.1,14,19.7,0
25.302086,91.745975,8.5,12,47.1,0
25.57695,91.892649,23.4,8,27.1,0
25.513301,91.856064,17.3,18,336.6,1
25.300713,91.738519,0.2,2,741.3,1
25.31764,91.75988,1.8,0,548.4,1
25.485023,91.84778,15.5,10,53.0,0
25.513511,91.859067,24.2,9,34.9,0
25.327248,91.76127,19.5,11,164.3,0
25.515775,91.860792,10.6,16,49.8,0
25.280671,91.737715,59.8,14,92.6,0
25.343581,91.768699,41.3,11,4.1,0
25.549463,91.876344,24.1,12,58.7,0
25.575278,91.891395,29.1,12,4.1,0
25.548311,91.876442,21.2,14,134.4,0
25.539146,91.869379,14.7,18,28.8,0
25.535324,91.868075,15.1,11,5.7,0
25.477184,91.842544,20.0,14,32.7,0
25.279233,91.73556,16.2,10,60.4,0
25.405218,91.801024,15.6,12,300.0,1
25.464712,91.835537,6.1,13,40.3,0
25.433512,91.818739,16.4,9,11.8,0
25.357203,91.776332,13.7,13,10.5,0
25.304929,91.74776,13.2,15,4.2,0
25.553487,91.878017,14.3,15,13.9,0
25.32768,91.759323,18.8,13,48.6,0
25.570774,91.888649,13.1,14,2.2,0
25.575001,91.892406,39.7,14,116.4,0
25.529243,91.865463,22.0,12,24.2,0
25.575455,91.88367,22.8,5,741.8,1
25.542313,91.872072,38.9,12,64.0,0
25.357591,91.776702,16.0,13,25.6,0
25.526617,91.864562,31.7,9,8.8,0
25.290657,91.740068,14.7,15,124.6,0
25.560076,91.882774,50.1,10,59.3,0
25.423086,91.812499,47.7,9,31.8,0
25.548399,91.874239,17.6,12,80.5,0
25.490207,91.849515,28.3,14,58.4,0
25.338637,91.766511,42.6,16,58.5,0
25.470266,91.839489,14.0,13,44.0,0
25.517756,91.861555,13.2,10,46.8,0
25.351274,91.77231,42.6,15,60.3,0
25.318573,91.753481,44.1,11,124.8,0
25.465864,91.836255,5.5,12,32.6,0
25.411346,91.805983,49.0,15,31.2,0
25.480737,91.844685,19.0,9,16.4,0
25.283375,91.738856,15.4,11,85.0,0
25.451764,91.829961,19.8,10,117.0,0
25.334794,91.763108,9.7,15,64.8,0
25.55982,91.882839,11.0,8,80.2,0
25.395326,91.79808,9.5,8,65.8,0
25.293313,91.74252,21.2,11,3.0,0
25.538956,91.869034,30.3,15,56.7,0
25.461104,91.835025,23.6,17,105.0,0
25.331678,91.762234,18.5,9,18.6,0
25.413313,91.807266,20.1,13,12.7,0
25.37608,91.786126,20.6,11,56.9,0
25.318097,91.758555,0.2,3,394.8,1
25.546372,91.873784,17.1,12,6.9,0
25.47859,91.842624,19.9,9,100.9,0
25.354427,91.775467,25.9,13,76.4,0
25.453188,91.829963,14.1,10,40.3,0
25.476644,91.842152,19.5,10,41.7,0
25.279798,91.736335,35.3,15,7.6,0
25.428179,91.815,11.2,10,63.8,0
25.291688,91.741575,23.2,17,18.8,0
25.360658,91.777937,17.2,16,20.1,0
25.395198,91.797885,15.6,12,53.8,0
25.570982,91.888644,34.3,12,10.3,0
25.395532,91.797613,12.7,13,9.3,0
25.420238,91.811592,3.9,15,34.0,0
25.389488,91.793135,29.8,11,99.7,0
25.32314,91.757843,25.4,8,52.9,0
25.394712,91.796877,14.6,9,18.0,0
25.312179,91.751939,7.5,10,70.9,0
25.551714,91.877618,13.4,16,50.3,0
25.382005,91.789658,20.0,10,33.6,0
25.449804,91.827756,45.3,15,8.5,0
25.558155,91.880823,60.0,17,15.8,0
25.307671,91.748366,10.2,16,59.5,0
25.483832,91.847491,12.1,12,89.3,0
25.55584,91.879178,14.9,17,38.9,0
25.579216,91.893489,39.4,9,145.9,0
25.32938,91.760794,22.6,6,2.6,0
25.315692,91.753017,28.5,14,14.1,0
25.366552,91.782252,9.5,11,81.1,0
25.320574,91.756371,8.3,13,48.3,0
25.294646,91.743485,43.3,13,40.0,0
25.364062,91.77987,24.9,13,16.0,0
25.270485,91.732011,19.5,13,21.0,0
25.485747,91.847626,50.5,9,1.1,0
25.461915,91.834795,34.2,15,38.7,0
25.561926,91.883243,21.6,9,2.7,0
25.284272,91.73833,45.4,10,9.3,0
25.454659,91.829853,5.7,9,49.9,0
25.432285,91.818711,6.1,12,75.4,0
25.51632,91.861119,10.8,10,61.1,0
25.320163,91.756256,21.9,9,59.3,0
25.539019,91.869578,11.9,10,3.1,0
25.301333,91.745767,6.7,11,33.8,0
25.381445,91.790842,27.5,12,111.9,0
25.549946,91.877244,14.3,10,116.6,0
25.288458,91.74077,45.3,10,47.1,0
25.274094,91.733314,26.0,6,53.6,0
25.270177,91.732606,13.8,14,53.4,0
25.483903,91.846903,24.4,8,28.2,0
25.423996,91.814234,13.5,8,87.8,0
25.327275,91.745139,8.7,17,1406.9,1
25.363026,91.778795,86.3,4,64.7,1
25.539547,91.870102,24.5,15,29.3,0
25.547196,91.874436,12.1,11,7.7,0
25.380742,91.790054,17.5,7,73.3,0
25.544341,91.872037,8.7,15,56.2,0
25.553186,91.878294,48.7,13,29.9,0
25.365944,91.780424,34.1,11,63.8,0
25.345968,91.77042,16.5,14,42.6,0
25.379696,91.789412,22.8,17,67.4,0
25.439632,91.821767,18.7,12,24.4,0
25.44136,91.822465,42.2,8,49.9,0
25.281339,91.73623,9.9,9,88.5,0
25.526963,91.864459,16.7,17,33.7,0
25.3629,91.779021,19.2,15,35.8,0
25.417608,91.810952,60.0,17,113.8,0
25.533426,91.867854,54.9,9,50.0,0
25.525949,91.863916,17.4,13,47.9,0
25.543526,91.872063,14.4,10,6.8,0
25.543358,91.871618,20.1,17,39.4,0
25.389699,91.794638,10.4,6,35.1,0
25.446501,91.825937,10.6,17,10.0,0
25.454109,91.830131,10.4,10,6.8,0
25.316005,91.753774,17.0,10,42.6,0
25.438779,91.822152,3.3,8,59.2,0
25.286271,91.745803,0.3,3,658.0,1
25.519251,91.861029,19.1,13,69.4,0
25.37515,91.786493,22.1,10,29.1,0
25.422863,91.812279,17.5,11,41.1,0
25.568142,91.886489,57.8,9,51.8,0
25.462788,91.834511,8.1,10,36.1,0
25.3264,91.758743,18.5,10,35.9,0
25.5042,91.854878,39.2,14,82.9,0
25.313352,91.751233,9.7,15,61.2,0
25.467187,91.837139,16.0,10,18.2,0
25.543047,91.872173,5.7,8,31.3,0
25.425787,91.814642,40.2,14,30.7,0
25.394318,91.798208,14.6,8,132.8,0
25.313374,91.752039,24.9,15,16.0,0
25.559149,91.881121,9.1,10,44.7,0
25.457732,91.831997,5.2,9,7.4,0
25.340734,91.766546,9.8,15,51.4,0
25.35087,91.772573,30.7,14,12.8,0
25.4119,91.806006,20.2,9,58.9,0
25.33687,91.765117,17.6,15,18.4,0
25.465824,91.836702,26.5,15,12.9,0
25.549204,91.874982,28.8,8,56.1,0
25.372463,91.784673,49.9,16,2.8,0
25.567927,91.887288,28.6,10,36.7,0
25.555287,91.879044,26.7,12,19.9,0
25.314974,91.75337,39.4,14,59.1,0
25.429466,91.816548,13.1,17,17.4,0
25.54842,91.875744,21.5,15,61.7,0
25.474046,91.840568,16.8,13,55.4,0
25.454339,91.831875,2.9,23,300.0,1
25.557456,91.880525,21.2,7,3.9,0
25.427821,91.816166,21.0,16,69.1,0
25.34752,91.770511,9.0,10,32.4,0
25.348665,91.772487,7.6,14,97.9,0
25.413323,91.806632,29.2,9,74.9,0
25.359592,91.777047,16.2,9,49.0,0
25.422497,91.81249,18.9,15,0.8,0
25.369055,91.784103,45.2,13,126.0,0
25.327461,91.759874,15.6,17,16.8,0
25.502439,91.855748,40.5,10,79.8,0
25.543621,91.871788,5.7,9,38.5,0
25.363735,91.780124,50.7,10,26.4,0
25.516131,91.859954,23.7,7,51.5,0
25.494389,91.851818,29.7,10,6.5,0
25.425973,91.814786,19.4,9,34.7,0
25.554561,91.877849,12.6,9,91.8,0
25.43183,91.817747,3.3,14,6.2,0
25.47048,91.839727,34.6,16,55.6,0
25.436098,91.819708,7.2,18,33.7,0
25.530456,91.866248,40.3,16,6.8,0
25.530492,91.866503,2.6,9,31.6,0
25.272128,91.732678,20.4,16,28.3,0
25.415463,91.809112,17.5,9,50.7,0
25.406569,91.8038,49.6,12,14.6,0
25.320823,91.756679,35.8,10,64.9,0
25.431028,91.818043,27.5,9,78.3,0
25.431585,91.817506,7.9,16,4.0,0
25.456785,91.830896,20.9,11,63.4,0
25.475102,91.840513,30.4,9,117.8,0
25.319352,91.75843,0.4,4,314.8,1
25.350435,91.772922,24.5,14,44.5,0
25.403676,91.801825,26.2,15,21.1,0
25.30826,91.748934,30.6,16,28.7,0
25.577333,91.892242,15.5,17,33.8,0
25.357639,91.776637,31.1,9,16.7,0
25.453325,91.829656,6.1,15,3.0,0
25.276467,91.734338,30.5,16,58.1,0
25.39936,91.79939,29.0,11,24.8,0
25.570475,91.888383,25.7,14,6.0,0
25.284816,91.739173,15.4,14,51.3,0
25.511064,91.858575,12.5,10,15.4,0
25.431111,91.81642,18.1,12,84.0,0
25.374288,91.785299,16.9,8,40.6,0
25.386412,91.792682,18.2,9,22.5,0
25.43344,91.818822,24.3,14,23.8,0
25.433247,91.819243,4.4,16,75.1,0
25.539899,91.869936,11.8,14,2.4,0
25.4329,91.818688,24.3,13,39.9,0
25.520196,91.862166,41.8,11,9.1,0
25.504217,91.856146,45.0,11,47.4,0
25.321074,91.756441,26.9,9,28.1,0
25.29547,91.742475,3.9,15,100.2,0
25.295234,91.743874,37.1,16,52.6,0
25.407506,91.804043,7.5,9,12.4,0
25.380241,91.788229,42.6,13,77.2,0
25.272293,91.732511,19.7,10,52.9,0
25.520965,91.86259,30.4,11,21.1,0
25.434882,91.818741,17.6,11,62.1,0
25.47702,91.842786,8.1,16,0.3,0
25.484735,91.846825,18.8,13,24.4,0
25.517628,91.860814,21.4,10,24.6,0
25.489907,91.850254,34.1,16,30.0,0
25.334784,91.763294,33.9,10,46.2,0
25.279344,91.7374,34.7,14,121.3,0
25.289647,91.74199,21.0,13,116.6,0
25.482851,91.845705,60.0,7,31.5,0
25.38741,91.791875,14.4,11,110.0,0
25.368918,91.782483,14.5,14,24.2,0
25.285894,91.739492,2.5,13,34.5,0
25.474801,91.841722,13.4,8,16.2,0
25.463206,91.83559,56.1,11,46.3,0
25.469261,91.837641,4.5,10,81.5,0
25.318698,91.759003,0.2,1,405.8,1
25.40287,91.802066,33.4,8,45.9,0
25.27376,91.733134,60.0,14,56.6,0
25.495291,91.851725,5.5,10,40.4,0
25.315511,91.753011,38.7,11,4.9,0
25.474246,91.840491,10.5,9,73.7,0
25.281838,91.737157,9.7,11,17.3,0
25.300658,91.745766,10.9,15,3.0,0
25.37718,91.787189,49.6,15,13.0,0
25.450842,91.827789,4.1,14,44.4,0
25.575561,91.891997,28.7,8,45.1,0
25.353007,91.774405,21.7,11,49.9,0
25.330389,91.761536,112.9,18,20.3,1
25.281599,91.737492,25.3,9,27.6,0
25.389004,91.779373,22.4,0,1412.8,1
25.541476,91.870843,8.4,8,4.7,0
25.370683,91.784052,25.5,14,33.0,0
25.466294,91.836935,13.1,10,10.2,0
25.317963,91.754748,13.8,14,31.6,0
25.33698,91.765922,31.3,11,90.8,0
25.273896,91.734022,21.4,14,27.3,0
25.370256,91.783813,12.9,15,32.8,0
25.512588,91.855923,21.7,5,321.7,1
25.447859,91.826823,18.1,15,22.8,0
25.562911,91.882882,24.7,17,93.8,0
25.319781,91.754961,27.1,12,46.0,0
25.549078,91.875846,25.7,13,33.5,0
25.573542,91.890238,17.0,14,6.1,0
25.400391,91.799761,27.5,15,44.4,0
25.530894,91.866692,18.1,14,34.6,0
25.392883,91.796172,40.8,14,12.3,0
25.338191,91.766385,34.7,12,70.4,0
25.501913,91.854986,8.2,16,22.9,0
25.422125,91.812575,8.8,11,27.6,0
25.448124,91.825757,57.7,15,95.3,0
25.42875,91.815662,35.9,16,30.2,0
25.456967,91.832473,23.2,15,80.2,0
25.476042,91.842097,109.5,17,14.5,1
25.566599,91.885162,14.3,12,89.3,0
25.290704,91.741261,40.7,14,5.7,0
25.444052,91.824508,47.0,9,3.4,0
25.374017,91.785109,23.7,6,44.4,0
25.475251,91.841778,19.6,12,2.7,0
25.373342,91.785347,24.7,14,15.3,0
25.57772,91.891983,16.0,14,80.7,0
25.4211,91.812464,14.1,18,72.2,0
25.384453,91.791691,18.2,11,31.9,0
25.350576,91.772039,37.1,10,49.0,0
25.346392,91.769492,43.3,7,70.6,0
25.335029,91.763486,20.7,12,40.7,0
25.543839,91.872447,37.9,12,11.7,0
25.503364,91.856353,23.1,11,104.1,0
25.566468,91.886101,15.1,14,7.7,0
25.445964,91.826315,12.1,12,75.8,0
25.475038,91.842073,13.9,10,37.4,0
25.341707,91.76786,14.2,9,23.8,0
25.447981,91.826073,44.7,8,56.7,0
25.278623,91.736317,9.2,14,44.3,0
25.412429,91.805925,18.9,10,95.3,0
25.534945,91.867365,32.4,14,63.4,0
25.295367,91.744037,10.7,10,63.1,0
25.492564,91.850565,5.0,16,47.6,0
25.577223,91.892169,12.5,10,34.4,0
25.524657,91.863393,31.4,14,48.6,0
25.394946,91.797432,31.8,8,23.3,0
25.352719,91.772774,26.2,13,93.2,0
25.501602,91.854719,27.4,16,8.1,0
25.359472,91.776832,60.0,9,63.5,0
25.315574,91.752204,42.7,11,86.9,0
25.382611,91.791493,21.9,15,112.2,0
25.506999,91.857251,21.3,11,46.7,0
25.575772,91.891565,27.7,13,8.2,0
25.471436,91.840613,24.4,12,90.1,0
25.390432,91.795875,12.5,10,115.9,0
25.507667,91.857207,35.3,10,14.4,0
25.275754,91.733976,26.1,11,62.3,0
25.339098,91.765408,8.9,11,73.7,0
25.527535,91.864286,45.5,15,75.2,0
25.423864,91.812971,38.2,11,27.9,0
25.578168,91.893227,12.3,7,31.4,0
25.47654,91.843373,10.1,16,82.7,0
25.363845,91.780607,11.7,9,67.4,0
25.4877,91.85256,28.5,10,373.5,1
25.340958,91.767573,48.6,9,36.4,0
25.558976,91.882131,30.7,15,61.5,0
25.533696,91.867106,9.3,12,38.5,0
25.430519,91.817053,13.2,9,9.6,0
25.395667,91.798077,3.1,17,47.1,0
25.433657,91.818296,25.9,14,39.1,0
25.501141,91.854559,4.9,13,10.6,0
25.330995,91.762003,11.5,16,33.0,0
25.450418,91.827028,10.2,10,95.6,0
25.426689,91.814899,8.7,9,7.0,0
25.548735,91.875937,10.8,7,61.9,0
25.502249,91.8553,25.8,18,41.4,0
25.497705,91.853056,7.8,10,2.7,0
25.517066,91.861465,93.9,4,66.1,1
25.53214,91.867288,25.8,11,44.7,0
25.417633,91.809737,23.9,8,5.8,0
25.576195,91.892554,37.7,17,61.5,0
25.576902,91.892813,8.9,11,45.5,0
25.5268,91.864068,17.4,8,67.3,0
25.515503,91.860014,21.0,16,19.3,0
25.571971,91.888376,8.5,10,92.8,0
25.48342,91.846758,17.7,16,40.2,0
25.472087,91.840037,21.8,7,1.0,0
25.519691,91.861239,43.3,16,65.8,0
25.391736,91.794777,43.0,15,61.4,0
25.377734,91.788822,49.5,8,116.0,0
25.334899,91.764493,35.0,15,64.3,0
25.533348,91.86726,54.6,16,8.1,0
25.545905,91.874351,48.3,16,74.0,0
25.294077,91.743187,24.9,11,35.7,0
25.276798,91.735163,11.5,14,10.6,0
25.371183,91.78374,49.9,15,24.4,0
25.443487,91.824446,21.5,14,27.9,0
25.382382,91.78988,29.1,15,32.3,0
25.401341,91.801099,23.9,8,34.4,0
25.476452,91.842471,5.4,10,0.2,0
25.439921,91.821401,19.3,13,75.6,0
25.343748,91.7678,42.0,13,92.3,0
25.441774,91.823461,39.8,14,24.7,0
25.312917,91.751474,17.8,11,14.3,0
25.342977,91.767986,17.8,15,32.5,0
25.381646,91.791019,33.8,10,118.3,0
25.387729,91.793474,24.8,16,28.3,0
25.396837,91.798972,13.4,8,70.9,0
25.486922,91.847561,20.3,13,70.9,0
25.410499,91.806511,25.5,15,66.0,0
25.359245,91.777994,41.5,8,61.9,0
25.335142,91.763912,9.6,7,5.4,0
25.31497,91.752353,53.9,12,39.7,0
25.531864,91.867475,11.6,10,75.4,0
25.321301,91.757056,37.7,14,75.7,0
25.558228,91.880642,25.4,15,37.3,0
25.354423,91.777177,25.6,12,300.0,1
25.323257,91.757254,14.2,11,10.8,0
25.414918,91.808294,14.2,8,0.6,0
25.324573,91.757427,30.0,17,65.1,0
25.546818,91.873616,23.1,15,48.7,0
25.488861,91.849667,23.3,11,29.2,0
25.435184,91.819273,7.5,16,26.6,0
25.498401,91.85217,22.2,9,123.0,0
25.354969,91.774939,32.7,9,4.3,0
25.529634,91.866425,47.3,13,59.0,0
25.517062,91.859697,18.9,7,116.5,0
25.372255,91.77459,9.3,13,972.7,1
25.531908,91.867352,34.5,10,60.9,0
25.426243,91.81404,22.6,14,52.5,0
25.286185,91.73964,2.9,10,36.2,0
25.398223,91.799409,8.4,8,38.6,0
25.399621,91.799586,16.3,6,19.8,0
25.409465,91.805035,35.4,9,21.7,0
25.392795,91.79645,11.6,9,44.1,0
25.287384,91.739917,60.0,13,9.6,0
25.333756,91.762455,3.9,14,72.3,0
25.305357,91.748212,10.5,18,30.6,0
25.370715,91.784473,13.7,13,72.3,0
25.338295,91.765489,39.8,10,22.4,0
25.29961,91.745484,24.2,13,16.2,0
25.411424,91.806823,18.0,15,46.4,0
25.384607,91.791141,39.6,14,30.0,0
25.385536,91.792018,24.9,10,5.2,0
25.371567,91.784654,21.6,15,43.7,0
25.474605,91.841798,60.0,6,34.1,0
25.495491,91.851961,35.1,18,24.3,0
25.553444,91.878327,11.4,13,18.1,0
25.508016,91.857026,14.5,15,18.7,0
25.327384,91.75933,18.9,10,31.9,0
25.419773,91.810655,20.6,9,32.2,0
25.272859,91.732818,27.3,11,47.6,0
25.533663,91.867503,16.9,13,3.9,0
25.544573,91.873015,11.3,12,23.5,0
25.333326,91.763734,9.7,16,75.5,0
25.533159,91.867357,39.2,15,9.7,0
25.308538,91.749732,32.1,10,39.6,0
25.522984,91.861807,17.4,17,143.3,0
25.302314,91.747545,15.0,8,101.8,0
25.32199,91.756445,7.1,9,21.0,0
25.279452,91.736359,18.7,16,10.7,0
25.287612,91.739909,4.5,16,1.7,0
25.430975,91.817063,21.3,10,14.1,0
25.324877,91.75888,19.8,12,59.9,0
25.397392,91.799375,11.6,13,80.2,0
25.45113,91.828768,26.7,9,35.2,0
25.280476,91.73695,13.8,9,23.9,0
25.310965,91.751132,54.2,14,57.9,0
25.405871,91.803223,26.9,14,3.8,0
25.409155,91.805651,16.3,12,55.0,0
25.447866,91.826728,27.7,10,13.2,0
25.409495,91.803753,32.4,8,148.1,0
25.399832,91.799665,24.6,14,23.5,0
25.489034,91.84913,41.7,8,32.4,0
25.470957,91.839258,19.7,17,15.9,0
25.450619,91.827556,36.1,10,55.0,0
25.478718,91.850444,18.8,3,653.2,1
25.565214,91.885952,20.5,8,65.8,0
25.343709,91.767449,59.7,15,124.3,0
25.42457,91.813795,45.3,9,14.1,0
25.4157,91.809218,16.2,7,48.2,0
25.519237,91.861671,32.4,7,2.4,0
25.279092,91.736069,29.3,13,2.2,0
25.384176,91.790409,8.5,10,77.9,0
25.3714,91.784779,17.3,12,65.0,0
25.395399,91.797521,27.4,10,7.5,0
25.479358,91.844236,8.6,15,14.4,0
25.571829,91.888248,25.4,10,96.8,0
25.36335,91.779495,20.0,17,13.9,0
25.576165,91.891034,7.8,14,81.5,0
25.435725,91.81858,20.2,11,123.4,0
25.3056,91.748944,47.0,12,93.8,0
25.371407,91.783969,59.8,14,14.2,0
25.492789,91.851057,20.9,13,6.1,0
25.301255,91.746071,26.5,12,0.6,0
25.321574,91.756514,20.2,8,8.2,0
25.273634,91.733951,27.0,16,32.1,0
25.373087,91.785314,4.4,10,25.9,0
25.529373,91.865708,22.1,13,4.2,0
25.478257,91.842773,17.3,7,68.4,0
25.450172,91.8273,30.6,18,55.8,0
25.565491,91.885592,37.5,9,15.5,0
25.383627,91.790839,16.3,14,6.3,0
25.500535,91.854118,10.4,10,9.9,0
25.534034,91.867684,56.8,9,7.3,0
25.366647,91.781263,11.0,9,20.2,0
25.549558,91.875588,4.5,13,18.7,0
25.570296,91.889026,60.0,14,65.7,0
25.397658,91.798955,51.4,16,24.9,0
25.280976,91.736421,14.2,8,52.6,0
25.44251,91.82374,11.3,7,12.0,0
25.524395,91.863149,25.1,15,63.0,0
25.46865,91.837801,13.5,9,32.9,0
25.298224,91.745194,42.9,10,50.1,0
25.349286,91.77102,12.5,9,78.4,0
25.390211,91.795368,7.1,18,78.5,0
25.33457,91.763681,26.6,11,3.1,0
25.466056,91.837115,35.5,7,40.6,0
25.393617,91.797167,37.8,15,69.4,0
25.516582,91.860207,15.9,14,44.0,0
25.312737,91.751477,15.2,12,4.2,0
25.348804,91.772156,12.1,14,58.3,0
25.449073,91.827369,9.2,10,10.3,0
25.524894,91.863515,2.7,14,45.8,0
25.276758,91.735274,9.2,14,23.7,0
25.503369,91.856352,44.3,9,103.8,0
25.433233,91.818936,7.2,11,46.1,0
25.493478,91.852358,26.5,16,99.9,0
25.415312,91.808617,25.0,14,10.7,0
25.465178,91.835952,17.4,8,25.1,0
25.33916,91.76623,14.9,7,2.9,0
25.556276,91.881102,58.1,15,119.1,0
25.55045,91.877016,25.9,14,65.8,0
25.439396,91.822042,14.3,17,15.1,0
25.540793,91.871193,23.2,13,67.9,0
25.284749,91.746779,0.7,4,826.5,1
25.312127,91.751627,31.9,13,43.4,0
25.354064,91.774026,33.3,9,44.2,0
25.550845,91.877174,16.3,13,58.1,0
25.463124,91.834491,13.8,16,56.3,0
25.317887,91.754459,40.2,9,7.5,0
25.290412,91.741797,15.2,14,62.1,0
25.554805,91.87841,25.3,14,52.5,0
25.396974,91.798772,60.0,8,44.0,0
25.365105,91.781324,5.7,9,69.1,0
25.500238,91.853339,55.0,14,78.1,0
25.575552,91.890637,26.2,10,83.9,0
25.312376,91.752497,26.9,20,300.0,1
25.541312,91.871672,60.0,15,83.6,0
25.514272,91.859684,107.5,8,2.6,1
25.562585,91.884287,32.8,15,58.8,0
25.486248,91.847199,32.1,7,69.8,0
25.347352,91.771537,16.2,9,76.5,0
25.569295,91.887142,32.2,9,56.1,0
25.569505,91.887017,22.5,11,80.1,0
25.524215,91.863449,21.9,10,24.5,0
25.385536,91.792104,14.6,6,13.6,0
25.32393,91.758378,27.9,15,62.2,0
25.448308,91.826287,20.5,10,53.5,0
25.382116,91.790541,7.7,16,46.3,0
25.275739,91.733752,21.7,12,84.3,0
25.356332,91.774501,12.1,11,120.6,0
25.458628,91.83251,16.7,14,6.0,0
25.517787,91.861359,13.4,8,25.2,0
25.546622,91.874382,36.9,8,35.6,0
25.407451,91.804863,33.1,14,70.4,0
25.407853,91.803509,29.2,14,83.1,0
25.277434,91.735861,24.9,9,52.3,0
25.345352,91.770348,32.3,8,68.9,0
25.551457,91.877717,17.6,13,74.5,0
25.38685,91.792661,4.9,17,3.3,0
25.555672,91.879204,14.8,13,26.8,0
25.419123,91.810456,36.5,8,16.4,0
25.475612,91.841496,18.9,13,49.7,0
25.508868,91.857304,11.2,14,25.1,0
25.491121,91.849687,28.9,9,78.7,0
25.453696,91.83001,5.1,14,17.4,0
25.286098,91.745697,1.9,3,655.1,1
25.515176,91.858859,24.2,14,125.2,0
25.358726,91.777332,29.8,15,25.5,0
25.33092,91.761483,30.5,11,13.6,0
25.357029,91.776405,23.0,9,27.0,0
25.393038,91.796851,16.3,15,70.0,0
25.283865,91.73734,27.8,15,91.3,0
25.27367,91.733957,16.2,9,31.0,0
25.502655,91.855438,38.1,11,38.9,0
25.33078,91.761252,25.1,12,28.4,0
25.53225,91.865825,17.6,12,111.1,0
25.551212,91.877356,31.4,10,54.2,0
25.553794,91.878905,36.7,9,52.9,0
25.286495,91.74565,1.8,4,632.1,1
25.368223,91.781826,24.9,12,50.6,0
25.558085,91.881326,23.8,11,36.2,0
25.288052,91.740484,37.5,14,36.7,0
25.293088,91.743224,9.2,16,84.7,0
25.506962,91.857789,29.2,17,103.8,0
25.412703,91.807194,39.9,12,13.3,0
25.271855,91.731892,50.6,13,95.8,0
25.373129,91.785481,19.0,15,39.8,0
25.499905,91.853607,20.1,8,36.7,0
25.425791,91.813862,28.5,13,45.4,0
25.378485,91.787951,29.0,10,9.4,0
25.459977,91.832834,16.7,10,47.4,0
25.567743,91.88698,22.3,14,17.9,0
25.496155,91.852987,39.2,14,54.2,0
25.43415,91.817956,53.3,9,98.9,0
25.407366,91.804008,15.2,15,8.2,0
25.568534,91.886543,23.4,9,69.3,0
25.383971,91.790436,19.2,10,64.1,0
25.391019,91.795431,40.9,8,40.9,0
25.354994,91.774216,55.0,8,76.0,0
25.474319,91.841291,32.8,11,0.3,0
25.488893,91.849606,21.0,15,21.5,0
25.450598,91.827804,29.4,16,29.8,0
25.273583,91.733652,27.4,13,4.0,0
25.418613,91.810202,37.2,9,13.5,0
25.389534,91.794346,44.1,15,15.6,0
25.417932,91.810735,24.8,15,75.2,0
25.460125,91.832947,33.1,12,44.4,0
25.544094,91.872949,31.2,14,44.9,0
25.477171,91.8428,30.1,15,7.1,0
25.46698,91.836261,17.1,16,92.5,0
25.450954,91.828379,22.3,18,6.9,0
25.376713,91.786234,53.6,14,80.6,0
25.414158,91.808025,8.5,10,15.5,0
25.422087,91.811702,8.2,15,55.3,0
25.392527,91.796196,8.2,9,33.8,0
25.468429,91.837754,49.0,12,25.5,0
25.332357,91.763157,24.6,17,71.7,0
25.368992,91.782588,44.3,10,18.0,0
25.465934,91.836829,147.5,3,19.3,1
25.300501,91.746503,22.0,9,78.9,0
25.444745,91.824925,46.0,7,6.4,0
25.48091,91.843915,33.8,13,100.7,0
25.351202,91.773445,10.4,10,54.0,0
25.570192,91.888504,18.2,10,21.9,0
25.363377,91.771268,21.9,11,816.0,1
25.311715,91.751218,22.6,10,25.8,0
25.420236,91.80588,10.9,14,521.9,1
25.555942,91.87986,25.1,15,20.1,0
25.282624,91.738132,11.3,16,45.8,0
25.355169,91.77476,36.1,10,32.5,0
25.322725,91.756774,23.8,16,28.8,0
25.423665,91.813221,19.8,9,7.2,0
25.408497,91.803362,11.2,11,132.3,0
25.290962,91.741401,20.5,15,3.2,0
25.412816,91.806563,25.6,10,54.2,0
25.300267,91.745348,16.0,15,27.6,0
25.536497,91.868371,26.0,15,23.6,0
25.562689,91.884207,7.4,13,45.2,0
25.502754,91.855203,13.8,8,10.5,0
25.373312,91.784429,127.0,19,72.4,1
25.530372,91.865871,51.6,11,28.7,0
25.337192,91.765677,30.7,10,55.5,0
25.302693,91.746921,5.0,15,21.2,0
25.556874,91.880186,18.2,9,2.6,0
25.559784,91.882853,32.5,16,83.7,0
25.520065,91.86224,10.3,15,22.1,0
25.338553,91.766674,27.7,14,79.0,0
25.389318,91.794574,13.1,14,49.5,0
25.428528,91.816782,14.6,10,90.8,0
25.420046,91.811382,18.8,18,23.9,0
25.572606,91.890199,11.1,17,44.2,0
25.542516,91.872103,17.6,7,55.2,0
25.428454,91.815454,6.2,9,34.4,0
25.333074,91.762648,43.3,6,16.6,0
25.536143,91.867504,15.6,9,98.6,0
25.351948,91.773572,22.5,6,26.0,0
25.319372,91.755271,30.2,8,6.2,0
25.416008,91.809822,34.5,8,90.3,0
25.491768,91.850717,44.1,9,1.0,0
25.533878,91.867325,37.3,9,23.4,0
25.565919,91.885856,10.1,14,16.0,0
25.365121,91.779912,44.8,10,69.2,0
25.402652,91.801775,27.6,9,29.3,0
25.435779,91.821098,17.9,13,118.8,0
25.320382,91.755313,57.7,9,44.3,0
25.403813,91.801264,16.7,12,83.1,0
25.541982,91.871249,6.5,9,4.6,0
25.412128,91.806964,22.5,10,22.1,0
25.415367,91.808835,5.8,9,29.0,0
25.300752,91.746007,25.0,13,17.1,0
25.414666,91.808541,124.9,22,38.2,1
25.523811,91.862687,23.7,10,86.6,0
25.414469,91.808137,12.6,9,9.6,0
25.338034,91.765592,26.1,9,1.7,0
25.289239,91.739814,25.0,14,85.6,0
25.315884,91.753174,8.5,12,9.3,0
25.33022,91.761559,8.7,11,31.7,0
25.477145,91.842828,19.4,10,2.9,0
25.541072,91.871104,43.0,15,43.3,0
25.409799,91.806163,60.0,14,69.9,0
25.277269,91.734899,14.1,12,37.7,0
25.345962,91.770193,13.1,13,20.9,0
25.543856,91.872181,14.0,15,14.6,0
25.565056,91.884759,56.7,15,38.8,0
25.545167,91.873793,47.9,10,63.3,0
25.405369,91.803286,11.7,11,29.5,0
25.358348,91.776905,13.0,12,4.4,0
25.346617,91.770068,41.2,15,26.7,0
25.392858,91.796212,23.0,10,17.4,0
25.419931,91.811088,24.1,16,1.5,0
25.333444,91.763436,14.0,10,40.0,0
25.418318,91.810254,21.7,14,7.5,0
25.558842,91.880672,12.3,13,69.8,0
25.358388,91.775764,23.7,8,108.8,0
25.551022,91.87657,17.7,10,9.7,0
25.486392,91.84765,7.0,15,33.7,0
25.52758,91.865197,11.9,14,17.0,0
25.321052,91.755416,21.8,15,70.5,0
25.388482,91.793894,24.1,8,28.5,0
25.572018,91.889801,43.3,7,40.2,0
25.501875,91.854864,4.6,17,11.8,0
25.386642,91.792033,45.6,10,53.1,0
25.39823,91.798799,17.8,14,21.2,0
25.455002,91.831785,20.0,13,119.5,0
25.27971,91.736196,23.8,9,17.6,0
25.340667,91.76709,24.7,14,5.2,0
25.325204,91.758139,15.4,15,29.9,0
25.344212,91.770274,2.6,14,123.3,0
25.547267,91.874786,24.9,13,36.9,0
25.461622,91.834446,11.7,15,20.5,0
25.377901,91.78859,46.0,11,84.4,0
25.310829,91.750603,16.8,15,13.9,0
25.407907,91.804788,23.8,14,38.4,0
25.45604,91.830813,9.4,7,31.1,0
25.53272,91.86714,5.5,10,5.4,0
25.38961,91.794018,40.3,8,20.4,0
25.434228,91.819124,8.3,11,10.6,0
25.506895,91.856303,27.9,17,47.0,0
25.332832,91.762583,83.0,17,9.9,1
25.574647,91.891132,13.0,16,15.4,0
25.342397,91.767967,14.7,9,3.0,0
25.404383,91.801324,17.4,7,108.1,0
25.313568,91.751006,12.2,9,95.0,0
25.299712,91.736615,0.4,4,888.8,1
25.451208,91.82796,19.4,11,47.6,0
25.378263,91.793226,15.0,1,516.0,1
25.346961,91.770747,33.4,15,20.7,0
25.394639,91.797784,31.0,9,74.2,0
25.503571,91.854988,39.2,15,45.6,0
25.520178,91.861879,33.8,9,19.8,0
25.49892,91.852716,6.9,14,88.1,0
25.300722,91.744662,49.7,9,118.0,0
25.516994,91.861137,18.0,7,35.1,0
25.510101,91.857458,18.8,8,60.2,0
25.519163,91.861231,21.0,10,44.9,0
25.271747,91.732978,36.1,9,19.5,0
25.310233,91.750575,89.7,15,43.3,1
25.500191,91.854753,21.4,14,69.9,0
25.423084,91.813176,24.2,14,34.2,0
25.349436,91.772546,9.6,8,62.0,0
25.306082,91.748476,21.8,18,24.2,0
25.40445,91.802174,15.0,7,29.0,0
25.461603,91.833586,55.1,14,62.1,0
25.28419,91.737515,104.1,20,88.4,1
25.293026,91.742628,38.8,11,27.0,0
25.296518,91.744638,23.3,10,71.6,0
25.295486,91.743917,24.6,7,45.5,0
25.417557,91.81034,46.0,6,57.0,0
25.496304,91.852509,16.5,9,1.3,0
25.5775,91.892808,12.0,9,10.5,0
25.519523,91.861642,12.7,13,17.3,0
25.338982,91.766436,12.0,13,32.6,0
25.527914,91.865028,23.8,8,14.2,0
25.320094,91.755457,5.3,6,14.7,0
25.565967,91.886249,12.5,14,50.7,0
25.411887,91.807154,15.3,11,53.6,0
25.344698,91.76911,26.1,10,16.3,0
25.355925,91.775589,18.0,11,7.3,0
25.453822,91.829939,22.2,15,3.7,0
25.42294,91.813165,35.9,10,40.9,0
25.457627,91.831424,17.5,8,57.5,0
25.30642,91.74851,13.4,13,12.3,0
25.51609,91.859771,14.3,15,68.7,0
25.509923,91.858292,19.0,10,33.4,0
25.45305,91.829366,17.1,12,10.3,0
25.574953,91.891005,21.1,14,14.4,0
25.515807,91.860171,10.1,8,15.7,0
25.282626,91.738155,12.7,12,48.1,0
25.325876,91.758534,52.7,13,27.8,0
25.380955,91.789664,36.0,13,23.8,0
25.474063,91.841908,51.5,14,74.1,0
25.431817,91.816945,15.6,7,71.1,0
25.542916,91.871587,27.1,12,17.0,0
25.439598,91.821873,98.9,17,12.2,1
25.328838,91.759811,8.0,15,63.7,0
25.404834,91.801819,11.6,15,84.3,0
25.436627,91.820244,46.4,12,10.1,0
25.373081,91.784787,10.8,16,25.1,0
25.272337,91.733008,22.5,16,4.4,0
25.504751,91.840643,22.5,0,1577.0,1
25.538144,91.868473,35.3,14,81.1,0
25.504348,91.855209,33.1,10,54.8,0
25.492555,91.85063,50.8,15,40.5,0
25.435798,91.819459,27.7,9,41.7,0
25.400612,91.801391,15.7,10,102.3,0
25.334585,91.764217,9.6,10,54.3,0
25.304244,91.747647,30.5,15,24.1,0
25.575683,91.891786,30.7,14,17.9,0
25.421412,91.811034,1.2,14,83.9,0
25.550156,91.875685,16.1,10,44.0,0
25.345495,91.76886,21.8,14,83.7,0
25.299463,91.73796,0.7,0,740.8,1
25.339545,91.765938,5.1,7,46.3,0
25.435627,91.820614,3.6,11,79.9,0
25.287257,91.740266,28.8,10,50.8,0
25.56487,91.883551,41.5,9,143.0,0
25.486031,91.848411,9.9,8,60.0,0
25.523282,91.863502,12.3,17,19.6,0
25.356371,91.775392,21.5,15,36.0,0
25.355911,91.77452,22.4,12,95.9,0
25.371787,91.784065,10.9,8,25.4,0
25.388045,91.793716,15.0,9,34.8,0
25.516881,91.860696,44.8,8,5.8,0
25.49997,91.854154,15.5,11,17.1,0
25.497872,91.852419,27.5,9,75.5,0
25.544483,91.872065,13.5,15,61.8,0
25.577512,91.892587,16.3,14,11.2,0
25.510092,91.857999,42.0,17,3.9,0
25.352369,91.773129,11.7,9,39.9,0
25.433498,91.818775,50.1,14,16.0,0
25.453468,91.829746,18.8,14,4.1,0
25.300977,91.745989,17.5,9,5.1,0
25.481362,91.845658,27.5,7,44.5,0
25.386746,91.7938,22.4,14,113.2,0
25.451455,91.828327,40.9,15,25.3,0
25.409491,91.805605,31.0,15,32.3,0
25.285578,91.746668,1.5,4,777.4,1
25.332375,91.762906,4.8,15,46.3,0
25.356148,91.776299,49.2,8,64.4,0
25.318928,91.754894,3.7,14,6.4,0
25.41665,91.808403,29.3,14,82.4,0
25.442848,91.823236,13.9,23,300.0,1
25.443032,91.823964,14.5,8,5.6,0
25.462887,91.834786,42.8,10,14.7,0
25.437678,91.820772,22.5,15,15.6,0
25.508263,91.856781,18.6,7,54.2,0
25.398133,91.798741,1.5,7,21.5,0
25.433302,91.817888,43.2,14,59.7,0
25.41641,91.809477,27.9,11,35.0,0
25.512142,91.860162,20.1,15,134.8,0
25.522939,91.863759,9.2,11,60.3,0
25.443401,91.823887,6.6,11,21.8,0
25.454418,91.830761,22.5,10,51.5,0
25.518717,91.860937,33.2,10,56.9,0
25.51159,91.859084,23.5,12,46.4,0
25.388561,91.793678,12.8,9,3.2,0
25.428543,91.816287,11.2,15,41.8,0
25.481681,91.846135,44.9,12,73.6,0
25.536351,91.868235,51.9,14,31.6,0
25.273694,91.729966,1.2,3,375.3,1
25.339737,91.766345,10.4,16,17.1,0
25.408736,91.804895,30.9,11,4.1,0
25.368743,91.782776,24.9,10,13.8,0
25.508035,91.856883,13.3,16,34.2,0
25.500208,91.854568,9.2,14,50.1,0
25.373751,91.786571,17.3,8,112.3,0
25.408474,91.805486,8.5,8,75.7,0
25.324854,91.758224,41.8,11,2.8,0
25.517332,91.861446,57.1,10,53.0,0
25.54751,91.874045,60.0,12,47.7,0
25.344185,91.770228,9.0,15,120.2,0
25.561375,91.881984,20.9,16,90.8,0
25.34876,91.772374,9.3,11,81.8,0
25.455542,91.830673,26.0,14,17.8,0
25.489733,91.849693,7.2,9,15.5,0
25.33829,91.765897,60.0,15,17.6,0
25.407148,91.803896,36.1,8,7.3,0
25.460279,91.832834,21.1,10,63.7,0
25.523111,91.863747,16.5,10,51.9,0
25.315116,91.7528,25.8,15,4.0,0
25.291096,91.741905,49.8,14,41.8,0
25.430314,91.816977,38.1,16,13.2,0
25.389001,91.793104,30.4,9,76.4,0
25.42783,91.815179,22.1,15,27.4,0
25.320133,91.755856,12.9,9,22.0,0
25.550716,91.877257,29.6,8,73.4,0
25.35652,91.775902,20.7,11,5.6,0
25.370242,91.784044,20.1,15,56.1,0
25.287878,91.727488,17.1,3,1274.7,1
25.341326,91.767555,32.7,14,14.8,0
25.39806,91.799799,9.9,12,85.3,0
25.556532,91.879956,38.7,13,4.7,0
25.391944,91.796239,10.7,10,69.5,0
25.347571,91.770659,12.0,16,20.8,0
25.55738,91.880185,23.1,9,31.9,0
25.311898,91.750523,5.2,9,51.8,0
25.418962,91.810855,60.0,17,31.2,0
25.567911,91.886624,12.1,7,25.7,0
25.332375,91.762586,111.8,11,15.1,1
25.301225,91.738861,1.3,0,729.9,1
25.3454,91.769533,24.9,10,13.0,0
25.575625,91.890855,27.7,9,67.4,0
25.573824,91.89032,21.3,10,14.5,0
25.294285,91.742459,28.1,8,47.6,0
25.290479,91.740578,6.6,14,64.7,0
25.471276,91.838956,12.0,14,62.5,0
25.541951,91.870347,6.5,13,79.4,0
25.468337,91.838083,11.6,11,11.5,0
25.308116,91.748533,9.1,14,62.9,0
25.523099,91.863797,13.2,8,57.6,0
25.431449,91.816452,9.7,9,99.2,0
25.532984,91.8675,60.0,9,31.7,0
25.340432,91.766306,23.5,10,58.5,0
25.525077,91.864358,146.4,15,33.8,1
25.285409,91.744798,1.2,4,595.3,1
25.500564,91.854559,12.9,13,34.4,0
25.33995,91.762982,8.7,1,355.8,1
25.439715,91.822045,10.8,9,1.8,0
25.430101,91.815894,17.9,13,80.7,0
25.288047,91.740093,11.5,14,2.9,0
25.482896,91.845524,12.7,12,51.4,0
25.339152,91.766162,36.5,13,3.3,0
25.411369,91.805796,12.2,8,50.6,0
25.556087,91.879706,41.5,8,2.9,0
25.464208,91.835603,13.9,8,6.7,0
25.555885,91.879748,13.2,14,12.7,0
25.547008,91.874435,19.0,12,18.4,0
25.395661,91.796563,15.1,13,99.8,0
25.323711,91.757636,17.3,8,1.8,0
25.460859,91.833828,18.7,9,1.7,0
25.270888,91.732758,37.3,9,36.4,0
25.462721,91.83454,20.6,10,29.7,0
25.573918,91.891499,56.9,9,92.3,0
25.359079,91.775814,7.4,14,141.3,0
25.333751,91.76366,25.2,13,45.3,0
25.391534,91.794392,14.2,13,88.0,0
25.488255,91.848279,11.8,9,73.1,0
25.323279,91.756974,28.9,9,39.2,0
25.325875,91.759248,18.6,11,41.7,0
25.50552,91.856136,5.6,14,7.5,0
25.412808,91.807117,18.0,11,0.2,0
25.349371,91.771809,12.0,10,6.2,0
25.308866,91.749989,26.5,17,50.7,0
25.353225,91.773887,3.8,9,12.4,0
25.554927,91.879084,15.0,15,4.7,0
25.309115,91.749346,57.2,8,26.0,0
25.563484,91.884469,42.6,13,24.3,0
25.320124,91.756111,26.6,15,47.3,0
25.493633,91.852494,5.4,11,107.6,0
25.497175,91.852826,60.0,15,4.6,0
25.560015,91.880928,32.6,10,113.0,0
25.329372,91.760998,15.4,10,23.0,0
25.560878,91.882153,14.4,14,46.0,0
25.427018,91.814521,6.3,10,47.6,0
25.321562,91.755929,9.0,7,48.1,0
25.449423,91.828463,15.7,9,97.9,0
25.280328,91.73624,7.7,12,41.4,0
25.327745,91.759546,5.8,16,30.4,0
25.576219,91.890666,102.3,12,119.6,1
25.446942,91.825836,32.4,15,23.7,0
25.43103,91.817311,39.5,8,7.0,0
25.329098,91.759839,32.9,14,75.0,0
25.497617,91.853761,41.4,14,73.8,0
25.468085,91.837243,10.9,14,56.7,0
25.281805,91.736511,12.4,8,81.3,0
25.281397,91.737293,60.0,13,16.8,0
25.425901,91.81426,41.4,9,12.6,0
25.329826,91.760885,17.1,16,12.6,0
25.551365,91.876909,4.5,15,2.9,0
25.543813,91.872429,6.3,11,11.5,0
25.319292,91.755071,11.8,15,8.9,0
25.552726,91.878134,21.3,10,41.0,0
25.290771,91.741316,36.9,11,3.2,0
25.427811,91.815728,32.9,15,27.0,0
25.361732,91.77927,12.1,9,51.6,0
25.27459,91.733845,14.0,14,22.4,0
25.528492,91.865606,14.2,8,21.7,0
25.458774,91.832563,58.9,8,8.7,0
25.530015,91.866638,36.6,14,65.3,0
25.554765,91.878787,10.5,14,14.2,0
25.281858,91.737995,36.7,17,66.9,0
25.376707,91.786051,29.7,9,98.2,0
25.363227,91.779118,5.3,15,44.0,0
25.515783,91.860043,20.4,16,28.0,0
25.392629,91.795745,18.2,9,15.6,0
25.341268,91.767634,5.1,10,25.6,0
25.4719,91.83975,143.8,17,19.0,1
25.478696,91.843753,3.9,15,3.2,0
25.558027,91.880566,17.9,10,32.9,0
25.494483,91.851185,16.5,17,62.9,0
25.393377,91.796622,42.0,9,29.3,0
25.366391,91.781865,26.4,16,52.3,0
25.327951,91.759636,18.8,14,32.7,0
25.33541,91.764242,40.9,12,12.2,0
25.317535,91.753952,18.5,15,22.8,0
25.340531,91.765806,20.8,8,112.5,0
25.368394,91.78154,23.5,10,87.7,0
25.313788,91.752335,17.2,14,22.4,0
25.390136,91.794934,41.9,11,40.3,0
25.390723,91.793639,8.1,15,117.5,0
25.540174,91.870543,5.4,16,41.7,0
25.476709,91.843495,4.0,14,85.5,0
25.570845,91.888991,25.0,10,30.6,0
25.409478,91.804627,16.6,11,62.1,0
25.395213,91.798333,25.1,6,96.6,0
25.388039,91.792728,59.7,13,61.0,0
25.346695,91.770357,12.6,12,2.9,0
25.395053,91.79764,8.1,14,37.8,0
25.415074,91.808772,58.1,11,38.7,0
25.578217,91.892688,51.0,8,42.3,0
25.295296,91.743247,25.6,9,13.8,0
25.547925,91.874795,40.8,8,0.2,0
25.41745,91.809131,25.2,10,54.8,0
25.471082,91.839505,47.8,16,1.5,0
25.509523,91.85825,35.2,6,45.5,0
25.575319,91.892305,6.4,7,88.3,0
25.454185,91.830596,14.8,13,48.0,0
25.339697,91.766577,23.9,15,7.7,0
25.503287,91.855287,31.4,9,2.9,0
25.365676,91.780339,26.1,9,57.6,0
25.538616,91.870371,17.8,12,95.6,0
25.413124,91.807483,40.3,14,18.7,0
25.319638,91.755366,17.4,15,1.2,0
25.429197,91.815313,12.1,14,88.3,0
25.477946,91.843764,15.8,11,44.8,0
25.413493,91.807345,10.0,11,14.7,0
25.394008,91.787659,18.3,4,877.0,1
25.356585,91.775853,60.0,14,2.7,0
25.488246,91.848647,9.3,12,36.9,0
25.326966,91.759066,25.1,15,35.0,0
25.346693,91.770383,40.6,11,0.2,0
25.568593,91.886188,8.9,9,106.5,0
25.313636,91.751815,23.9,11,20.0,0
25.374075,91.785609,16.9,7,1.2,0
25.416842,91.809742,21.7,15,37.5,0
25.304883,91.748264,12.9,6,57.6,0
25.52407,91.863467,60.0,10,16.6,0
25.277075,91.734687,18.4,10,50.4,0
25.324926,91.757233,17.4,17,103.0,0
25.457294,91.832247,27.8,7,40.5,0
25.280743,91.73586,19.6,10,99.0,0
25.475843,91.841992,15.1,16,13.9,0
25.313241,91.751116,12.7,15,66.6,0
25.343804,91.768032,21.5,10,72.8,0
25.442678,91.823814,29.7,13,10.1,0
25.369877,91.782801,32.7,9,45.2,0
25.4237,91.813236,6.9,7,6.8,0
25.346412,91.770044,60.0,14,18.0,0
25.297962,91.745119,5.3,15,54.4,0
25.377678,91.787973,24.3,10,36.4,0
25.530067,91.866199,20.8,11,17.8,0
25.559865,91.881855,39.1,10,16.0,0
25.49198,91.851306,19.4,14,53.1,0
25.348172,91.771716,28.4,14,49.5,0
25.273337,91.73311,7.9,8,39.8,0
25.540799,91.87107,36.3,11,55.8,0
25.45089,91.82882,17.6,10,53.3,0
25.274167,91.734576,31.1,14,71.2,0
25.449482,91.827571,12.7,10,7.9,0
25.317606,91.754091,44.6,8,13.1,0
25.328351,91.760864,23.5,17,65.1,0
25.441731,91.823159,12.1,9,2.4,0
25.379053,91.787706,53.0,8,63.9,0
25.272936,91.734448,40.5,15,114.4,0
25.282234,91.736564,14.4,14,95.5,0
25.503627,91.855369,18.4,11,8.5,0
25.3137,91.751208,47.0,8,82.4,0
25.309317,91.749508,40.8,8,18.7,0
25.409031,91.804234,16.9,9,76.2,0
25.360983,91.777986,8.7,8,32.9,0
25.377866,91.786953,26.3,13,73.0,0
25.393906,91.796285,22.2,8,32.0,0
25.519665,91.861518,35.8,14,35.9,0
25.46238,91.836091,33.1,9,139.6,0
25.566842,91.886622,8.0,14,35.8,0
25.465863,91.837015,27.7,8,41.3,0
25.516188,91.859977,9.2,8,51.5,0
25.301746,91.746231,6.1,14,5.6,0
25.387246,91.793519,20.6,14,58.8,0
25.272198,91.732843,8.8,16,14.8,0
25.324721,91.757472,16.9,9,68.7,0
25.511564,91.858194,7.4,16,44.6,0
25.358351,91.777336,34.5,10,46.1,0
25.453829,91.829255,128.7,5,63.2,1
25.572514,91.888734,40.4,16,90.1,0
25.476707,91.84269,25.5,15,7.3,0
25.374593,91.780427,3.7,7,531.1,1
25.521981,91.862303,12.1,9,50.6,0
25.343286,91.768278,31.6,15,20.9,0
25.411466,91.805297,8.2,8,104.4,0
25.533145,91.867755,17.3,13,51.3,0
25.384554,91.791144,38.7,10,26.7,0
25.366163,91.78201,22.2,15,78.7,0
25.43418,91.818937,11.8,14,5.1,0
25.433145,91.812886,6.8,23,537.9,1
25.384796,91.791236,36.5,10,30.9,0
25.312879,91.750231,19.2,8,133.1,0
25.399133,91.799869,41.1,11,34.1,0
25.421463,91.812043,17.7,15,11.6,0
25.3544,91.774925,8.3,16,25.2,0
25.442329,91.822862,14.8,16,63.6,0
25.36828,91.781871,26.9,10,49.4,0
25.272876,91.732673,43.2,8,63.1,0
25.433181,91.817876,10.8,8,54.3,0
25.509535,91.858273,16.0,7,47.5,0
25.354617,91.776222,18.4,9,300.0,1
25.381638,91.79005,29.0,10,24.5,0
25.319514,91.760264,1.5,1,484.5,1
25.302669,91.747233,12.1,10,54.0,0
25.271963,91.732515,24.8,9,37.4,0
25.47756,91.843205,8.1,7,11.3,0
25.511754,91.859265,18.4,16,58.2,0
25.323784,91.758636,30.7,9,95.2,0
25.28887,91.739113,19.8,11,139.9,0
25.54152,91.871442,20.4,12,49.7,0
25.463703,91.836046,31.0,15,63.8,0
25.414277,91.808489,36.3,11,54.3,0
25.444425,91.824752,19.9,16,6.9,0
25.356441,91.775984,22.9,17,17.9,0
25.449841,91.828809,12.9,9,108.9,0
25.504585,91.855233,7.8,10,62.1,0
25.290633,91.741536,6.3,16,25.5,0
25.504761,91.855824,8.1,15,8.3,0
25.31726,91.754637,29.9,14,58.8,0
25.455078,91.830075,28.4,9,51.0,0
25.431583,91.818144,46.4,10,58.2,0
25.378662,91.787625,22.0,8,50.7,0
25.344334,91.768538,9.0,15,52.2,0
25.503302,91.854925,24.1,11,40.9,0
25.308231,91.749956,40.2,14,76.3,0
25.48063,91.844613,7.3,9,17.7,0
25.329576,91.761845,10.4,15,94.4,0
25.462421,91.835194,4.9,13,50.2,0
25.326855,91.759525,46.9,12,15.7,0
25.489653,91.849543,18.5,9,25.7,0
25.44513,91.825646,39.6,7,55.8,0
25.284856,91.737391,38.1,9,131.4,0
25.316559,91.753415,9.7,8,22.3,0
25.274159,91.73467,31.4,13,81.0,0
25.485771,91.848569,24.8,12,89.4,0
25.566666,91.886402,26.8,16,25.0,0
25.429677,91.816654,28.2,16,16.3,0
25.554715,91.878191,6.7,11,68.1,0
25.290693,91.741086,23.1,10,23.0,0
25.281358,91.737189,9.1,17,7.9,0
25.539958,91.870398,27.0,10,40.3,0
25.515612,91.861126,24.9,6,91.1,0
25.38607,91.792447,24.2,16,18.1,0
25.37777,91.787272,22.2,13,36.8,0
25.331709,91.761143,21.7,14,89.3,0
25.530737,91.866212,35.4,9,8.6,0
25.373226,91.78633,24.6,9,117.2,0
25.41569,91.808391,21.6,15,31.7,0
25.479063,91.844023,5.7,18,9.7,0
25.329976,91.76119,17.1,13,9.0,0
25.336444,91.764282,34.3,11,39.8,0
25.280712,91.736978,23.6,15,16.0,0
25.472392,91.840355,18.0,12,13.4,0
25.445792,91.825657,29.8,17,21.1,0
25.338831,91.765422,22.7,15,57.9,0
25.394351,91.797498,20.6,8,61.9,0
25.403475,91.801258,17.8,15,65.5,0
25.415955,91.808424,47.0,18,42.8,0
25.524586,91.864377,13.5,7,56.0,0
25.466122,91.836328,25.9,18,39.5,0
25.539205,91.869478,3.0,15,21.0,0
25.52848,91.865183,23.4,11,21.6,0
25.464402,91.835404,10.1,11,36.4,0
25.497849,91.852715,31.8,15,43.9,0
25.274439,91.7336,24.4,15,40.3,0
25.364022,91.779726,60.0,9,27.9,0
25.398481,91.798354,13.0,9,78.1,0
25.334747,91.763924,5.2,14,17.2,0
25.337822,91.765222,15.0,13,22.8,0
25.30476,91.747163,28.8,12,48.6,0
25.355997,91.776236,39.8,13,66.4,0
25.492051,91.850568,35.8,8,26.1,0
25.572709,91.889758,18.1,10,3.7,0
25.332677,91.762808,14.4,11,20.4,0
25.513967,91.859533,99.1,1,5.5,1
25.550407,91.875804,17.3,14,47.2,0
25.572054,91.88893,51.7,10,44.9,0
25.355626,91.777002,15.4,16,160.9,0
25.304135,91.748108,22.9,7,75.8,0
25.399892,91.799442,24.6,9,48.4,0
25.27786,91.734518,23.5,15,103.4,0
25.345931,91.769632,24.5,13,32.0,0
25.347796,91.770514,24.3,11,47.1,0
25.475227,91.842252,32.5,14,44.7,0
25.477544,91.843438,22.6,8,34.9,0
25.393108,91.797043,11.4,18,84.8,0
25.390874,91.79499,89.2,23,5.9,1
25.289087,91.740415,35.2,15,17.7,0
25.369293,91.782293,9.0,10,63.0,0
25.574988,91.89169,3.7,10,48.9,0
25.473967,91.841093,7.9,17,0.0,0
25.496396,91.850945,17.2,15,166.7,0
25.369668,91.783108,9.2,15,4.0,0
25.286437,91.739421,12.0,15,2.5,0
25.449434,91.827801,19.3,13,32.9,0
25.331525,91.752535,15.0,0,917.0,1
25.271421,91.732539,15.7,9,10.2,0
25.292031,91.742495,39.8,14,59.0,0
25.274265,91.733759,33.5,15,16.3,0
25.444476,91.824467,12.1,9,23.6,0
25.40068,91.800791,40.7,15,40.2,0
25.544666,91.872191,25.9,15,60.3,0
25.333154,91.76263,9.8,14,22.7,0
25.484142,91.846007,10.0,8,71.9,0
25.349395,91.771377,53.7,9,49.5,0
25.281227,91.737094,11.2,9,4.2,0
25.479544,91.84467,30.8,12,46.6,0
25.465957,91.836954,25.2,15,30.3,0
25.460338,91.834109,19.9,9,57.2,0
25.299718,91.74513,18.2,13,24.7,0
25.490088,91.84999,30.0,16,4.7,0
25.350796,91.772808,14.5,16,13.9,0
25.533817,91.86724,20.3,14,29.6,0
25.495504,91.851336,45.8,16,89.5,0
25.37764,91.787773,45.9,16,19.0,0
25.382782,91.790376,16.1,11,5.7,0
25.555033,91.879289,9.6,11,18.1,0
25.385438,91.792357,21.9,12,43.5,0
25.373861,91.78555,145.0,8,7.0,1
25.327061,91.759916,14.3,10,42.6,0
25.507201,91.85653,28.9,6,36.2,0
25.431709,91.817275,11.9,15,33.2,0
25.488978,91.849638,36.3,9,20.1,0
25.341134,91.767569,15.8,13,26.5,0
25.547098,91.874597,18.9,10,28.7,0
25.270478,91.733289,14.6,10,109.0,0
25.448072,91.827074,18.5,11,35.7,0
25.558921,91.881489,33.2,10,3.5,0
25.28406,91.739294,43.4,14,98.1,0
25.326415,91.75946,54.5,13,33.1,0
25.303016,91.746583,13.2,16,27.8,0
25.425861,91.81415,12.3,11,21.1,0
25.555182,91.878695,9.8,15,47.0,0
25.45883,91.832019,60.0,7,64.6,0
25.348251,91.771742,16.0,13,47.8,0
25.418856,91.810735,33.0,13,25.2,0
25.362649,91.779506,17.3,12,24.9,0
25.537924,91.868996,51.5,8,17.9,0
25.464485,91.835707,13.8,14,11.5,0
25.270127,91.73195,10.0,11,10.8,0
25.336326,91.764664,21.6,10,3.8,0
25.51787,91.860925,17.9,9,23.0,0
25.456014,91.832035,47.9,13,89.2,0
25.277856,91.735914,21.1,16,38.5,0
25.533791,91.867517,7.6,13,0.0,0
25.280141,91.73696,21.0,17,40.2,0
25.490354,91.85041,34.1,11,27.8,0
25.352317,91.772315,18.0,8,116.3,0
25.394414,91.797067,21.3,10,16.6,0
25.330104,91.76172,27.5,16,53.7,0
25.318615,91.759931,1.4,1,500.7,1
25.472571,91.84001,16.3,17,30.0,0
25.455454,91.830156,23.3,14,63.4,0
25.413443,91.807418,14.9,15,4.9,0
25.450217,91.827893,22.8,15,0.5,0
25.501138,91.854254,112.2,1,20.8,1
25.477012,91.843125,21.5,10,33.2,0
25.455678,91.831289,14.5,11,34.7,0
25.304575,91.746877,11.1,8,69.2,0
25.298338,91.745103,17.8,12,35.6,0
25.383546,91.789396,24.3,8,142.4,0
25.305289,91.746868,24.2,10,102.7,0
25.369266,91.783208,25.0,10,27.5,0
25.478559,91.843561,20.2,18,8.0,0
25.411679,91.806455,20.2,13,3.2,0
25.368819,91.783765,58.2,16,105.8,0
25.378154,91.788451,12.0,10,57.2,0
25.541036,91.87149,13.5,15,82.2,0
25.340518,91.766914,6.5,6,3.9,0
25.35489,91.774927,40.0,9,1.1,0
25.279527,91.735731,28.6,9,56.5,0
25.342466,91.768667,21.8,17,61.4,0
25.564,91.884144,15.3,14,36.4,0
25.357492,91.776258,5.2,7,12.4,0
25.291757,91.741829,52.4,14,3.9,0
25.3086,91.749327,14.2,16,4.4,0
25.286476,91.740546,60.0,16,114.9,0
25.476011,91.841616,37.8,14,59.6,0
25.295179,91.742789,38.7,7,55.0,0
25.337573,91.765415,10.5,14,9.5,0
25.386642,91.79249,18.1,11,8.7,0
25.426833,91.813973,17.7,13,90.9,0
25.556014,91.879113,27.0,15,55.2,0
25.522511,91.863411,19.0,10,42.0,0
25.518889,91.86143,6.0,10,12.9,0
25.346121,91.76961,39.4,9,44.5,0
25.416443,91.809521,17.5,7,37.6,0
25.506657,91.857632,24.8,15,100.2,0
25.399554,91.799393,26.6,10,35.0,0
25.532741,91.865972,37.5,15,116.2,0
25.4492,91.828183,7.7,8,82.7,0
25.282884,91.7376,25.0,8,20.1,0
25.314116,91.752155,9.7,10,12.8,0
25.39349,91.795183,30.2,15,116.8,0
25.52599,91.864835,52.4,11,45.4,0
25.311174,91.750343,24.9,16,30.1,0
25.382691,91.789751,24.6,10,61.6,0
25.526309,91.864745,27.5,7,22.9,0
25.359139,91.777803,26.2,9,49.0,0
25.402642,91.801528,28.0,9,5.9,0
25.48623,91.847836,52.9,17,6.8,0
25.284595,91.744743,0.8,23,626.8,1
25.501305,91.853933,26.7,14,60.9,0
25.430704,91.817262,6.6,11,19.8,0
25.358918,91.776514,18.0,9,64.5,0
25.457444,91.831823,27.9,12,8.8,0
25.4385,91.822309,8.3,10,89.6,0
25.318115,91.754532,37.0,12,2.4,0
25.317119,91.754631,28.0,11,65.8,0
25.550461,91.876519,27.8,18,17.8,0
25.323005,91.757639,21.1,16,40.2,0
25.55659,91.87939,14.8,9,62.0,0
25.44139,91.822343,36.6,11,63.4,0
25.406275,91.802655,24.8,13,80.9,0
25.443664,91.822889,24.5,9,133.2,0
25.394984,91.797229,27.5,14,1.6,0
25.521428,91.862762,23.2,14,19.7,0
25.329458,91.760483,19.7,14,31.9,0
25.422501,91.81198,12.9,15,50.6,0
25.29543,91.743546,7.4,16,10.4,0
25.337112,91.765098,141.5,7,3.5,1
25.528253,91.865927,28.6,15,64.7,0
25.382114,91.790748,26.8,8,66.6,0
25.342225,91.767433,42.1,9,45.7,0
25.455417,91.831871,18.9,13,105.5,0
25.30355,91.747046,16.5,18,5.3,0
25.322859,91.757092,118.3,3,5.0,1
25.307195,91.748364,19.5,10,38.0,0
25.423992,91.812864,5.3,15,45.3,0
25.274324,91.734566,27.6,15,62.9,0
25.40203,91.802065,14.6,10,91.2,0
25.491517,91.850582,24.1,15,2.6,0
25.570567,91.888467,12.6,12,3.2,0
25.466828,91.837025,44.1,8,9.9,0
25.489607,91.850014,32.8,9,22.6,0
25.31958,91.758934,1.5,1,351.4,1
25.48584,91.847575,30.2,15,11.1,0
25.361931,91.778902,25.8,11,5.0,0
25.552085,91.877811,21.7,17,47.3,0
25.319638,91.754939,22.8,10,40.5,0
25.275639,91.734891,5.7,11,35.9,0
25.331274,91.761991,18.1,9,16.8,0
25.274005,91.73479,36.4,8,100.3,0
25.544095,91.872184,12.8,16,28.1,0
25.398491,91.797769,8.8,15,135.5,0
25.490075,91.849628,8.7,12,40.3,0
25.426669,91.814167,24.6,9,63.1,0
25.316426,91.753653,23.3,14,8.1,0
25.565238,91.885357,37.7,10,7.8,0
25.433513,91.81831,14.4,10,30.0,0
25.484367,91.846922,31.3,9,5.0,0
25.507677,91.857222,37.1,7,15.7,0
25.356664,91.776385,20.5,15,44.9,0
25.415575,91.808284,9.9,9,35.8,0
25.532858,91.866169,22.4,15,100.7,0
25.409789,91.805847,15.1,15,39.7,0
25.541039,91.870921,17.2,15,27.8,0
25.322038,91.756305,2.7,16,37.3,0
25.543044,91.871764,16.1,16,7.5,0
25.391857,91.795632,44.1,8,15.2,0
25.315825,91.753567,18.1,15,32.2,0
25.550503,91.876449,57.6,8,8.7,0
25.279081,91.736598,6.7,8,51.9,0
25.492592,91.851027,17.3,15,1.0,0
25.414169,91.80826,39.3,16,37.8,0
25.38042,91.788747,21.1,18,36.4,0
25.360025,91.778429,19.3,11,62.1,0
25.301121,91.746116,56.5,10,11.3,0
25.350403,91.771842,33.5,10,58.7,0
25.312488,91.750597,5.8,14,76.4,0
25.40702,91.804197,21.9,16,28.9,0
25.501638,91.846354,9.6,18,858.0,1
25.514528,91.860185,25.1,10,38.6,0
25.553021,91.878254,4.3,11,35.5,0
25.576337,91.892169,32.8,11,16.7,0
25.536196,91.867856,15.8,10,64.4,0
25.275075,91.73393,35.0,14,35.9,0
25.38453,91.791993,22.8,9,57.2,0
25.313365,91.752788,25.4,15,89.4,0
25.305131,91.747381,15.3,11,43.5,0
25.507965,91.856484,10.7,16,72.6,0
25.521563,91.862084,24.4,12,56.0,0
25.389221,91.79371,56.3,8,29.3,0
25.414936,91.808616,23.5,14,30.9,0
25.507627,91.856673,30.3,9,39.0,0
25.517025,91.860655,18.9,11,16.0,0
25.464155,91.835352,29.6,11,28.1,0
25.503251,91.855462,12.8,16,16.7,0
25.55609,91.881225,25.5,12,141.5,0
25.464677,91.835569,48.4,7,35.3,0
25.412216,91.806435,11.4,10,34.2,0
25.54032,91.869917,22.9,15,26.3,0
25.299198,91.744915,45.1,7,22.7,0
25.446105,91.82606,46.5,15,43.4,0
25.532894,91.866635,22.6,13,54.0,0
25.300475,91.7458,36.9,15,8.8,0
25.518623,91.860927,10.0,16,53.9,0
25.574839,91.890605,59.1,15,45.9,0
25.482739,91.846196,33.4,7,22.4,0
25.312325,91.752063,26.8,12,75.0,0
25.339671,91.766925,40.0,10,42.9,0
25.277593,91.734878,7.2,12,54.7,0
25.300752,91.744878,40.4,10,97.4,0
25.442288,91.823105,10.9,12,37.8,0
25.443043,91.823947,15.8,15,3.3,0
25.380135,91.789356,27.8,17,38.1,0
25.484146,91.846822,21.4,10,7.2,0
25.571478,91.888859,20.2,11,18.4,0
25.523015,91.864241,39.5,14,107.0,0
25.439634,91.821905,24.8,17,11.1,0
25.573507,91.890247,16.6,8,3.2,0
25.576981,91.892545,27.9,11,15.4,0
25.560291,91.882075,16.6,18,19.7,0
25.566932,91.886519,15.2,10,20.7,0
25.467273,91.837299,46.3,13,7.3,0
25.462683,91.835106,23.3,7,27.5,0
25.504445,91.856595,38.1,11,84.5,0
25.439348,91.821929,26.2,13,6.7,0
25.47918,91.843922,34.7,10,6.5,0
25.420379,91.811069,13.5,17,24.6,0
25.541475,91.870992,30.5,13,9.4,0
25.298351,91.745191,37.7,10,44.0,0
25.50565,91.856634,19.3,10,38.6,0
25.317476,91.754276,33.9,12,11.9,0
25.484954,91.847262,40.3,15,6.4,0
25.41432,91.809208,18.9,16,121.9,0
25.526046,91.864738,15.5,15,33.0,0
25.328718,91.760944,23.3,12,53.1,0
25.330636,91.761403,28.6,17,6.0,0
25.555955,91.880239,33.6,11,55.4,0
25.51266,91.858724,6.1,9,35.2,0
25.31925,91.755652,23.6,15,49.9,0
25.566291,91.885081,60.0,15,79.3,0
25.481119,91.844688,12.3,12,36.8,0
25.362059,91.779268,3.7,10,33.7,0
25.352394,91.773181,47.8,7,36.1,0
25.413254,91.806812,35.7,14,53.6,0
25.42449,91.81308,35.0,13,51.1,0
25.447899,91.82648,34.0,12,12.7,0
25.454052,91.829687,22.3,16,33.2,0
25.298184,91.744197,21.7,9,49.3,0
25.379364,91.788779,21.2,10,23.7,0
25.463226,91.835911,19.7,9,76.4,0
25.31199,91.751183,9.6,8,7.5,0
25.502787,91.855557,55.5,17,45.7,0
25.48048,91.844677,39.2,16,3.3,0
25.559653,91.881389,15.8,10,48.2,0
25.407737,91.804081,31.4,16,21.2,0
25.30212,91.747163,23.6,10,72.0,0
25.518172,91.861635,23.8,16,37.9,0
25.54784,91.87505,35.6,9,29.1,0
25.279175,91.73683,58.5,11,71.2,0
25.386059,91.792539,4.3,14,27.7,0
25.312191,91.75177,29.2,12,53.8,0
25.468605,91.838729,17.6,8,59.9,0
25.44541,91.826183,9.7,14,92.9,0
25.338005,91.764448,60.0,16,108.1,0
25.548385,91.876244,7.1,9,111.4,0
25.333425,91.762491,18.4,10,50.9,0
25.350128,91.772669,16.1,12,36.6,0
25.414145,91.808886,50.1,17,100.0,0
25.396757,91.797863,11.7,15,32.6,0
25.281548,91.73691,24.9,17,29.0,0
25.39099,91.79471,25.8,13,27.7,0
25.569935,91.888413,7.0,6,28.1,0
25.310981,91.750615,20.6,8,6.8,0
25.40995,91.805755,12.2,11,22.1,0
25.459835,91.833622,22.1,15,37.0,0
25.384841,91.791582,20.6,12,0.4,0
25.466991,91.838631,19.5,17,137.6,0
25.446139,91.825564,31.5,12,6.7,0
25.272053,91.7329,28.7,10,2.4,0
25.533313,91.866675,8.3,9,67.2,0
25.443927,91.824564,144.4,8,15.6,1
25.350409,91.772533,18.2,14,8.1,0
25.315926,91.754102,38.3,10,78.8,0
25.398662,91.799584,21.8,14,31.8,0
25.483502,91.8461,14.8,14,28.2,0
25.522635,91.862486,26.0,14,58.7,0
25.372266,91.78589,36.9,14,126.3,0
25.426433,91.815107,35.1,12,41.1,0
25.491329,91.850283,41.1,11,25.7,0
25.350619,91.772879,27.5,10,30.4,0
25.270695,91.732977,23.6,12,67.4,0
25.396175,91.797799,26.7,13,7.4,0
25.285643,91.745711,2.0,1,677.3,1
25.44827,91.82599,7.9,12,80.5,0
25.511967,91.85869,31.7,8,10.0,0
25.432577,91.817664,12.0,11,42.3,0
25.501037,91.85392,30.6,14,51.1,0
25.499031,91.852855,12.1,15,78.2,0
25.289356,91.74006,17.1,8,66.1,0
25.571218,91.889709,41.6,16,77.5,0
25.370251,91.78341,36.1,11,6.1,0
25.335089,91.763874,23.1,12,6.3,0
25.444904,91.824219,22.1,12,70.8,0
25.444265,91.82405,14.7,10,52.7,0
25.519389,91.861835,3.0,8,8.2,0
25.538967,91.869979,13.5,8,40.5,0
25.295497,91.743446,17.3,15,2.8,0
25.512686,91.858068,11.4,8,104.0,0
25.5597,91.881664,37.4,14,24.8,0
25.531956,91.866869,16.1,14,8.9,0
25.414587,91.808852,24.8,9,72.8,0
25.344293,91.768346,22.3,10,68.7,0
25.491963,91.851217,27.1,7,44.6,0
25.344744,91.768805,8.5,11,48.4,0
25.550182,91.876276,35.3,8,10.8,0
25.485221,91.847121,9.5,14,21.8,0
25.276556,91.734988,11.6,9,3.9,0
25.328726,91.760463,25.8,16,5.8,0
25.490347,91.850692,34.6,17,57.2,0
25.507129,91.857297,14.6,16,46.1,0
25.549349,91.875747,24.7,13,8.4,0
25.30221,91.746352,10.4,18,14.5,0
25.438412,91.821489,6.2,15,14.5,0
25.301953,91.738476,0.7,22,802.3,1
25.365698,91.780477,16.8,9,45.3,0
25.312234,91.75133,12.3,14,8.6,0
25.449474,91.827639,28.4,14,15.0,0
25.28933,91.740137,15.8,9,57.0,0
25.391929,91.795197,31.6,10,31.0,0
25.539803,91.869764,27.0,9,16.2,0
25.483482,91.847323,17.3,9,91.8,0
25.52688,91.86432,15.2,8,44.7,0
25.469738,91.838642,33.1,15,9.9,0
25.28211,91.737799,5.8,9,35.5,0
25.511501,91.85935,31.2,14,77.5,0
25.462035,91.834314,21.9,12,14.5,0
25.437334,91.821624,14.0,8,85.9,0
25.4457,91.825791,37.4,9,39.1,0
25.334074,91.763845,34.4,14,45.8,0
25.486549,91.848006,20.1,7,7.5,0
25.516264,91.859895,12.8,15,63.1,0
25.40338,91.801616,13.8,8,25.4,0
25.467805,91.837993,53.1,13,31.5,0
25.529149,91.865771,23.6,15,11.5,0
25.364634,91.780551,15.5,10,19.4,0
25.382728,91.790335,1.2,16,6.7,0
25.427826,91.815384,7.6,15,7.3,0
25.279331,91.735912,50.4,7,29.1,0
25.544608,91.872656,59.4,11,12.7,0
25.415165,91.808781,12.4,14,34.6,0
25.491713,91.85024,10.8,14,46.0,0
25.453605,91.829989,24.3,9,20.2,0
25.29377,91.743522,14.0,11,83.8,0
25.479437,91.84457,11.3,13,42.7,0
25.531344,91.866519,25.0,14,1.9,0
25.386585,91.792895,21.3,9,33.8,0
25.329675,91.761505,46.4,9,55.9,0
25.469218,91.839142,16.2,9,66.9,0
25.333086,91.763144,48.5,12,31.0,0
25.354456,91.774622,11.7,15,7.3,0
25.334611,91.763807,14.1,15,13.1,0
25.2917,91.742641,8.8,14,88.9,0
25.394864,91.796508,15.3,15,62.1,0
25.562693,91.883087,42.3,11,61.8,0
25.378379,91.787891,22.0,12,9.5,0
25.354501,91.774829,36.6,8,10.3,0
25.460278,91.83341,26.6,15,7.6,0
25.389587,91.794058,29.3,8,15.2,0
25.504997,91.854829,7.9,18,121.0,0
25.291798,91.741485,26.9,10,32.9,0
25.463092,91.834443,7.1,18,59.2,0
25.447248,91.82573,29.8,10,50.5,0
25.395162,91.798493,21.6,11,114.9,0
25.304922,91.747539,60.0,9,17.8,0
25.40564,91.803453,7.3,18,300.0,1
25.476342,91.842385,30.7,9,2.7,0
25.504499,91.855493,81.5,17,31.7,1
25.520292,91.861485,22.1,10,65.3,0
25.372846,91.785096,36.7,6,17.7,0
25.349678,91.772324,7.6,9,27.3,0
25.304821,91.747882,25.1,12,21.6,0
25.307874,91.748902,21.9,10,14.4,0
25.299593,91.738572,1.0,23,684.7,1
25.426175,91.814808,39.0,15,25.9,0
25.361325,91.77862,17.2,10,10.4,0
25.443144,91.823597,12.2,10,36.3,0
25.381911,91.790614,29.0,14,64.5,0
25.529157,91.865232,14.5,16,44.5,0
25.340563,91.765768,21.7,10,117.9,0
25.27504,91.735361,22.1,18,300.0,1
25.373547,91.785545,15.7,11,23.5,0
25.414025,91.807969,24.2,8,17.2,0
25.412808,91.807399,27.0,9,27.6,0
25.476761,91.84285,20.0,15,19.9,0
25.408671,91.804861,55.2,11,4.3,0
25.532452,91.867111,9.4,16,13.4,0
25.380663,91.788827,15.6,15,41.9,0
25.358661,91.776089,21.8,15,91.9,0
25.314232,91.752055,11.3,6,28.8,0
25.330348,91.760895,9.3,15,39.8,0
25.325577,91.759333,16.4,16,66.0,0
25.534669,91.867313,13.1,11,57.3,0
25.577343,91.892424,18.9,11,17.0,0
25.327745,91.759977,16.4,14,11.6,0
25.552576,91.877685,24.5,16,7.0,0
25.432107,91.816803,11.6,9,100.7,0
25.4301,91.817237,10.6,9,50.1,0
25.331893,91.762412,23.9,16,24.2,0
25.450394,91.828794,14.1,16,77.6,0
25.475208,91.841597,27.8,15,18.0,0
25.362892,91.779337,28.4,12,4.6,0
25.385869,91.792821,7.9,9,65.3,0
25.300257,91.737901,1.6,2,783.2,1
25.536417,91.868543,20.6,14,2.4,0
25.405376,91.803702,7.5,15,69.6,0
25.52994,91.865993,18.9,10,1.8,0
25.355108,91.775353,24.0,14,28.5,0
25.439128,91.822902,17.6,12,113.3,0
25.487585,91.849276,42.4,15,60.1,0
25.454696,91.829305,14.8,12,105.3,0
25.55262,91.872869,6.2,3,454.2,1
25.555469,91.879305,21.5,10,5.5,0
25.494023,91.85174,22.6,17,13.5,0
25.556249,91.880629,18.4,10,75.6,0
25.519407,91.861223,136.3,12,55.8,1
25.457708,91.833091,14.6,8,100.4,0
25.430197,91.816873,28.2,13,9.4,0
25.417508,91.809888,17.4,12,15.7,0
25.427477,91.816778,20.7,7,147.2,0
25.553513,91.878402,24.2,15,21.2,0
25.295843,91.742803,11.8,13,83.9,0
25.387516,91.792136,27.6,11,90.3,0
25.42026,91.812053,30.9,8,77.6,0
25.554066,91.878814,38.0,9,28.6,0
25.514527,91.859516,15.3,11,30.4,0
25.39187,91.79508,25.1,9,39.2,0
25.576112,91.891475,21.8,12,36.4,0
25.54778,91.875381,7.9,10,64.0,0
25.364331,91.779762,57.8,14,41.0,0
25.552264,91.87803,40.8,8,57.9,0
25.502912,91.854528,38.8,6,65.8,0
25.540932,91.870813,17.0,9,23.7,0
25.500199,91.853621,38.5,15,47.4,0
25.286594,91.740068,21.4,14,60.9,0
25.525933,91.865272,16.3,14,92.9,0
25.459444,91.832245,11.5,10,75.8,0
25.541635,91.870505,12.2,12,46.2,0
25.397106,91.798323,14.0,7,6.7,0
25.287546,91.741047,37.6,11,116.9,0
25.461434,91.834349,125.4,11,21.3,1
25.381898,91.790218,4.1,14,26.8,0
25.392163,91.795515,4.2,11,12.7,0
25.359206,91.777835,47.2,9,48.5,0
25.48061,91.844586,36.3,12,19.2,0
25.353016,91.77441,16.3,14,49.8,0
25.54876,91.874953,44.2,18,33.2,0
25.306991,91.748915,6.9,11,27.4,0
25.377832,91.787084,41.0,11,58.4,0
25.378415,91.788139,46.2,15,12.8,0
25.441813,91.823628,36.1,13,38.8,0
25.277834,91.735255,36.1,9,27.5,0
25.324262,91.758052,6.3,14,12.5,0
25.549523,91.875705,33.8,6,5.7,0
25.463444,91.835283,26.4,15,3.5,0
25.46073,91.833989,8.3,13,24.4,0
25.309561,91.749155,22.7,10,65.7,0
25.435635,91.8193,23.1,14,48.4,0
25.570235,91.888745,18.4,14,42.3,0
25.31224,91.750939,56.7,10,29.7,0
25.422008,91.810882,2.0,13,130.8,0
25.501182,91.854007,22.4,15,48.1,0
25.394793,91.79609,21.8,7,99.0,0
25.559311,91.880803,19.1,9,84.3,0
25.420562,91.811213,23.8,13,20.5,0
25.330644,91.761693,15.2,14,21.8,0
25.457433,91.831476,7.5,7,42.0,0
25.280869,91.73727,18.0,9,38.4,0
25.572639,91.889717,26.7,16,3.6,0
25.414273,91.807726,26.9,10,19.8,0
25.57158,91.890709,28.8,15,151.9,0
25.417051,91.807982,13.2,10,145.0,0
25.335115,91.763712,27.0,7,23.4,0
25.380186,91.788499,31.8,12,47.9,0
25.333582,91.76317,29.0,9,6.7,0
25.480093,91.845289,4.4,11,77.1,0
25.372035,91.78316,23.4,16,126.9,0
25.425547,91.815551,2.3,12,132.1,0
25.523176,91.862844,22.9,9,44.0,0
25.540325,91.869861,35.0,10,32.0,0
25.369033,91.782204,14.1,10,57.6,0
25.472384,91.841013,14.9,16,77.8,0
25.299899,91.746254,8.9,11,81.2,0
25.453834,91.830383,29.0,7,46.3,0
25.430655,91.816979,28.8,11,5.0,0
25.409995,91.806395,19.5,12,82.0,0
25.549809,91.875133,27.3,15,76.5,0
25.437368,91.820861,5.1,9,9.8,0
25.480808,91.844164,16.1,15,71.0,0
25.549654,91.875982,17.6,9,13.3,0
25.339664,91.766509,34.4,14,2.8,0
25.340827,91.767398,21.8,15,26.4,0
25.51708,91.860931,22.0,8,10.2,0
25.338718,91.765874,28.0,9,7.8,0
25.426446,91.814897,22.5,11,19.9,0
25.543472,91.871955,16.1,9,13.9,0
25.35641,91.775011,23.5,15,75.1,0
25.317367,91.7539,34.6,15,18.8,0
25.293963,91.742593,23.4,12,19.4,0
25.37663,91.786482,26.8,9,52.0,0
25.368892,91.781171,60.0,16,150.5,0
25.424469,91.813294,15.7,12,29.2,0
25.282533,91.738463,28.2,10,83.6,0
25.475883,91.841049,21.8,8,107.8,0
25.319485,91.754905,32.1,11,35.5,0
25.409522,91.805364,31.3,10,7.2,0
25.375358,91.786646,55.8,8,32.8,0
25.30951,91.749959,20.1,10,18.3,0
25.37855,91.786827,49.0,14,122.3,0
25.50054,91.854482,31.6,14,27.5,0
25.493707,91.851006,34.8,16,49.2,0
25.527264,91.86484,10.0,9,6.7,0
25.331779,91.761852,15.0,11,24.1,0
25.4486,91.827614,19.4,9,59.8,0
25.40123,91.800943,12.9,16,25.3,0
25.448001,91.826715,53.0,15,4.7,0
25.501527,91.854116,4.1,10,51.1,0
25.32135,91.756252,55.4,10,5.2,0
25.536212,91.868464,7.9,12,2.2,0
25.473805,91.840995,60.0,10,0.8,0
25.498569,91.853195,12.1,11,24.0,0
25.357879,91.776347,31.0,14,24.5,0
25.488787,91.849297,16.2,10,2.8,0
25.354741,91.774165,60.0,17,67.2,0
25.545726,91.872951,24.7,7,49.0,0
25.377008,91.786811,27.2,12,40.5,0
25.5578,91.880958,27.5,17,17.6,0
25.531946,91.867258,29.8,8,49.6,0
25.577246,91.891352,39.1,13,113.5,0
25.369652,91.784169,10.4,9,100.2,0
25.401326,91.800659,28.5,15,7.6,0
25.449464,91.827807,15.0,15,31.9,0
25.415069,91.808936,22.7,16,54.9,0
25.440967,91.822709,28.6,7,5.0,0
25.414574,91.807561,15.9,12,52.1,0
25.549184,91.87594,24.1,7,36.3,0
25.388465,91.793079,32.3,9,49.9,0
25.334624,91.763558,25.1,11,11.9,0
25.323236,91.757134,18.6,10,21.3,0
25.381829,91.789828,19.3,11,7.5,0
25.319949,91.756754,22.7,18,119.4,0
25.387977,91.79334,33.7,16,2.0,0
25.574533,91.890814,83.5,2,8.3,1
25.442305,91.823889,44.4,15,37.6,0
25.31266,91.752187,10.6,12,69.0,0
25.448837,91.827437,9.6,14,29.7,0
25.38378,91.790361,18.4,15,61.1,0
25.553073,91.878018,29.4,14,10.0,0
25.55597,91.880744,14.3,10,102.7,0
25.29828,91.744674,22.3,9,5.2,0
25.517406,91.861369,29.0,13,42.0,0
25.566426,91.886285,20.4,15,27.6,0
25.425403,91.814021,19.8,13,9.0,0
25.47305,91.840209,23.4,11,36.5,0
25.470326,91.840264,30.5,12,116.2,0
25.50828,91.856759,8.4,18,57.1,0
25.50942,91.857432,38.5,9,34.8,0
25.383609,91.790931,6.5,9,3.6,0
25.394173,91.797652,22.9,17,86.5,0
25.567116,91.88747,39.3,14,100.7,0
25.567581,91.886148,12.5,11,51.9,0
25.536252,91.868476,47.8,13,2.6,0
25.570831,91.888058,19.2,11,57.4,0
25.341256,91.766607,32.1,13,73.7,0
25.331937,91.762103,59.5,14,8.2,0
25.386692,91.792018,33.6,15,57.2,0
25.424817,91.81394,36.5,11,14.9,0
25.440817,91.823582,11.7,15,88.1,0
25.328651,91.759858,49.0,10,49.0,0
25.493241,91.850897,19.3,9,41.2,0
25.484539,91.847391,19.8,14,41.4,0
25.456339,91.830921,12.9,14,36.8,0
25.563303,91.884807,7.7,17,66.9,0
25.391006,91.793986,16.0,15,99.0,0
25.353832,91.774933,42.5,12,56.6,0
25.408204,91.803444,15.9,13,108.4,0
25.322458,91.757088,5.7,13,16.3,0
25.390531,91.795195,10.1,16,44.3,0
25.293684,91.74265,10.3,16,0.7,0
25.474781,91.8416,5.5,15,5.4,0
25.428621,91.816498,32.8,6,58.1,0
25.41003,91.806784,15.4,9,118.0,0
25.429724,91.816795,60.0,9,27.5,0
25.299485,91.737913,0.4,1,746.7,1
25.332443,91.762286,17.5,16,17.7,0
25.575842,91.891361,29.5,16,31.7,0
25.472367,91.841687,14.5,14,144.3,0
25.282527,91.738868,30.7,16,124.9,0
25.293809,91.742286,25.2,7,43.5,0
25.527131,91.863828,16.1,8,105.9,0
25.364166,91.779689,44.4,14,39.3,0
25.540776,91.871018,6.8,12,52.2,0
25.28707,91.740254,52.7,16,58.1,0
25.317985,91.754301,46.4,10,13.2,0
25.546829,91.874697,34.9,15,53.7,0
25.306324,91.748417,17.8,9,7.3,0
25.474404,91.841381,15.0,12,4.5,0
25.569471,91.888593,127.0,23,71.9,1
25.422511,91.813364,3.1,10,83.5,0
25.543196,91.872378,26.2,10,42.2,0
25.288466,91.741703,24.6,7,141.4,0
25.327145,91.75997,3.8,10,43.4,0
25.392783,91.795899,9.0,13,8.9,0
25.407183,91.803723,5.6,15,26.0,0
25.3816,91.788763,34.7,11,98.7,0
25.553463,91.877566,8.1,12,55.5,0
25.471739,91.839472,29.6,16,37.3,0
25.291849,91.742144,29.5,11,31.6,0
25.578025,91.892425,33.2,15,56.2,0
25.337766,91.765725,23.2,11,29.1,0
25.320236,91.755498,14.7,8,18.3,0
25.517253,91.860016,20.7,9,91.5,0
25.295125,91.742107,28.5,16,121.7,0
25.468057,91.837664,44.1,12,14.2,0
25.321905,91.761162,1.0,0,442.6,1
25.513485,91.858165,83.7,22,127.0,1
25.540977,91.871058,19.6,9,44.4,0
25.313032,91.752237,120.3,10,53.8,1
25.433209,91.818873,14.0,12,41.3,0
25.395418,91.798131,22.0,14,65.9,0
25.424008,91.81383,13.3,16,47.9,0
25.500862,91.85477,14.5,13,43.9,0
25.272862,91.733563,29.3,13,27.9,0
25.506517,91.855345,52.7,14,130.4,0
25.439977,91.822498,19.3,8,28.1,0
25.292661,91.741956,13.8,14,24.5,0
25.433182,91.817815,17.5,9,60.3,0
25.33909,91.76604,7.9,9,11.8,0
25.484928,91.847199,8.8,10,1.6,0
25.361535,91.778912,21.6,12,27.4,0
25.435488,91.819602,15.0,11,11.0,0
25.373786,91.785144,29.7,9,28.4,0
25.338615,91.765791,13.5,10,10.4,0
25.556618,91.880719,31.1,16,63.0,0
25.543907,91.872261,22.9,9,9.9,0
25.500204,91.85344,35.5,16,66.3,0
25.284943,91.739355,19.3,7,64.0,0
25.491402,91.84944,14.3,7,115.9,0
25.456092,91.832115,110.0,13,92.7,1
25.336873,91.764846,35.1,12,8.1,0
25.406504,91.8035,15.3,14,11.0,0
25.52666,91.864266,11.6,15,41.2,0
25.345785,91.770791,28.2,9,88.6,0
25.42436,91.813031,4.2,9,48.8,0
25.42609,91.81507,9.4,8,56.0,0
25.325332,91.758474,24.9,7,4.3,0
25.343836,91.767098,48.3,9,165.4,0
25.556049,91.880307,29.2,17,56.5,0
25.409726,91.804276,9.0,8,109.7,0
25.280393,91.736784,21.1,10,10.9,0
25.399736,91.798938,22.5,15,89.1,0
25.298055,91.7483,7.8,9,373.1,1
25.444498,91.824308,20.1,7,40.3,0
25.487005,91.848882,12.4,16,53.1,0
25.385392,91.792394,12.5,11,49.5,0
25.444855,91.825306,21.6,17,37.6,0
25.364374,91.780565,17.9,7,34.7,0
25.543338,91.871756,9.7,14,25.2,0
25.531204,91.866626,27.4,11,14.9,0
25.424527,91.813774,17.3,12,14.4,0
25.433424,91.819499,17.0,7,90.6,0
25.52507,91.863166,25.9,9,89.1,0
25.538508,91.869346,48.9,15,5.9,0
25.353152,91.773911,26.8,15,6.0,0
25.440542,91.82233,21.0,15,18.8,0
25.400175,91.800012,14.6,8,8.3,0
25.476864,91.841576,10.4,12,109.5,0
25.297644,91.7439,110.5,1,54.8,1
25.520615,91.862272,6.1,8,2.7,0
25.478714,91.843496,53.1,15,22.8,0
25.484257,91.846243,17.3,10,55.1,0
25.505853,91.857163,16.7,9,85.0,0
25.404831,91.803155,18.8,15,45.8,0
25.408715,91.804358,18.7,15,47.1,0
25.359064,91.77704,9.8,10,21.2,0
25.287406,91.740156,6.9,16,32.8,0
25.464777,91.83646,11.7,10,46.0,0
25.479196,91.844394,21.7,13,38.6,0
25.436857,91.821518,16.0,17,101.3,0
25.481535,91.846696,59.0,11,136.1,0
25.466286,91.83748,22.6,14,63.7,0
25.449324,91.826785,32.2,15,60.1,0
25.571341,91.889623,19.2,9,62.2,0
25.494531,91.852002,19.5,15,19.6,0
25.475,91.84095,9.0,15,69.7,0
25.276672,91.734722,6.7,11,28.5,0
25.50087,91.858475,28.8,22,426.6,1
25.381817,91.789599,6.9,17,29.1,0
25.506564,91.855926,18.8,9,72.3,0
25.397618,91.798571,17.1,9,10.3,0
25.40459,91.803976,7.7,15,138.7,0
25.41057,91.804818,34.0,14,102.6,0
25.289396,91.741417,20.8,9,69.9,0
25.326423,91.759369,22.8,11,23.8,0
25.454858,91.83104,5.8,10,54.8,0
25.305982,91.754969,27.3,19,687.9,1
25.552048,91.877606,27.0,17,29.8,0
25.274334,91.730295,1.6,3,371.0,1
25.571004,91.888538,22.6,16,21.7,0
25.468362,91.83859,26.2,12,59.5,0
25.508306,91.857869,7.0,13,56.5,0
25.56174,91.883322,31.1,9,15.6,0
25.42568,91.814145,8.9,15,11.8,0
25.423581,91.812968,9.5,10,12.9,0
25.546867,91.874038,17.5,10,11.3,0
25.45776,91.832648,17.2,9,54.5,0
25.47319,91.840425,44.3,15,23.0,0
25.338086,91.765925,41.2,8,31.4,0
25.431627,91.817831,38.0,9,25.4,0
25.568493,91.886243,8.2,9,95.4,0
25.439324,91.820747,53.6,8,107.0,0
25.451442,91.828016,10.0,13,54.8,0
25.464077,91.834918,17.5,15,66.2,0
25.301879,91.74685,28.1,14,51.2,0
25.376646,91.787724,12.7,15,68.0,0
25.411711,91.806586,13.1,13,7.8,0
25.528699,91.865592,22.8,13,11.7,0
25.305628,91.748,26.6,15,3.3,0
25.448726,91.826593,8.7,11,46.5,0
25.462712,91.835413,13.3,12,55.7,0
25.35033,91.772645,26.4,15,23.4,0
25.447189,91.825062,111.1,3,112.3,1
25.336149,91.763267,26.0,14,122.6,0
25.462874,91.834931,5.3,9,0.1,0
25.410409,91.805643,18.9,18,13.7,0
25.283743,91.73756,9.2,12,63.4,0
25.482126,91.845542,8.1,11,8.2,0
25.548208,91.87481,28.1,15,15.0,0
25.499854,91.85336,26.2,12,60.1,0
25.354148,91.774704,50.9,8,17.3,0
25.31499,91.752255,51.6,15,50.3,0
25.320194,91.755677,8.8,8,1.4,0
25.541221,91.870535,2.7,14,19.5,0
25.365953,91.779587,12.3,9,145.8,0
25.349651,91.77219,8.5,15,15.7,0
25.473771,91.84082,13.8,11,16.0,0
25.287869,91.740331,26.2,10,29.4,0
25.379131,91.787791,26.3,15,59.8,0
25.451108,91.828671,5.9,15,27.1,0
25.327144,91.759631,11.2,17,10.4,0
25.418146,91.810345,21.3,13,25.7,0
25.36733,91.782641,50.3,11,77.0,0
25.53461,91.867043,12.9,6,82.8,0
25.407979,91.805056,26.3,10,60.7,0
25.469587,91.839519,37.4,7,83.7,0
25.42702,91.814594,29.2,9,40.6,0
25.347374,91.770675,22.7,15,8.6,0
25.302725,91.746658,19.3,15,6.9,0
25.34486,91.770004,8.7,10,62.0,0
25.415013,91.808386,33.1,8,4.4,0
25.366394,91.782275,36.7,11,92.0,0
25.481798,91.845244,34.7,12,19.4,0
25.313356,91.752502,13.2,12,62.1,0
25.389425,91.795,11.4,11,85.1,0
25.339063,91.765808,48.2,16,32.9,0
25.349819,91.771975,54.5,12,14.3,0
25.498995,91.853805,19.4,12,21.4,0
25.533652,91.867768,20.3,10,31.7,0
25.434631,91.819211,7.2,11,2.7,0
25.321269,91.755384,18.0,9,85.3,0
25.387446,91.792227,33.2,10,77.7,0
25.393692,91.795646,19.9,13,82.7,0
25.534083,91.867605,34.3,16,2.9,0
25.400155,91.799335,26.1,9,73.0,0
25.387823,91.792619,30.9,9,60.0,0
25.419908,91.810844,7.8,13,21.0,0
25.573817,91.890029,27.0,9,41.8,0
25.551844,91.877496,37.1,8,31.2,0
25.279373,91.73649,23.3,9,27.6,0
25.322295,91.757191,22.2,11,35.1,0
25.283099,91.738216,29.2,10,32.6,0
25.525491,91.864103,16.8,9,9.7,0
25.460007,91.832686,18.0,13,63.4,0
25.492425,91.851384,7.3,10,42.8,0
25.353033,91.774541,114.3,20,61.7,1
25.348157,91.771062,19.8,15,13.3,0
25.485241,91.847404,27.6,12,4.6,0
25.424597,91.812237,11.4,10,139.0,0
25.304665,91.746826,16.1,12,78.5,0
25.289629,91.740359,4.9,16,48.2,0
25.470734,91.840195,29.4,8,87.4,0
25.437534,91.820676,36.2,9,17.1,0
25.480646,91.844029,51.5,12,75.4,0
25.36055,91.778273,33.4,15,18.5,0
25.488291,91.847826,26.8,15,119.1,0
25.28621,91.740148,23.2,14,86.6,0
25.452191,91.828778,39.2,10,21.2,0
25.278708,91.735992,19.6,8,7.4,0
25.440624,91.823239,23.1,18,65.2,0
25.407766,91.80422,27.0,10,9.2,0
25.346427,91.770192,11.8,14,4.4,0
25.354312,91.774274,14.6,11,33.4,0
25.531277,91.865981,39.8,15,54.7,0
25.277972,91.736291,24.9,10,71.4,0
25.311905,91.750987,22.3,13,7.0,0
25.402085,91.801259,14.6,8,9.8,0
25.573327,91.890649,43.8,12,45.5,0
25.49828,91.853194,41.0,9,12.2,0
25.342502,91.76835,8.3,13,28.5,0
25.369612,91.783638,39.0,9,50.6,0
25.355007,91.775811,17.4,14,78.6,0
25.560006,91.882863,16.9,11,71.8,0
25.570238,91.888104,5.9,9,18.8,0
25.569998,91.88745,15.2,12,67.3,0
25.575749,91.891704,12.5,9,6.3,0
25.561402,91.883006,29.1,9,5.0,0
25.28893,91.741185,31.4,15,67.6,0
25.362431,91.779587,19.4,13,44.6,0
25.566737,91.887013,28.4,9,79.1,0
25.277148,91.73487,52.8,14,35.2,0
25.474601,91.841893,21.4,11,43.6,0
25.480722,91.844636,10.3,13,20.4,0
25.347326,91.770332,60.0,9,39.3,0
25.316356,91.752867,5.0,13,64.6,0
25.447961,91.826111,7.0,9,52.0,0
25.538561,91.869791,12.5,14,37.9,0
25.438824,91.821551,8.7,9,1.7,0
25.518587,91.861414,5.5,16,2.1,0
25.302017,91.745834,60.0,11,58.2,0
25.420809,91.810607,11.4,13,92.8,0
25.567551,91.887297,44.7,15,59.2,0
25.351193,91.772957,6.5,16,7.0,0
25.412164,91.805742,4.0,9,98.8,0
25.316227,91.763596,7.0,6,986.4,1
25.274009,91.733757,34.6,13,4.8,0
25.321003,91.755491,8.1,9,60.5,0
25.391649,91.796942,8.8,10,153.8,0
25.3472,91.769979,15.0,10,66.9,0
25.36875,91.782423,10.6,12,21.0,0
25.412592,91.807404,20.4,12,39.7,0
25.306203,91.748845,14.4,14,56.2,0
25.461544,91.834347,22.1,17,15.1,0
25.384166,91.790167,20.5,10,100.9,0
25.533405,91.868394,16.0,9,106.7,0
25.453373,91.829249,51.7,13,39.2,0
25.38173,91.789908,16.8,12,5.6,0
25.310925,91.750347,42.1,15,16.2,0
25.423207,91.812572,47.8,9,31.2,0
25.338745,91.76599,24.3,8,2.0,0
25.524954,91.863839,27.5,7,14.8,0
25.552295,91.877035,28.7,17,38.7,0
25.304309,91.748323,25.6,16,89.7,0
25.302865,91.746401,55.7,14,39.4,0
25.328009,91.760106,17.4,8,9.8,0
25.571191,91.889011,18.2,15,12.6,0
25.340473,91.767771,30.8,9,81.9,0
25.548448,91.875418,24.0,12,29.0,0
25.444315,91.824169,43.2,14,43.9,0
25.28821,91.739942,16.3,11,25.6,0
25.530583,91.865611,30.5,14,64.3,0
25.576144,91.893152,13.8,13,121.4,0
25.37886,91.788514,17.2,10,25.1,0
25.29055,91.740713,89.3,9,54.3,1
25.491017,91.850161,11.9,11,25.4,0
25.465858,91.83742,8.1,13,81.0,0
25.528781,91.866663,13.0,13,119.0,0
25.37207,91.784443,21.6,6,3.9,0
25.294599,91.743204,11.7,15,13.7,0
25.479018,91.844181,27.7,10,27.4,0
25.33952,91.766362,37.8,13,3.7,0
25.351689,91.773969,27.0,11,78.7,0
25.317007,91.753308,40.4,15,56.9,0
25.396331,91.7977,12.7,7,25.5,0
25.411706,91.806218,21.4,11,27.8,0
25.276321,91.735442,3.5,9,60.7,0
25.379157,91.788188,55.5,10,22.7,0
25.338255,91.765789,60.0,14,9.0,0
25.420505,91.811157,17.7,9,22.8,0
25.480647,91.844848,23.3,8,4.3,0
25.371477,91.783805,46.0,8,33.9,0
25.48339,91.846465,28.0,10,13.3,0
25.553022,91.878,29.3,15,11.3,0
25.295973,91.74426,40.3,10,58.1,0
25.497253,91.853281,32.1,11,39.3,0
25.418064,91.81001,21.4,8,2.5,0
25.498147,91.852648,30.8,12,63.1,0
25.322175,91.756978,22.2,15,20.8,0
25.536431,91.869028,21.0,9,47.1,0
25.343408,91.768787,14.8,9,22.0,0
25.365992,91.781446,90.7,19,33.0,1
25.547515,91.874428,29.6,13,11.5,0
25.454147,91.829708,9.1,9,36.4,0
25.3777,91.788132,6.6,9,50.7,0
25.481489,91.846515,25.2,13,121.0,0
25.464105,91.835663,9.6,16,4.8,0
25.311083,91.749729,60.0,9,84.9,0
25.501062,91.854697,17.0,14,28.2,0
25.323264,91.7574,60.0,8,3.0,0
25.490766,91.851063,10.1,11,78.2,0
25.401345,91.800554,21.0,16,18.8,0
25.274053,91.730797,0.7,1,307.3,1
25.342696,91.767691,29.5,16,46.0,0
25.487126,91.849117,15.5,9,69.5,0
25.565811,91.885065,8.1,14,53.1,0
25.350753,91.771813,4.9,9,80.5,0
25.543215,91.871241,1.7,9,67.1,0
25.501152,91.853921,29.9,11,55.8,0
25.337164,91.765293,13.6,13,19.6,0
25.299331,91.744339,26.3,9,87.3,0
25.316287,91.752277,15.9,13,118.3,0
25.44266,91.82346,12.3,9,23.4,0
25.490785,91.849797,13.6,9,53.5,0
25.345336,91.769739,14.6,10,10.5,0
25.348541,91.771321,3.9,7,8.8,0
25.329163,91.760441,18.5,9,19.9,0
25.454693,91.830722,13.8,12,32.8,0
25.40529,91.80275,17.0,10,18.4,0
25.486367,91.848153,11.6,12,16.7,0
25.507964,91.857722,31.8,9,55.4,0
25.566627,91.886796,29.2,13,64.7,0
25.279934,91.73677,4.4,9,30.5,0
25.331895,91.761788,33.4,13,36.6,0
25.369573,91.784407,21.4,11,127.6,0
25.30018,91.738962,1.0,2,671.9,1
25.412869,91.806001,17.6,17,111.7,0
25.466644,91.836935,31.4,10,8.7,0
25.551188,91.877513,41.4,14,70.6,0
25.314165,91.75193,18.6,9,37.4,0
25.424853,91.814179,21.0,10,36.2,0
25.496046,91.852842,31.1,11,43.8,0
25.454781,91.830378,13.7,10,5.4,0
25.525958,91.863639,31.3,12,76.9,0
25.396046,91.798485,17.1,8,66.3,0
25.432697,91.818662,43.1,13,48.4,0
25.413333,91.807829,21.6,14,41.0,0
25.486037,91.848659,29.7,16,83.7,0
25.457905,91.831655,47.5,13,50.1,0
25.418966,91.809703,46.0,8,81.1,0
25.514804,91.86061,16.5,9,71.2,0
25.525521,91.864866,29.9,11,68.0,0
25.307529,91.74922,24.0,16,33.7,0
25.432944,91.818593,6.1,10,28.3,0
25.453016,91.829792,24.4,12,32.9,0
25.282955,91.737617,51.3,15,21.6,0
25.559817,91.882442,26.0,11,42.6,0
25.456967,91.831941,12.7,7,28.5,0
25.270299,91.733061,31.9,11,94.1,0
25.303563,91.746768,10.7,9,34.1,0
25.550343,91.87692,18.3,17,62.8,0
25.368285,91.782743,5.9,15,35.3,0
25.296974,91.744944,41.8,8,81.8,0
25.361381,91.779181,2.5,10,61.9,0
25.571421,91.889022,19.1,10,0.4,0
25.290636,91.741599,6.6,13,31.8,0
25.360415,91.777469,3.1,7,52.5,0
25.357499,91.776821,18.3,16,42.1,0
25.340159,91.766151,35.6,7,58.8,0
25.321009,91.757201,16.7,9,105.6,0
25.403217,91.801448,39.8,8,33.0,0
25.332816,91.763343,25.0,6,64.9,0
25.553186,91.878266,29.8,8,27.1,0
25.434177,91.818117,10.1,11,84.7,0
25.431225,91.818068,26.4,9,70.2,0
25.523331,91.863664,27.8,17,34.3,0
25.473059,91.841546,20.2,13,93.2,0
25.423191,91.812453,22.9,15,41.9,0
25.444492,91.82546,29.2,16,72.2,0
25.300874,91.746199,23.7,9,31.1,0
25.570685,91.887805,34.3,10,73.1,0
25.50381,91.855193,36.8,15,34.2,0
25.532741,91.867116,26.5,16,2.0,0
25.361051,91.778709,21.7,9,33.8,0
25.337975,91.765985,28.4,11,43.2,0
25.412145,91.806494,21.0,10,24.6,0
25.275381,91.731384,0.8,0,308.3,1
25.565012,91.884574,36.4,15,53.8,0
25.31033,91.750235,20.6,12,5.0,0
25.477757,91.843734,38.7,17,52.1,0
25.540362,91.870588,32.1,13,35.1,0
25.366576,91.780931,14.6,7,48.7,0
25.420257,91.810642,47.7,9,59.6,0
25.316532,91.753627,24.8,12,0.2,0
25.462035,91.83393,23.1,16,51.9,0
25.397443,91.797846,38.1,12,71.3,0
25.43656,91.820092,37.3,10,21.4,0
25.493154,91.850655,14.8,15,62.8,0
25.418793,91.810557,43.3,9,11.3,0
25.574206,91.894738,11.9,15,384.2,1
25.389189,91.793795,35.0,11,19.4,0
25.465542,91.836608,26.6,10,19.0,0
25.527414,91.865011,18.6,10,4.7,0
25.292753,91.743083,28.6,13,85.7,0
25.475631,91.841318,18.1,7,68.0,0
25.368124,91.782973,60.0,11,66.4,0
25.340768,91.767472,27.8,9,36.9,0
25.498134,91.853648,20.4,9,40.7,0
25.528536,91.866367,15.1,14,98.5,0
25.432836,91.817688,59.8,13,53.9,0
25.507296,91.857087,14.0,9,17.4,0
25.405043,91.801928,11.3,15,85.0,0
25.271881,91.733551,36.2,14,71.5,0
25.36479,91.779893,30.0,17,53.2,0
25.270977,91.732748,16.1,11,31.3,0
25.387611,91.794094,11.1,12,95.1,0
25.327847,91.759472,19.9,7,43.1,0
25.30664,91.748152,24.5,14,34.1,0
25.34492,91.77013,23.7,14,71.0,0
25.533885,91.866471,49.6,17,111.9,0
25.431459,91.81758,31.2,14,10.1,0
25.322904,91.758405,4.8,15,120.3,0
25.419675,91.811749,18.7,12,79.7,0
25.455674,91.825807,18.2,4,498.5,1
25.319378,91.76109,1.5,1,572.1,1
25.347067,91.770646,44.1,14,5.2,0
25.397511,91.798193,30.1,15,41.3,0
25.414101,91.808225,40.0,14,38.0,0
25.324553,91.758408,124.4,7,31.5,1
25.294703,91.744206,21.2,10,110.6,0
25.384966,91.792173,19.0,10,51.2,0
25.392687,91.794918,6.6,14,99.1,0
25.275909,91.734272,18.2,15,39.3,0
25.378781,91.787964,26.3,10,24.1,0
25.273675,91.734392,25.7,8,74.9,0
25.341776,91.769309,16.4,14,161.1,0
25.527286,91.864622,41.5,16,30.2,0
25.452504,91.82944,39.4,12,26.4,0
25.331446,91.760863,33.5,14,102.4,0
25.456998,91.837711,25.5,4,588.3,1
25.327176,91.760296,21.0,9,73.4,0
25.281264,91.736906,7.3,14,16.6,0
25.543352,91.871307,15.7,15,68.7,0
25.564695,91.883455,22.4,11,142.1,0
25.487959,91.849241,17.4,10,36.4,0
25.302584,91.745839,15.4,10,83.7,0
25.458723,91.833456,27.0,16,81.0,0
25.340532,91.767223,23.1,16,25.4,0
25.475525,91.841453,125.8,4,49.2,1
25.472578,91.840429,35.1,14,10.5,0
25.444779,91.826032,11.6,11,112.3,0
25.311826,91.750894,30.6,11,11.7,0
25.362905,91.77952,35.2,15,12.5,0
25.279645,91.735757,23.7,14,59.2,0
25.514689,91.860357,15.5,9,49.8,0
25.491702,91.851047,13.0,15,37.9,0
25.454613,91.830388,43.4,10,4.6,0
25.283498,91.738173,23.7,13,10.0,0
25.338223,91.77906,10.5,2,1302.1,1
25.321218,91.756046,11.3,16,18.1,0
25.347065,91.769956,15.3,13,61.8,0
25.341986,91.76847,18.1,13,68.1,0
25.37992,91.789672,101.2,12,80.5,1
25.298136,91.744061,8.3,10,61.0,0
25.435955,91.819976,17.5,7,0.1,0
25.448837,91.826343,19.0,10,76.7,0
25.381363,91.789562,40.3,17,8.2,0
25.576312,91.891574,21.8,10,38.5,0
25.359829,91.777441,15.0,7,300.0,1
25.356103,91.775732,20.1,11,11.6,0
25.578112,91.893266,21.5,11,32.2,0
25.45711,91.831562,15.4,16,16.1,0
25.520575,91.862908,14.9,17,70.1,0
25.571667,91.88912,2.2,14,4.5,0
25.358836,91.780389,3.1,5,317.0,1
25.289141,91.741253,31.6,16,64.9,0
25.552197,91.87804,50.5,10,62.6,0
25.274127,91.730748,0.4,1,315.7,1
25.440188,91.822033,11.6,13,28.6,0
25.34501,91.768348,13.9,15,107.2,0
25.349011,91.772148,29.9,9,46.2,0
25.438181,91.820609,17.4,16,58.6,0
25.317848,91.753902,54.2,10,44.6,0
25.383235,91.790808,36.8,8,11.9,0
25.416242,91.808356,28.9,15,65.0,0
25.446387,91.825905,18.6,10,13.1,0
25.319192,91.759547,1.6,22,432.1,1
25.378325,91.78762,42.8,9,33.0,0
25.414611,91.807712,15.7,15,39.4,0
25.30582,91.748739,25.6,10,62.9,0
25.574333,91.890311,26.8,9,44.7,0
25.320123,91.760655,1.9,2,489.6,1
25.368237,91.781762,49.0,14,57.6,0
25.394812,91.797737,21.1,16,60.3,0
25.317506,91.754261,49.5,9,8.8,0
25.529832,91.866117,39.4,12,19.0,0
25.503235,91.856582,60.0,14,133.1,0
25.383822,91.790933,17.0,12,7.7,0
25.515914,91.860043,50.3,17,33.3,0
25.543159,91.871001,94.0,22,86.8,1
25.408851,91.805069,26.6,10,14.8,0
25.318361,91.75502,38.5,13,36.5,0
25.386657,91.791941,19.5,15,62.9,0
25.554655,91.877927,8.3,13,89.9,0
25.304929,91.748964,8.7,9,126.4,0
25.495442,91.85314,7.6,9,99.5,0
25.351126,91.770613,60.0,8,217.5,0
25.413702,91.807856,16.3,12,23.7,0
25.277032,91.735284,4.1,8,12.2,0
25.534281,91.867226,22.6,16,50.3,0
25.513249,91.859232,16.5,14,7.0,0
25.437623,91.821831,38.1,8,90.5,0
25.411081,91.806906,18.1,15,72.9,0
25.374894,91.786448,19.0,12,38.5,0
25.548501,91.874308,21.4,11,79.8,0
25.525918,91.864883,50.6,15,53.3,0
25.424478,91.814403,15.5,10,78.3,0
25.506708,91.856655,26.9,8,2.9,0
25.391093,91.795244,9.1,13,18.7,0
25.481027,91.844402,38.8,10,59.7,0
25.460986,91.834961,22.5,17,105.1,0
25.569254,91.889631,108.0,23,183.3,1
25.556505,91.880252,132.5,15,25.0,1
25.531418,91.867141,15.0,11,59.3,0
25.483553,91.846718,24.6,14,29.2,0
25.550572,91.876436,14.0,15,3.5,0
25.42842,91.815429,17.7,15,35.0,0
25.318564,91.754565,45.2,14,18.8,0
25.319544,91.75456,18.8,7,72.2,0
25.438807,91.821893,44.9,14,32.5,0
25.349233,91.771793,12.4,11,0.3,0
25.449231,91.82703,21.7,14,31.2,0
25.270111,91.731408,36.3,15,67.1,0
25.338628,91.765607,15.8,8,28.9,0
25.329167,91.761069,18.7,11,41.0,0
25.518505,91.861458,18.2,13,5.8,0
25.406317,91.803872,16.3,14,35.2,0
25.340838,91.767598,11.4,8,45.3,0
25.360073,91.777847,22.9,10,2.8,0
25.551122,91.876665,9.4,8,6.4,0
25.389817,91.794695,24.6,10,34.3,0
25.440133,91.822049,41.8,11,24.1,0
25.55629,91.879429,17.5,13,41.0,0
25.366846,91.78089,31.5,17,67.2,0
25.571019,91.888962,27.9,11,17.9,0
25.414562,91.808344,37.7,10,24.8,0
25.42552,91.814991,42.8,10,79.1,0
25.559205,91.8828,19.1,9,112.0,0
25.280955,91.736679,16.5,11,25.5,0
25.353409,91.774271,11.6,15,15.1,0
25.433654,91.818134,24.6,15,54.8,0
25.345264,91.76973,11.4,11,13.5,0
25.414837,91.807647,18.3,18,58.0,0
25.314734,91.751302,51.5,16,129.2,0
25.291632,91.741518,33.8,7,21.9,0
25.299114,91.745642,26.4,8,54.9,0
25.378745,91.787459,16.0,10,71.3,0
25.401749,91.802183,12.8,8,117.8,0
25.548928,91.875943,9.5,11,51.4,0
25.576732,91.890761,26.0,14,140.1,0
25.387928,91.793816,20.6,15,50.9,0
25.356952,91.775723,47.1,15,35.2,0
25.284329,91.738254,36.3,8,19.6,0
25.396657,91.797588,18.9,11,54.0,0
25.368053,91.7834,35.4,11,111.8,0
25.509619,91.857975,42.9,15,13.1,0
25.443844,91.823874,11.2,12,47.1,0
25.455151,91.831393,9.1,10,73.3,0
25.432528,91.817905,20.2,6,16.2,0
25.29067,91.741961,118.8,15,66.9,1
25.387171,91.792795,60.0,10,7.6,0
25.527236,91.864077,18.9,15,84.5,0
25.415223,91.808425,35.4,15,3.1,0
25.369411,91.783503,49.4,7,48.3,0
25.355162,91.775957,5.1,11,84.3,0
25.532914,91.866447,19.0,10,74.3,0
25.485548,91.847018,29.0,9,49.4,0
25.449205,91.82682,12.1,14,50.2,0
25.577497,91.892614,21.3,15,7.8,0
25.486196,91.847576,19.5,10,30.2,0
25.353744,91.768085,13.8,16,605.0,1
25.285709,91.738594,17.1,9,48.2,0
25.386819,91.79349,10.0,11,79.0,0
25.550422,91.87559,12.2,16,68.4,0
25.545482,91.87285,39.5,12,44.5,0
25.298532,91.744922,15.4,16,8.4,0
25.413672,91.807061,15.5,12,52.1,0
25.531037,91.866579,16.3,14,17.0,0
25.369871,91.783095,9.3,15,16.2,0
25.429004,91.815742,30.8,15,36.2,0
25.566111,91.885923,14.4,11,11.4,0
25.570172,91.888794,9.5,13,50.7,0
25.45882,91.832976,9.3,15,29.1,0
25.464039,91.836234,19.8,9,63.9,0
25.401158,91.801312,33.8,14,65.1,0
25.423995,91.813464,36.3,15,13.0,0
25.570158,91.887981,17.1,13,25.9,0
25.477422,91.843806,13.8,13,77.2,0
25.576362,91.891429,31.3,14,55.1,0
25.274992,91.734181,34.4,15,6.6,0
25.367045,91.781458,14.4,11,22.8,0
25.325433,91.758782,20.4,15,20.3,0
25.434059,91.818528,7.2,7,38.3,0
25.364804,91.780473,50.5,11,2.6,0
25.384825,91.790378,22.6,8,115.9,0
25.567803,91.88604,11.2,13,75.1,0
25.334313,91.763226,15.2,15,27.3,0
25.37746,91.787547,23.1,15,6.8,0
25.310425,91.750872,26.0,13,61.8,0
25.429295,91.816987,46.5,10,69.3,0
25.531853,91.866826,10.2,12,8.8,0
25.389745,91.793979,16.3,15,31.5,0
25.345809,91.770326,26.1,13,42.0,0
25.40531,91.802263,21.1,8,66.8,0
25.450892,91.828774,21.0,11,48.8,0
25.413921,91.80724,21.9,10,48.0,0
25.529467,91.864902,23.6,13,91.4,0
25.460786,91.834448,16.2,10,66.0,0
25.490289,91.849789,86.5,16,33.7,1
25.388778,91.793084,12.3,6,66.3,0
25.305274,91.74787,8.4,9,0.4,0
25.358126,91.776793,60.0,11,5.5,0
25.547752,91.874013,14.8,13,64.7,0
25.546825,91.873998,38.0,17,12.7,0
25.570594,91.888735,30.5,12,20.7,0
25.535234,91.867995,6.0,12,10.2,0
25.319364,91.755895,138.9,6,67.5,1
25.389795,91.794344,20.2,15,1.3,0
25.450795,91.829019,39.2,15,77.8,0
25.41963,91.812071,24.5,11,113.4,0
25.465564,91.836405,23.0,15,1.9,0
25.287891,91.739899,11.7,13,15.5,0
25.502096,91.854084,17.7,16,78.0,0
25.344323,91.768688,14.1,15,37.0,0
25.429206,91.81656,38.0,17,32.6,0
25.393761,91.796095,35.0,12,42.7,0
25.558287,91.881133,30.2,15,6.2,0
25.552495,91.877667,3.6,11,9.9,0
25.504378,91.855987,23.7,15,24.4,0
25.534765,91.867704,18.3,13,20.9,0
25.285956,91.738456,29.4,11,73.5,0
25.28929,91.740393,6.0,15,29.2,0
25.314718,91.752601,41.1,13,1.9,0
25.340816,91.767787,27.4,8,64.9,0
25.475241,91.842332,25.1,9,51.8,0
25.45308,91.829974,45.0,8,47.2,0
25.518834,91.861275,18.9,9,26.8,0
25.402877,91.800575,19.5,8,99.6,0
25.295936,91.743784,51.2,13,11.5,0
25.358767,91.777189,15.8,9,9.4,0
25.560095,91.881853,22.5,11,29.4,0
25.457977,91.831202,40.8,10,98.1,0
25.323911,91.757173,24.0,9,54.1,0
25.316154,91.753126,25.6,11,28.5,0
25.533885,91.867372,31.6,16,18.8,0
25.507783,91.857662,45.3,12,56.7,0
25.473227,91.839737,14.6,16,91.9,0
25.356485,91.775645,37.4,14,17.5,0
25.493316,91.851491,35.2,8,17.0,0
25.361477,91.77873,7.3,11,12.8,0
25.471144,91.839462,6.2,15,6.1,0
25.544455,91.87241,15.6,10,27.3,0
25.33359,91.762288,21.8,17,79.6,0
25.464711,91.835876,12.2,7,7.3,0
25.399226,91.798762,10.2,14,78.6,0
25.287046,91.744561,0.3,4,496.4,1
25.270045,91.731353,113.0,7,72.2,1
25.357648,91.775905,33.1,8,55.2,0
25.359188,91.777999,10.4,16,65.4,0
25.415661,91.808067,36.1,11,61.7,0
25.355994,91.776128,5.6,8,56.0,0
25.521582,91.86279,18.1,14,16.3,0
25.554607,91.879497,16.3,11,62.5,0
25.558373,91.881383,23.0,12,25.1,0
25.456836,91.832144,20.5,13,55.3,0
25.560956,91.883284,43.8,16,57.2,0
25.46706,91.837388,15.3,11,12.9,0
25.445229,91.825262,29.7,12,13.1,0
25.351439,91.77382,29.1,17,77.7,0
25.40862,91.805186,37.1,18,38.6,0
25.33904,91.766205,23.8,9,7.0,0
25.344921,91.768755,24.0,15,62.8,0
25.358486,91.777925,17.0,8,96.2,0
25.516263,91.860222,32.5,16,29.3,0
25.558042,91.88058,20.0,17,32.4,0
25.530502,91.866168,31.8,14,3.4,0
25.392071,91.780691,23.4,5,1450.3,1
25.364822,91.781409,51.6,6,92.7,0
25.317865,91.753245,15.1,6,109.4,0
25.359544,91.778009,16.6,16,47.2,0
25.274252,91.72894,1.0,4,504.9,1
25.572201,91.889384,10.3,8,10.1,0
25.412763,91.807115,27.6,14,2.3,0
25.557103,91.881108,24.7,10,72.0,0
25.55252,91.878151,13.1,13,54.6,0
25.446029,91.82708,19.0,8,146.8,0
25.48784,91.848225,18.7,12,56.0,0
25.316083,91.753956,21.4,13,56.1,0
25.467312,91.837315,27.0,9,7.9,0
25.381841,91.789685,17.0,9,22.0,0
25.535555,91.86894,9.4,13,74.3,0
25.517048,91.861511,41.4,10,71.5,0
25.472874,91.841015,32.6,8,51.5,0
25.442749,91.823573,87.5,23,17.2,1
25.370809,91.78385,15.3,9,6.6,0
25.484764,91.846964,16.1,11,12.4,0
25.300509,91.737472,0.8,23,838.3,1
25.38158,91.791056,17.2,11,125.4,0
25.559605,91.881763,100.1,3,9.8,1
25.392745,91.796399,17.2,12,41.8,0
25.334666,91.763357,5.0,14,33.7,0
25.401268,91.800862,19.1,10,15.4,0
25.400722,91.799666,54.6,17,71.6,0
25.274968,91.733989,26.1,15,25.0,0
25.451907,91.828894,54.7,14,5.5,0
25.532881,91.866215,30.6,12,96.9,0
25.373218,91.784778,24.9,14,33.4,0
25.281671,91.73852,13.1,8,128.7,0
25.444043,91.825559,16.7,8,106.1,0
25.415121,91.808357,60.0,17,4.2,0
25.509803,91.857149,53.4,11,79.8,0
25.552623,91.87847,13.1,14,79.0,0
25.559966,91.882766,21.2,10,64.9,0
25.312108,91.751257,45.9,12,8.3,0
25.387304,91.792236,12.9,11,69.2,0
25.577143,91.892294,18.4,16,17.8,0
25.461959,91.83476,51.2,10,33.0,0
25.536288,91.869596,21.4,9,111.7,0
25.403865,91.802953,21.2,16,78.4,0
25.271648,91.731709,40.5,8,104.9,0
25.356453,91.775276,50.5,14,51.7,0
25.554179,91.878812,26.4,15,21.9,0
25.483397,91.846144,12.6,9,18.3,0
25.414042,91.807997,58.7,8,19.0,0
25.310267,91.750394,7.4,14,23.9,0
25.52158,91.861946,20.1,12,70.9,0
25.393864,91.796063,37.2,10,51.4,0
25.374508,91.786755,20.4,14,89.3,0
25.294216,91.74262,30.2,9,28.1,0
25.293015,91.742375,13.7,17,1.8,0
25.426812,91.815139,43.0,9,23.6,0
25.561782,91.8829,20.6,14,27.0,0
25.43435,91.818206,19.2,16,85.4,0
25.355589,91.775388,32.5,9,5.9,0
25.404401,91.802697,25.2,11,24.6,0
25.519959,91.862203,4.5,14,22.7,0
25.297964,91.744567,36.1,11,1.7,0
25.438625,91.820821,12.6,10,62.0,0
25.343878,91.768535,12.1,12,27.9,0
25.576656,91.891861,41.6,11,31.0,0
25.514688,91.859213,35.4,8,68.5,0
25.281728,91.737,16.1,8,28.2,0
25.556,91.879899,25.6,10,20.5,0
25.323402,91.756605,30.1,14,81.7,0
25.548221,91.875405,87.3,1,40.9,1
25.37567,91.787297,33.1,14,79.2,0
25.507634,91.856832,15.6,15,22.9,0
25.370054,91.782947,10.7,14,40.6,0
25.41664,91.809705,41.1,9,44.8,0
25.301181,91.739256,0.1,4,687.8,1
25.35676,91.775765,31.7,15,20.7,0
25.292476,91.741915,31.1,15,20.2,0
25.53911,91.869733,29.5,14,9.1,0
25.389253,91.793846,48.5,18,17.8,0
25.360091,91.778312,22.4,16,47.1,0
25.559498,91.88173,50.5,9,6.8,0
25.54387,91.87208,34.4,16,25.0,0
25.530485,91.866467,15.2,14,28.2,0
25.486353,91.84805,36.5,15,7.5,0
25.575046,91.890304,35.7,17,86.5,0
25.371074,91.784698,17.3,7,74.7,0
25.362423,91.77837,20.1,15,73.4,0
25.41209,91.80673,43.6,18,1.3,0
25.492993,91.851102,25.3,17,9.9,0
25.477458,91.843242,10.3,13,20.4,0
25.305194,91.749098,18.0,10,128.0,0
25.353002,91.774753,39.2,9,84.0,0
25.371022,91.782864,6.3,13,100.9,0
25.412687,91.807369,117.7,18,31.2,1
25.291252,91.742297,7.1,14,74.4,0
25.525769,91.864003,51.0,14,31.5,0
25.379816,91.788598,5.8,9,18.3,0
25.449464,91.828429,11.5,8,92.3,0
25.567164,91.885703,7.1,14,70.3,0
25.298022,91.745687,45.4,13,109.3,0
25.280011,91.736684,6.9,10,18.2,0
25.390227,91.794199,38.9,11,36.2,0
25.487233,91.848309,11.9,14,15.0,0
25.461054,91.833466,21.7,13,44.1,0
25.429203,91.815053,10.8,9,113.9,0
25.546718,91.873909,24.2,11,15.0,0
25.341146,91.76751,27.0,15,20.1,0
25.347436,91.77192,10.9,7,109.2,0
25.348973,91.772125,17.2,12,46.0,0
25.388603,91.793282,34.4,10,37.6,0
25.443469,91.824702,24.3,14,53.8,0
25.549327,91.876041,40.6,17,37.7,0
25.325431,91.758189,29.5,10,37.4,0
25.528149,91.865568,23.3,12,31.9,0
25.285468,91.738793,13.0,10,17.0,0
25.5134,91.858656,33.9,13,72.8,0
25.373635,91.78462,37.4,9,71.3,0
25.27056,91.731928,20.7,8,32.9,0
25.458863,91.832817,9.6,15,11.3,0
25.319936,91.754177,33.5,14,130.7,0
25.561405,91.882574,27.1,16,36.4,0
25.558927,91.882488,23.3,7,98.3,0
25.431543,91.817199,4.5,15,31.6,0
25.272053,91.733441,19.4,9,52.5,0
25.374057,91.7853,32.6,11,27.9,0
25.44487,91.825596,37.2,7,65.0,0
25.427025,91.815932,27.8,14,89.3,0
25.426602,91.81515,24.3,8,36.1,0
25.572009,91.889819,11.6,10,42.4,0
25.496374,91.852821,26.4,15,28.0,0
25.320353,91.759414,0.6,4,356.4,1
25.450751,91.828615,7.6,10,40.9,0
25.28496,91.744362,1.5,3,571.5,1
25.430128,91.817419,31.0,6,66.3,0
25.520723,91.862157,25.1,12,13.6,0
25.557247,91.880227,28.9,14,20.2,0
25.556134,91.878988,17.2,14,74.1,0
25.335196,91.764134,10.4,15,13.3,0
25.427912,91.815569,106.2,11,6.0,1
25.546829,91.874449,36.0,14,30.0,0
25.520871,91.862043,35.9,13,31.5,0
25.356597,91.775413,19.1,11,46.2,0
25.495372,91.85241,19.7,13,27.0,0
25.542504,91.872843,9.6,14,126.4,0
25.337042,91.764146,31.1,8,85.4,0
25.442939,91.823284,8.9,11,55.6,0
25.435099,91.819793,18.7,9,28.5,0
25.326458,91.759076,10.8,8,6.6,0
25.493841,91.85131,7.8,9,23.4,0
25.433454,91.819029,8.7,16,43.2,0
25.552042,91.877284,27.3,9,0.5,0
25.418578,91.81072,24.4,10,38.9,0
25.529841,91.865257,9.0,11,70.2,0
25.380588,91.789194,11.9,12,2.1,0
25.413951,91.80835,33.9,12,58.3,0
25.426039,91.815112,6.0,10,62.9,0
25.348977,91.771539,118.5,13,11.1,1
25.38226,91.796625,7.7,7,630.6,1
25.31054,91.750537,30.4,12,23.1,0
25.498534,91.852283,32.6,9,116.9,0
25.407944,91.804859,15.5,8,43.3,0
25.371321,91.771992,9.2,18,1175.1,1
25.373441,91.787526,15.4,13,300.0,1
25.538896,91.869655,20.8,10,10.0,0
25.465022,91.835656,18.4,14,45.4,0
25.332158,91.762581,13.7,11,26.3,0
25.447724,91.826525,15.2,16,1.1,0
25.531274,91.866875,11.1,15,37.8,0
25.534113,91.868531,16.6,10,91.5,0
25.384734,91.792059,50.0,15,52.6,0
25.3122,91.751629,17.9,16,39.6,0
25.272436,91.734203,19.3,14,112.3,0
25.473703,91.841247,43.2,13,29.3,0
25.451867,91.829775,16.4,18,93.4,0
25.442254,91.824523,31.7,17,102.0,0
25.456083,91.830698,60.0,7,44.7,0
25.439139,91.822099,11.2,8,34.6,0
25.357642,91.776376,16.4,15,8.9,0
25.568482,91.886633,18.8,15,57.7,0
25.438171,91.821244,21.7,12,3.7,0
25.460125,91.832424,21.8,11,95.2,0
25.508837,91.857919,24.3,11,39.7,0
25.3133,91.750605,21.3,13,119.5,0
25.285276,91.728285,30.0,9,1074.9,1
25.567068,91.885902,16.0,14,45.8,0
25.38079,91.788664,6.8,12,64.6,0
25.421823,91.812046,9.3,12,7.5,0
25.543143,91.871957,16.0,8,5.2,0
25.433311,91.8123,29.8,15,603.9,1
25.437575,91.820235,20.0,11,62.3,0
25.403371,91.800633,24.6,12,120.6,0
25.331262,91.761194,6.9,13,60.2,0
25.530556,91.86534,30.6,9,91.2,0
25.399885,91.799353,9.9,11,56.7,0
25.340656,91.767703,15.2,9,65.3,0
25.453413,91.829561,26.6,13,11.0,0
25.515811,91.859613,29.4,8,73.5,0
25.392412,91.795915,24.6,10,12.7,0
25.386101,91.792822,29.6,15,52.9,0
25.505312,91.856434,25.2,11,32.0,0
25.299842,91.745436,17.2,12,0.7,0
25.276417,91.730663,1.8,1,428.8,1
25.312614,91.752342,31.9,11,86.6,0
25.455284,91.830677,34.6,8,3.6,0
25.305931,91.747931,15.6,10,24.1,0
25.529676,91.86584,33.6,15,3.2,0
25.503244,91.855571,36.7,14,28.2,0
25.421175,91.811313,33.4,9,43.8,0
25.337411,91.765317,23.9,12,8.6,0
25.532937,91.865899,38.9,11,131.9,0
25.445933,91.824748,10.0,10,74.9,0
25.481912,91.845614,44.1,11,10.4,0
25.399137,91.798846,35.0,16,65.7,0
25.557439,91.881149,133.7,1,56.5,1
25.406752,91.803271,22.1,13,46.7,0
25.480991,91.845436,13.9,8,43.0,0
25.483444,91.84561,34.8,9,72.7,0
25.35083,91.772615,26.5,15,6.7,0
25.494183,91.851915,24.0,12,25.0,0
25.501642,91.854134,20.0,9,54.0,0
25.379343,91.788937,13.1,13,40.2,0
25.377963,91.788119,21.3,9,35.2,0
25.34355,91.768751,15.1,13,10.9,0
25.319622,91.761124,1.0,4,562.3,1
25.346453,91.771128,23.7,7,85.3,0
25.493564,91.851189,19.7,14,24.5,0
25.32789,91.759028,15.9,14,88.7,0
25.520958,91.861761,4.3,8,64.2,0
25.434854,91.819029,23.3,16,32.6,0
25.382421,91.789924,141.2,14,30.2,1
25.323378,91.757557,48.1,15,12.1,0
25.562101,91.882911,19.2,12,44.4,0
25.510475,91.858434,14.1,9,25.2,0
25.461451,91.834817,8.5,16,66.0,0
25.396355,91.797699,4.5,14,26.9,0
25.281994,91.736991,11.1,14,41.2,0
25.467928,91.838574,15.7,9,81.3,0
25.490299,91.850345,3.6,9,23.3,0
25.359597,91.777916,28.5,12,35.2,0
25.506203,91.856989,24.5,13,52.5,0
25.303343,91.747107,27.9,8,10.5,0
25.360913,91.777541,33.7,14,72.4,0
25.421173,91.810594,5.6,14,113.8,0
25.446027,91.824741,9.7,15,80.8,0
25.422659,91.813659,25.3,10,104.2,0
25.546338,91.874084,27.9,11,23.6,0
25.569259,91.887997,45.0,16,27.4,0
25.275196,91.73447,10.0,10,13.3,0
25.284253,91.737802,14.5,13,62.1,0
25.306586,91.748567,13.1,13,10.5,0
25.465475,91.836726,35.0,11,34.2,0
25.353035,91.774392,45.0,17,47.1,0
25.283427,91.738194,28.7,14,15.4,0
25.314094,91.752087,15.3,16,18.2,0
25.452467,91.828171,23.4,18,95.1,0
25.48198,91.845776,31.0,10,22.5,0
25.500719,91.854796,25.1,12,52.5,0
25.541702,91.870791,15.1,10,22.8,0
25.362253,91.779331,15.2,10,29.3,0
25.327747,91.760413,28.2,10,53.9,0
25.361411,91.778088,20.7,10,46.1,0
25.460637,91.832978,39.0,15,69.0,0
25.570453,91.888396,13.0,13,3.4,0
25.349273,91.771507,6.0,15,30.3,0
25.497265,91.853226,45.2,11,33.1,0
25.479103,91.843245,14.6,10,68.2,0
25.459363,91.831455,19.7,14,148.3,0
25.310956,91.749768,13.5,11,74.2,0
25.348849,91.772056,48.2,15,46.0,0
25.486212,91.847536,17.5,16,35.0,0
25.35579,91.77584,16.5,8,39.1,0
25.514005,91.859058,17.3,6,56.2,0
25.467303,91.838044,32.7,12,63.6,0
25.360936,91.777875,39.7,10,41.2,0
25.385036,91.791556,24.6,15,12.7,0
25.276558,91.734498,18.8,8,46.0,0
25.457264,91.831859,49.2,6,4.4,0
25.372965,91.784511,18.0,12,45.7,0
25.399892,91.800174,41.3,9,22.8,0
25.460097,91.833126,31.1,12,25.5,0
25.345171,91.770079,25.4,9,52.5,0
25.27656,91.734501,6.1,8,45.7,0
25.494813,91.852068,20.1,8,14.7,0
25.332336,91.763343,25.4,10,91.0,0
25.377713,91.788924,30.4,16,127.1,0
25.478764,91.844083,7.4,13,31.6,0
25.498926,91.852313,17.9,9,130.0,0
25.368606,91.783213,17.6,14,63.6,0
25.572006,91.889814,34.4,10,42.1,0
25.532096,91.866383,60.0,15,47.1,0
25.508578,91.857878,26.7,15,46.2,0
25.466175,91.837108,7.7,15,33.5,0
25.558675,91.881506,13.0,7,19.3,0
25.459894,91.833843,41.3,10,55.3,0
25.50731,91.856966,6.4,15,4.3,0
25.391744,91.795491,55.5,14,7.6,0
25.38222,91.789617,33.0,15,49.2,0
25.357235,91.776082,7.3,8,15.6,0
25.404502,91.80151,11.6,14,96.5,0
25.378755,91.788642,35.5,17,43.3,0
25.509258,91.858594,28.9,13,92.1,0
25.362783,91.779382,25.5,14,5.6,0
25.416589,91.807703,36.5,18,147.3,0
25.522015,91.861787,26.7,14,105.3,0
25.490324,91.850742,11.5,13,63.3,0
25.397899,91.800355,52.6,16,148.1,0
25.55522,91.878398,29.0,13,77.5,0
25.562228,91.883664,12.1,10,20.0,0
25.362086,91.7785,24.0,10,42.5,0
25.466161,91.836526,14.8,15,22.4,0
25.338856,91.765831,58.9,10,19.5,0
25.47091,91.839466,36.9,9,7.0,0
25.300127,91.746282,22.9,10,73.6,0
25.302924,91.747643,35.9,16,84.0,0
25.49655,91.852617,13.6,11,0.4,0
25.497976,91.853525,29.9,9,34.5,0
25.425275,91.814117,7.4,16,7.3,0
25.466686,91.837895,11.7,12,82.4,0
25.382928,91.790638,22.4,14,11.9,0
25.439394,91.822314,28.3,10,41.7,0
25.454207,91.830392,14.6,8,27.0,0
25.530329,91.865877,15.1,9,26.4,0
25.516643,91.86095,17.5,15,30.3,0
25.445548,91.8253,31.3,11,0.5,0
25.340178,91.766251,38.3,16,50.1,0
25.450764,91.828178,17.1,9,2.3,0
25.478768,91.844067,38.6,13,29.9,0
25.397238,91.799385,19.1,14,89.4,0
25.450454,91.828075,29.9,9,4.3,0
25.434096,91.818073,25.2,10,84.6,0
25.366263,91.799432,11.6,20,1768.6,1
25.452421,91.82943,10.4,18,29.9,0
25.403011,91.801769,35.0,14,9.4,0
25.531547,91.866692,18.0,16,7.6,0
25.538647,91.86866,28.4,15,82.6,0
25.282406,91.737495,7.4,12,9.0,0
25.389983,91.79367,43.2,13,74.5,0
25.499244,91.854015,42.7,15,32.8,0
25.366524,91.781097,36.5,13,29.7,0
25.552116,91.876935,24.0,14,37.9,0
25.510855,91.858019,25.6,9,33.4,0
25.379836,91.788932,14.7,12,13.0,0
25.504693,91.855973,14.9,8,9.9,0
25.368646,91.781921,55.4,8,64.2,0
25.375824,91.786636,23.2,10,6.5,0
25.341365,91.767574,28.6,8,14.5,0
25.553572,91.877216,13.6,16,95.1,0
25.527736,91.865437,34.2,14,35.4,0
25.461309,91.834332,15.0,9,26.5,0
25.438001,91.82186,30.3,15,72.8,0
25.553208,91.877881,34.3,7,10.8,0
25.571538,91.889132,17.0,10,4.1,0
25.505992,91.85567,14.1,13,75.1,0
25.351523,91.773389,16.2,17,31.2,0
25.387111,91.791829,19.1,9,98.3,0
25.487943,91.848694,16.7,9,15.9,0
25.413182,91.807537,7.8,9,20.8,0
25.393757,91.796502,32.5,7,2.9,0
25.383517,91.79053,20.9,8,30.4,0
25.450998,91.829063,15.8,10,71.1,0
25.353173,91.773121,30.8,14,84.1,0
25.350927,91.77226,9.2,11,46.4,0
25.356077,91.774898,15.6,14,68.2,0
25.421009,91.811621,24.9,12,5.0,0
25.299404,91.745358,9.9,11,12.9,0
25.27207,91.733086,29.7,13,15.7,0
25.477253,91.842697,14.1,16,21.5,0
25.500212,91.854013,19.8,11,7.4,0
25.504839,91.856015,16.3,9,8.2,0
25.279368,91.735887,36.5,10,33.4,0
25.487275,91.848041,25.0,11,43.3,0
25.289116,91.740838,28.8,16,24.0,0
25.439244,91.821647,43.7,10,15.1,0
25.397605,91.798856,8.3,13,18.1,0
25.324081,91.756632,14.4,13,115.9,0
25.349291,91.771839,17.9,13,1.0,0
25.335445,91.764227,15.2,14,8.8,0
25.471321,91.838558,12.3,11,103.6,0
25.295823,91.743561,11.0,9,6.0,0
25.557377,91.879853,22.4,9,63.3,0
25.399566,91.799502,37.6,8,25.0,0
25.417648,91.809007,45.6,9,77.6,0
25.518426,91.8613,49.6,8,7.3,0
25.330492,91.760823,29.9,16,54.6,0
25.538765,91.869808,56.8,13,31.3,0
25.56922,91.887288,13.4,14,37.9,0
25.395644,91.797284,28.9,11,28.8,0
25.445269,91.825124,2.9,9,2.5,0
25.472302,91.840142,15.3,9,2.5,0
25.32973,91.760693,16.1,8,26.1,0
25.371266,91.784718,32.5,12,66.3,0
25.571351,91.888941,35.1,10,3.3,0
25.51227,91.859507,35.3,15,61.9,0
25.36795,91.782455,40.2,9,25.3,0
25.518295,91.861532,10.1,13,22.1,0
25.4062,91.802831,17.3,10,59.7,0
25.433275,91.817357,15.8,16,109.9,0
25.364123,91.790529,13.3,11,1017.9,1
25.436939,91.820969,16.7,10,43.6,0
25.475729,91.8417,59.1,13,36.2,0
25.36924,91.782135,9.7,15,75.5,0
25.516338,91.859627,8.5,11,93.8,0
25.325419,91.759056,14.2,10,47.6,0
25.413439,91.807087,8.5,12,36.9,0
25.49078,91.849926,41.4,8,39.9,0
25.339865,91.766522,6.2,8,6.8,0
25.507501,91.857174,60.0,14,18.0,0
25.400685,91.800434,18.5,12,5.2,0
25.388162,91.794045,52.6,6,60.5,0
25.311471,91.750637,33.8,14,17.5,0
25.344665,91.768259,18.8,16,97.2,0
25.556889,91.880327,23.6,9,10.0,0
25.370473,91.782944,19.0,10,63.4,0
25.452558,91.829269,33.5,11,6.9,0
25.384557,91.791837,9.5,11,40.5,0
25.454561,91.830545,29.7,11,22.7,0
25.430176,91.815762,15.7,9,97.6,0
25.528411,91.86514,22.2,8,23.2,0
25.462805,91.835789,38.7,7,87.3,0
25.446664,91.82535,26.5,16,55.9,0
25.489194,91.849336,11.8,15,21.0,0
25.43442,91.818215,53.0,16,88.2,0
25.507434,91.857586,11.3,9,63.3,0
25.392274,91.795703,22.9,9,0.5,0
25.403463,91.802425,17.6,8,48.8,0
25.40562,91.802744,60.0,15,36.8,0
25.428798,91.81729,44.3,13,125.6,0
25.287958,91.740269,29.5,17,19.1,0
25.329054,91.760588,22.0,7,0.3,0
25.389607,91.794266,19.4,8,3.8,0
25.467402,91.836986,18.5,16,44.7,0
25.396351,91.798206,25.6,14,22.7,0
25.307787,91.749743,17.6,14,75.0,0
25.569605,91.888762,16.4,15,80.4,0
25.448146,91.826444,13.3,10,29.6,0
25.48462,91.847136,18.5,11,12.1,0
25.500996,91.854067,12.7,8,34.3,0
25.337439,91.765265,16.8,13,2.0,0
25.354779,91.774585,36.2,11,28.4,0
25.411939,91.805972,35.8,16,64.3,0
25.290769,91.740724,48.8,9,63.1,0
25.324869,91.757552,33.9,16,68.9,0
25.558718,91.881549,33.7,9,20.9,0
25.461853,91.83449,43.5,10,12.4,0
25.437438,91.821303,15.7,16,49.1,0
25.535657,91.867973,16.9,12,30.0,0
25.297812,91.744877,24.8,10,36.8,0
25.51597,91.861437,34.5,7,108.5,0
25.281594,91.737639,36.5,7,42.8,0
25.453953,91.83047,22.3,8,48.3,0
25.427841,91.814503,11.0,9,93.8,0
25.344793,91.768993,6.7,10,32.7,0
25.365366,91.780788,38.4,18,2.9,0
25.323868,91.757464,44.5,11,23.4,0
25.486871,91.84862,26.1,15,34.9,0
25.413951,91.808644,18.4,14,86.9,0
25.304047,91.747124,27.2,12,20.0,0
25.510862,91.858246,10.8,15,10.3,0
25.442602,91.824082,28.2,12,40.3,0
25.313151,91.750825,49.0,14,90.1,0
25.323195,91.757049,11.9,15,27.4,0
25.400112,91.801158,37.7,10,106.6,0
25.546712,91.873885,31.3,14,16.9,0
25.40549,91.803461,28.8,8,40.0,0
25.393538,91.796973,35.1,9,54.7,0
25.4175,91.809831,60.0,9,10.6,0
25.287476,91.73969,26.4,11,17.7,0
25.517443,91.860104,40.1,9,90.3,0
25.474991,91.842126,24.4,12,45.2,0
25.536061,91.867608,60.0,10,84.4,0
25.433806,91.818181,37.6,10,58.4,0
25.520408,91.862355,58.9,9,19.9,0
25.566741,91.885724,23.0,9,43.9,0
25.327691,91.75992,44.9,14,8.9,0
25.383359,91.790435,28.6,6,31.2,0
25.372757,91.785484,44.9,7,60.2,0
25.43619,91.820225,19.1,9,11.7,0
25.48234,91.846136,25.8,9,38.1,0
25.543897,91.872631,6.0,18,25.9,0
25.395264,91.791933,12.7,3,529.0,1
25.299861,91.745724,17.8,10,29.1,0
25.478278,91.843664,8.9,13,17.2,0
25.421019,91.812002,22.1,10,31.6,0
25.285053,91.739066,6.7,8,29.6,0
25.353828,91.773707,27.5,14,62.4,0
25.429558,91.81667,14.3,15,24.2,0
25.362433,91.777944,11.0,11,115.3,0
25.4988,91.854444,11.5,13,95.5,0
25.344023,91.76873,26.5,14,16.7,0
25.459972,91.833228,20.8,14,8.7,0
25.437459,91.820239,8.8,10,55.6,0
25.559386,91.882428,31.0,10,66.1,0
25.427085,91.815387,22.3,14,33.0,0
25.502654,91.854918,15.0,15,14.9,0
25.498898,91.854252,9.3,14,71.6,0
25.454515,91.830284,22.4,9,0.2,0
25.496099,91.852061,31.0,14,39.1,0
25.307054,91.748769,29.8,15,9.6,0
25.282252,91.738396,29.5,15,89.6,0
25.458409,91.832074,29.2,13,36.6,0
25.509249,91.857322,29.7,15,39.0,0
25.371345,91.783859,8.3,11,21.6,0
25.412446,91.806665,39.8,11,24.3,0
25.430556,91.816972,30.9,8,0.3,0
25.564727,91.885574,40.7,8,57.9,0
25.363006,91.77943,22.0,11,1.8,0
25.349785,91.771181,41.2,9,89.7,0
25.36942,91.783599,15.4,12,57.3,0
25.443448,91.82405,29.0,12,8.5,0
25.474505,91.841799,13.0,14,39.7,0
25.383801,91.792074,8.5,10,104.4,0
25.396141,91.797995,13.1,8,13.5,0
25.424116,91.81397,47.7,7,55.7,0
25.375532,91.786424,29.2,15,1.7,0
25.334917,91.764121,17.4,10,27.1,0
25.392548,91.796383,89.5,8,50.9,1
25.288151,91.739798,5.0,10,37.6,0
25.290443,91.740368,35.7,14,84.4,0
25.44529,91.826136,16.2,17,94.9,0
25.496931,91.852938,29.6,12,17.1,0
25.436605,91.82076,21.4,11,41.3,0
25.303467,91.747511,5.0,11,45.7,0
25.283595,91.738199,28.3,14,8.2,0
25.331986,91.762234,34.3,9,1.9,0
25.572226,91.89046,29.4,13,90.9,0
25.502665,91.855779,3.3,14,73.7,0
25.35647,91.77528,46.9,10,52.2,0
25.452582,91.829685,16.0,13,46.1,0
25.52498,91.863709,5.9,11,29.2,0
25.299794,91.749388,23.8,9,404.1,1
25.379803,91.787258,22.7,14,148.1,0
25.320952,91.750189,19.5,0,573.7,1
25.577209,91.891281,15.4,10,118.1,0
25.393077,91.795315,12.0,15,81.6,0
25.504403,91.855135,43.0,14,64.7,0
25.460202,91.833279,19.4,15,16.2,0
25.519413,91.861715,27.4,8,5.1,0
25.523076,91.864287,10.7,9,109.2,0
25.411092,91.805129,21.6,9,100.6,0
25.496127,91.852956,28.8,12,52.2,0
25.4435,91.823975,31.1,9,18.6,0
25.518207,91.861066,21.7,8,22.4,0
25.317139,91.75399,21.5,15,2.3,0
25.474003,91.841729,29.1,17,60.0,0
25.393254,91.795945,37.4,10,29.9,0
25.509173,91.857898,24.6,13,23.7,0
25.537932,91.8683,23.0,12,90.2,0
25.270351,91.732634,36.6,14,48.4,0
25.274604,91.730265,1.1,23,386.5,1
25.477847,91.8428,33.8,10,43.6,0
25.560297,91.883391,8.3,8,105.3,0
25.486422,91.847689,14.3,16,31.5,0
25.292621,91.742964,44.3,17,79.7,0
25.521516,91.862435,38.7,11,17.7,0
25.475664,91.84312,19.0,15,105.5,0
25.559567,91.882333,8.7,17,46.7,0
25.308155,91.748929,14.8,14,24.5,0
25.424809,91.813489,27.3,13,28.7,0
25.507509,91.857384,10.5,11,39.3,0
25.463384,91.835438,16.4,15,21.9,0
25.502972,91.854868,33.6,6,33.2,0
25.557308,91.880228,16.3,15,23.6,0
25.528804,91.865291,19.2,10,23.8,0
25.570675,91.887753,35.1,16,77.4,0
25.270968,91.732188,27.9,14,25.2,0
25.488262,91.848864,36.1,8,16.6,0
25.364704,91.7802,13.1,10,18.6,0
25.318632,91.755325,43.0,14,51.5,0
25.504197,91.85621,19.1,13,55.0,0
25.384803,91.791648,8.1,16,8.8,0
25.285023,91.745037,1.9,23,637.1,1
25.478763,91.844412,21.5,15,63.7,0
25.555786,91.878854,26.9,16,66.8,0
25.300914,91.746464,20.5,14,56.1,0
25.55729,91.881568,8.6,16,105.0,0
25.550387,91.876453,21.9,9,15.8,0
25.488676,91.848875,6.7,16,37.9,0
25.380059,91.789414,12.9,10,47.9,0
25.397599,91.797876,60.0,13,76.8,0
25.416716,91.808073,9.1,14,118.1,0
25.330147,91.760424,14.4,17,74.8,0
25.445784,91.824977,33.2,9,44.7,0
25.301012,91.746222,28.4,14,27.1,0
25.571984,91.888269,23.7,9,103.8,0
25.542377,91.870546,27.2,9,85.0,0
25.276952,91.736548,7.1,12,144.1,0
25.560577,91.882985,34.7,15,50.5,0
25.53792,91.868539,22.5,14,65.0,0
25.30368,91.747578,6.9,14,42.9,0
25.29944,91.736709,1.4,4,866.9,1
25.306709,91.749025,39.2,9,51.4,0
25.537391,91.868691,25.5,12,27.5,0
25.281578,91.737468,82.2,1,26.1,1
25.399319,91.798474,8.8,14,111.7,0
25.367882,91.782931,19.6,11,75.4,0
25.491123,91.850431,19.0,13,1.9,0
25.45717,91.832125,8.1,14,35.4,0
25.289589,91.74046,33.9,15,36.0,0
25.44989,91.82715,25.1,14,55.1,0
25.436263,91.818173,13.0,10,300.0,1
25.445482,91.824218,7.3,11,102.1,0
25.445325,91.823783,12.5,13,136.0,0
25.455229,91.831437,14.6,16,73.4,0
25.351523,91.773253,7.6,14,17.9,0
25.525192,91.864979,38.1,10,93.2,0
25.572002,91.889136,12.7,14,22.2,0
25.439165,91.820647,17.0,8,108.2,0
25.275092,91.727952,0.3,3,643.5,1
25.320948,91.755861,4.3,11,21.5,0
25.346094,91.769957,15.9,11,9.3,0
25.536641,91.868409,16.6,15,25.6,0
25.496893,91.852526,18.1,15,23.9,0
25.45383,91.830347,18.2,16,43.0,0
25.417177,91.81018,13.6,8,62.0,0
25.31497,91.752322,6.9,8,42.7,0
25.382401,91.789556,8.5,13,64.9,0
25.511944,91.858149,18.1,10,65.0,0
25.378749,91.788537,28.5,14,33.4,0
25.535112,91.86797,17.7,13,7.7,0
25.504588,91.857136,25.9,9,134.4,0
25.341787,91.76836,42.6,13,68.2,0
25.388631,91.793486,5.2,9,19.2,0
25.47734,91.8426,26.1,11,35.7,0
25.443375,91.825058,27.7,14,93.5,0
25.455765,91.829975,27.4,10,97.9,0
25.451356,91.82937,24.7,15,81.6,0
25.324047,91.758579,10.7,17,75.5,0
25.318105,91.744687,7.1,23,955.2,1
25.318192,91.753397,40.6,10,112.3,0
25.279869,91.736561,27.7,12,12.2,0
25.342925,91.768745,11.5,9,44.1,0
25.430498,91.817195,17.7,12,24.5,0
25.353403,91.774067,42.7,16,4.5,0
25.418004,91.80974,38.8,9,25.5,0
25.436462,91.820149,25.2,11,10.5,0
25.412679,91.806024,23.3,15,99.3,0
25.353545,91.774204,32.8,14,1.2,0
25.533658,91.867745,26.5,12,29.1,0
25.385337,91.79251,10.6,15,63.8,0
25.358022,91.775562,26.4,17,108.7,0
25.482,91.846636,43.8,14,105.1,0
25.287638,91.740399,23.0,8,46.9,0
25.490974,91.850227,23.9,15,16.8,0
25.576934,91.892679,31.2,10,30.8,0
25.276821,91.735518,19.5,14,45.5,0
25.462577,91.834364,55.2,14,39.0,0
25.417684,91.809842,21.3,12,1.7,0
25.384553,91.792352,35.3,16,90.9,0
25.357452,91.775885,10.8,10,46.5,0
25.467742,91.837123,41.0,10,49.7,0
25.330236,91.760726,16.4,11,50.3,0
25.270198,91.732695,25.2,13,61.5,0
25.502594,91.855548,29.8,10,52.8,0
25.381133,91.788955,14.7,16,54.8,0
25.427691,91.815155,9.3,13,22.3,0
25.546534,91.874129,12.6,16,16.5,0
25.299699,91.738712,1.7,3,675.3,1
25.409335,91.804704,25.0,15,46.9,0
25.470296,91.83665,11.6,22,300.0,1
25.484133,91.846296,7.6,11,43.2,0
25.362715,91.778656,11.1,18,61.3,0
25.384064,91.790793,11.4,10,34.5,0
25.334878,91.764078,34.3,14,25.0,0
25.426709,91.815304,22.1,16,45.3,0
25.490149,91.849396,16.9,14,66.8,0
25.367582,91.781512,30.2,8,46.5,0
25.293679,91.743465,33.2,16,82.2,0
25.492428,91.850916,20.8,9,5.8,0
25.544764,91.872892,15.2,14,0.8,0
25.411043,91.805931,9.7,13,19.9,0
25.332095,91.761566,17.3,7,69.0,0
25.280877,91.736752,13.0,9,14.5,0
25.283393,91.737762,16.1,12,26.9,0
25.475355,91.841541,26.8,11,31.4,0
25.366956,91.782021,4.5,17,36.9,0
25.325223,91.75765,7.4,18,78.6,0
25.289965,91.741311,12.8,8,33.2,0
25.521274,91.861635,6.2,7,90.4,0
25.481505,91.845349,12.8,13,6.6,0
25.41545,91.808012,43.2,13,55.6,0
25.320391,91.755766,23.8,11,0.7,0
25.316981,91.753864,54.5,13,1.4,0
25.576241,91.891224,26.0,9,67.8,0
25.467585,91.837825,29.1,13,27.1,0
25.404069,91.80226,29.0,8,0.1,0
25.454944,91.831575,15.0,10,102.2,0
25.464895,91.835989,17.7,7,6.2,0
25.332605,91.76239,3.4,12,16.4,0
25.366802,91.780997,26.4,14,54.4,0
25.279965,91.735816,20.6,9,67.9,0
25.331154,91.762827,130.7,3,104.6,1
25.465983,91.837071,3.4,8,40.3,0
25.542691,91.871375,25.4,10,24.2,0
25.30843,91.749375,13.7,16,8.3,0
25.488416,91.853764,3.7,15,454.6,1
25.363131,91.779773,9.7,12,24.8,0
25.472835,91.841096,12.0,14,61.5,0
25.418397,91.810677,21.9,11,44.4,0
25.419609,91.811169,38.0,15,26.8,0
25.539757,91.870835,13.5,15,93.6,0
25.522224,91.862663,8.4,11,23.4,0
25.565982,91.885356,17.5,12,35.3,0
25.458564,91.83247,26.7,14,6.3,0
25.477563,91.843159,10.4,9,6.7,0
25.506342,91.855597,20.0,10,97.1,0
25.457269,91.831219,22.0,17,58.1,0
25.540877,91.869943,15.4,15,56.0,0
25.400765,91.800861,7.3,15,42.5,0
25.570491,91.888118,17.5,10,32.1,0
25.450411,91.82781,32.8,14,19.1,0
25.570438,91.888481,31.4,11,5.5,0
25.29789,91.743983,26.6,10,57.6,0
25.470163,91.839064,41.8,17,8.3,0
25.556193,91.879643,42.0,14,15.0,0
25.482555,91.845417,6.6,11,43.5,0
25.476768,91.842461,27.8,15,18.3,0
25.537465,91.86921,21.4,15,23.1,0
25.575398,91.891762,26.4,14,32.1,0
25.317461,91.754511,30.8,13,35.6,0
25.570655,91.887815,36.0,9,70.5,0
25.28789,91.740117,8.8,15,6.8,0
25.553706,91.878948,40.0,10,62.1,0
25.392023,91.794812,86.8,7,73.6,1
25.442369,91.823427,42.3,14,10.9,0
25.419225,91.810719,23.4,12,3.7,0
25.463402,91.83612,27.7,12,87.3,0
25.436266,91.819471,14.0,9,65.8,0
25.525824,91.864552,7.6,10,23.0,0
25.565979,91.885226,6.9,16,47.4,0
25.518188,91.861465,24.2,15,19.6,0
25.569284,91.886924,27.9,10,76.2,0
25.366016,91.781509,6.3,9,37.9,0
25.478215,91.843014,20.6,15,42.7,0
25.484734,91.847683,27.0,9,59.3,0
25.467408,91.837438,31.6,15,1.0,0
25.577392,91.892442,143.1,15,18.1,1
25.430071,91.816969,15.8,10,25.6,0
25.328118,91.759729,132.5,5,32.8,1
25.317901,91.75329,14.3,11,107.0,0
25.57545,91.891564,32.0,11,10.2,0
25.532932,91.866279,94.5,11,92.4,1
25.543729,91.872379,31.1,14,11.7,0
25.475502,91.841983,21.6,14,3.6,0
25.333689,91.762629,24.2,15,51.7,0
25.386752,91.793317,11.7,8,65.9,0
25.492117,91.850616,5.4,14,23.8,0
25.520072,91.863623,14.8,14,164.8,0
25.57673,91.89307,10.9,10,79.9,0
25.407451,91.803645,27.0,8,48.1,0
25.456681,91.83111,24.7,15,36.9,0
25.563558,91.884293,22.0,16,3.3,0
25.387112,91.792883,12.4,16,4.2,0
25.283287,91.74467,1.7,3,679.3,1
25.570645,91.88878,16.0,10,22.1,0
25.314675,91.752621,23.7,6,2.2,0
25.486742,91.849157,30.9,13,94.1,0
25.317695,91.755217,4.2,12,91.6,0
25.496201,91.851953,13.6,15,54.5,0
25.453549,91.829951,12.6,9,19.6,0
25.332126,91.762643,32.0,14,34.1,0
25.476228,91.842248,16.3,13,9.8,0
25.449299,91.828521,47.1,13,110.2,0
25.288505,91.740474,112.7,16,14.9,1
25.345239,91.769428,23.0,14,14.5,0
25.320407,91.761291,1.7,4,536.1,1
25.449703,91.82726,6.6,15,34.3,0
25.462841,91.834441,28.2,12,45.8,0
25.408259,91.804579,18.6,13,0.9,0
25.450294,91.82772,18.8,9,21.5,0
25.426821,91.814622,13.5,12,27.1,0
25.335271,91.764469,6.9,10,41.8,0
25.332401,91.76296,10.2,14,50.1,0
25.48181,91.845074,21.3,12,36.6,0
25.301806,91.745504,45.2,15,82.1,0
25.342961,91.767962,55.9,7,34.0,0
25.512648,91.859074,11.7,9,1.6,0
25.342747,91.768132,9.4,13,5.9,0
25.406947,91.803837,13.0,9,2.2,0
25.419674,91.811112,21.8,9,17.7,0
25.504798,91.855089,22.2,9,85.8,0
25.386832,91.79217,29.7,12,50.1,0
25.384346,91.791421,19.2,15,11.4,0
25.531081,91.867053,12.9,18,64.1,0
25.348503,91.771448,42.1,8,5.6,0
25.298577,91.743731,12.6,16,114.6,0
25.366784,91.781421,9.6,10,12.3,0
25.493346,91.851935,35.6,12,61.7,0
25.556946,91.881039,6.3,14,74.5,0
25.509737,91.858257,14.4,17,37.5,0
25.471177,91.839026,32.3,14,50.3,0
25.426395,91.815458,19.4,15,77.3,0
25.517805,91.860976,16.9,13,15.1,0
25.565025,91.885437,0.5,17,27.6,0
25.310217,91.750226,6.3,13,10.3,0
25.468452,91.838296,60.0,10,26.0,0
25.391982,91.796098,22.5,14,53.8,0
25.489005,91.849675,17.8,14,22.2,0
25.472115,91.838708,31.1,8,131.9,0
25.436487,91.820685,19.9,16,40.3,0
25.549977,91.875895,16.1,11,13.7,0
25.275899,91.734565,26.0,9,9.1,0
25.548885,91.875354,12.0,8,2.3,0
25.520763,91.861267,28.8,13,107.3,0
25.455155,91.830487,8.4,12,15.0,0
25.379499,91.789577,20.2,13,94.0,0
25.549325,91.874947,45.8,17,66.4,0
25.380313,91.789389,12.7,13,31.7,0
25.41116,91.805976,28.0,18,21.8,0
25.455888,91.830701,42.5,9,33.9,0
25.537869,91.869078,50.1,15,7.2,0
25.292288,91.742368,9.5,14,34.4,0
25.379578,91.788414,48.3,16,23.4,0
25.344286,91.768763,60.0,13,27.7,0
25.344447,91.769327,34.6,15,18.5,0
25.456674,91.831121,56.0,14,35.5,0
25.284446,91.738412,32.8,8,8.9,0
25.531046,91.866461,37.5,12,4.4,0
25.566376,91.886295,31.9,13,31.5,0
25.313943,91.751482,15.7,8,68.9,0
25.485514,91.847662,42.0,15,15.0,0
25.530387,91.865452,17.8,18,72.7,0
25.564769,91.885397,37.4,13,38.6,0
25.412193,91.80653,21.9,16,23.7,0
25.399879,91.800813,60.0,10,85.7,0
25.523618,91.862466,11.8,12,101.4,0
25.285414,91.746177,1.0,0,735.0,1
25.300846,91.746971,47.4,12,110.7,0
25.402215,91.801486,22.9,10,24.9,0
25.54837,91.875543,12.9,11,45.4,0
25.284919,91.746698,0.8,0,810.5,1
25.461477,91.834353,28.9,11,19.4,0
25.541249,91.871033,10.3,15,26.4,0
25.556293,91.880204,26.8,14,32.6,0
25.359418,91.777832,28.5,12,36.7,0
25.371888,91.783936,35.5,15,43.4,0
25.442727,91.823461,22.4,10,26.9,0
25.466023,91.836375,30.2,10,29.7,0
25.313344,91.75236,52.8,9,48.9,0
25.566955,91.886207,8.1,10,10.3,0
25.546607,91.873702,23.6,12,28.3,0
25.552819,91.877975,46.0,11,20.6,0
25.292318,91.742277,18.2,12,23.7,0
25.476837,91.841331,109.5,14,132.0,1
25.35334,91.774771,25.0,15,67.5,0
25.445814,91.825652,25.4,12,19.4,0
25.535475,91.86903,11.4,15,86.8,0
25.45702,91.831621,29.4,11,5.6,0
25.401601,91.800743,26.2,17,14.2,0
25.570849,91.88974,3.4,10,101.7,0
25.545222,91.873092,24.3,15,6.6,0
25.425556,91.814181,13.2,6,1.6,0
25.462349,91.834494,21.1,13,14.0,0
25.341836,91.76666,15.9,14,99.9,0
25.351715,91.772668,50.3,16,49.3,0
25.305612,91.747581,43.4,7,45.1,0
25.36863,91.782976,14.8,11,39.3,0
25.364176,91.779342,7.2,11,73.6,0
25.461325,91.833588,46.4,7,46.9,0
25.486587,91.847451,28.2,15,63.5,0
25.355766,91.775275,18.6,12,14.7,0
25.419143,91.811243,18.0,10,59.2,0
25.477069,91.843189,34.7,14,36.3,0
25.279051,91.736269,35.2,12,19.9,0
25.394456,91.797415,26.8,13,48.1,0
25.482613,91.845753,9.1,10,14.0,0
25.390318,91.795067,20.2,14,43.4,0
25.495095,91.848477,4.9,4,368.1,1
25.426748,91.815148,15.1,15,28.1,0
25.368406,91.781938,11.5,11,49.6,0
25.483731,91.846737,41.0,15,21.4,0
25.400208,91.800531,34.8,10,40.4,0
25.520093,91.863063,22.7,9,106.1,0
25.36796,91.782781,11.2,11,56.5,0
25.272749,91.73404,38.1,16,81.5,0
25.337591,91.764482,20.3,14,82.4,0
25.291912,91.741659,49.0,10,20.5,0
25.576347,91.89274,12.3,7,70.5,0
25.436694,91.821742,19.9,13,132.0,0
25.538603,91.86929,44.8,10,15.6,0
25.549656,91.875604,18.1,13,22.9,0
25.44277,91.823607,21.5,15,15.0,0
25.380445,91.789324,32.9,9,18.3,0
25.534174,91.867527,49.1,7,14.8,0
25.569172,91.888036,16.9,11,36.2,0
25.504591,91.855998,13.4,16,16.7,0
25.529844,91.866309,17.3,8,38.4,0
25.277947,91.736067,10.5,10,49.8,0
25.288463,91.740736,19.0,13,43.4,0
25.463119,91.834328,36.8,9,71.8,0
25.449846,91.827081,5.1,10,59.5,0
25.464174,91.83567,26.1,9,1.7,0
25.304597,91.747446,22.3,15,12.5,0
25.347455,91.770715,11.9,13,9.0,0
25.430771,91.818255,60.0,16,112.9,0
25.564011,91.88463,6.6,16,9.3,0
25.524625,91.864278,18.2,9,44.3,0
25.519995,91.861957,28.3,9,4.3,0
25.452816,91.829418,22.3,9,7.4,0
25.301653,91.745451,4.4,14,80.5,0
25.560735,91.882733,12.8,8,17.4,0
25.535073,91.868,20.8,10,3.0,0
25.531649,91.867088,9.5,13,44.3,0
25.501793,91.854924,56.0,11,21.4,0
25.572618,91.88961,16.7,14,12.7,0
25.548349,91.874775,9.8,15,26.5,0
25.302517,91.746683,4.4,13,5.2,0
25.365264,91.780619,4.6,10,8.1,0
25.485027,91.846812,24.2,15,41.4,0
25.506676,91.856919,60.0,10,25.7,0
25.392269,91.7954,1.9,15,29.7,0
25.534201,91.868249,13.9,8,58.8,0
25.271914,91.732592,4.6,18,27.3,0
25.270112,91.731876,10.2,10,17.7,0
25.340189,91.765721,15.5,10,102.2,0
25.494715,91.852036,42.2,12,15.5,0
25.533085,91.867741,37.7,12,52.4,0
25.526132,91.864686,26.1,15,24.1,0
25.455561,91.830956,23.3,16,8.6,0
25.344897,91.769014,49.8,9,36.3,0
25.456791,91.831765,60.0,9,20.9,0
25.465847,91.836788,31.1,12,20.1,0
25.527211,91.874814,9.6,23,1026.4,1
25.388709,91.793698,5.1,16,2.8,0
25.359818,91.77704,25.7,14,62.0,0
25.280879,91.73735,9.9,14,46.1,0
25.458432,91.831834,11.8,15,61.1,0
25.447583,91.826569,13.0,9,13.0,0
25.368402,91.78247,54.6,16,2.4,0
25.27834,91.735702,83.7,11,5.2,1
25.482694,91.846006,20.4,18,6.3,0
25.44352,91.824501,41.3,14,31.5,0
25.436797,91.820653,14.7,16,20.4,0
25.493484,91.851885,45.2,15,50.8,0
25.338981,91.766192,17.7,15,8.9,0
25.44288,91.824289,22.4,13,45.4,0
25.564366,91.883048,18.4,22,300.0,1
25.345461,91.770816,27.2,9,108.6,0
25.363062,91.78009,21.7,14,59.4,0
25.279558,91.736288,13.9,13,1.3,0
25.335807,91.7643,12.4,9,3.7,0
25.556513,91.88096,60.0,15,91.9,0
25.396503,91.798918,13.6,6,83.8,0
25.320531,91.755485,18.5,15,35.6,0
25.487606,91.849115,11.3,10,43.3,0
25.338964,91.76536,38.2,9,71.1,0
25.491622,91.850037,19.4,14,63.2,0
25.440081,91.821926,28.0,8,33.2,0
25.499223,91.852899,20.5,10,81.7,0
25.432173,91.816183,12.1,17,164.5,0
25.438849,91.821955,20.1,10,36.2,0
25.519613,91.861648,24.3,17,20.4,0
25.560082,91.88202,13.7,14,12.9,0
25.492904,91.850395,15.5,11,79.2,0
25.412467,91.806781,11.2,16,14.1,0
25.428784,91.815866,22.9,8,12.1,0
25.286827,91.739826,21.3,7,25.8,0
25.408529,91.804297,130.6,5,42.9,1
25.296429,91.743791,5.1,15,10.3,0
25.480569,91.844123,30.7,9,62.0,0
25.537571,91.868764,38.5,14,27.4,0
25.469672,91.83898,19.5,7,26.6,0
25.361399,91.779754,21.4,12,116.6,0
25.464845,91.835751,36.8,14,26.6,0
25.475009,91.842142,60.0,10,45.7,0
25.536026,91.868403,29.5,8,0.8,0
25.504234,91.85548,26.5,9,22.1,0
25.31305,91.752435,12.7,14,72.0,0
25.513566,91.85964,16.5,9,22.1,0
25.271552,91.733468,125.3,1,78.1,1
25.471697,91.839448,18.7,14,37.3,0
25.323322,91.756622,16.3,10,75.8,0
25.545067,91.87277,23.7,9,28.3,0
25.345568,91.769711,28.4,10,4.7,0
25.564039,91.884779,13.9,11,21.8,0
25.496142,91.852143,22.9,14,32.4,0
25.40386,91.802615,43.1,10,45.8,0
25.280011,91.736333,6.6,13,17.5,0
25.315702,91.753477,8.0,9,30.0,0
25.421144,91.811998,45.8,8,24.4,0
25.543554,91.871398,16.4,10,71.7,0
25.332359,91.763247,34.8,9,80.3,0
25.272817,91.733274,14.7,14,0.6,0
25.54491,91.872426,46.0,10,52.0,0
25.469905,91.838947,37.4,10,10.8,0
25.396205,91.798616,18.5,17,70.5,0
25.279513,91.735827,36.0,14,46.1,0
25.534581,91.867705,32.5,9,13.2,0
25.463358,91.835154,8.6,12,4.3,0
25.469167,91.838511,18.7,15,8.3,0
25.321431,91.756682,24.3,12,32.2,0
25.293314,91.742438,14.9,10,5.3,0
25.295009,91.743971,8.6,8,72.8,0
25.52676,91.864059,21.7,7,66.7,0
25.325857,91.758624,11.5,7,18.0,0
25.3399,91.76616,24.8,14,43.9,0
25.530123,91.86566,106.7,17,40.2,1
25.345324,91.771285,31.0,13,161.6,0
25.46675,91.837341,6.3,10,25.1,0
25.28196,91.737403,13.3,11,2.1,0
25.492303,91.850673,10.9,12,25.7,0
25.40328,91.802435,33.3,10,59.6,0
25.401231,91.801053,22.4,15,35.9,0
25.495345,91.852022,60.0,11,12.0,0
25.467712,91.838518,40.8,17,87.6,0
25.479396,91.844992,5.8,13,86.0,0
25.407405,91.805017,8.5,17,87.9,0
25.384813,91.792078,9.7,12,50.2,0
25.538658,91.869456,6.4,10,0.7,0
25.313444,91.751273,27.2,14,62.3,0
25.446125,91.825787,40.2,10,15.7,0
25.374149,91.785476,46.2,7,15.8,0
25.390632,91.795708,7.8,13,88.8,0
25.367981,91.801851,5.3,3,1911.1,1
25.420301,91.810629,15.6,8,63.2,0
25.274012,91.730416,0.4,3,344.0,1
25.271524,91.732267,10.7,13,42.5,0
25.424876,91.814223,17.5,9,39.3,0
25.406987,91.803763,20.1,11,11.5,0
25.411436,91.826179,19.4,22,1929.3,1
25.50543,91.856324,33.0,12,15.7,0
25.390217,91.793635,16.2,14,90.5,0
25.388798,91.793894,29.9,8,11.4,0
25.356772,91.776036,14.1,10,5.0,0
25.325207,91.757755,19.3,10,67.5,0
25.427461,91.815473,16.0,15,21.1,0
25.565215,91.885455,25.0,14,18.4,0
25.556503,91.880049,20.6,10,5.8,0
25.293092,91.741944,3.2,2,300.0,1
25.363198,91.779607,38.2,10,5.1,0
25.323704,91.757556,50.9,15,5.6,0
25.290517,91.740818,17.3,9,42.1,0
25.471211,91.839209,17.0,13,34.3,0
25.357372,91.776426,60.0,7,10.6,0
25.486782,91.848384,21.4,15,16.8,0
25.453971,91.829821,35.6,15,15.9,0
25.423918,91.813924,20.4,12,61.9,0
25.572062,91.889922,28.8,13,49.2,0
25.409004,91.804563,16.7,13,42.7,0
25.324669,91.757897,19.2,17,24.6,0
25.531674,91.866654,11.5,10,1.6,0
25.457092,91.831894,14.8,13,17.2,0
25.430541,91.81662,34.0,12,33.8,0
25.304616,91.746759,44.6,14,83.1,0
25.443399,91.823157,46.7,14,92.9,0
25.487988,91.849298,14.7,17,40.4,0
25.466299,91.836705,4.5,8,12.4,0
25.395423,91.797813,9.4,11,34.7,0
25.442909,91.823274,23.5,15,54.9,0
25.364554,91.781337,33.9,10,100.2,0
25.380301,91.787291,24.5,14,171.7,0
25.358102,91.777657,13.5,10,90.8,0
25.341827,91.766861,13.2,13,79.8,0
25.505251,91.856174,27.8,10,7.6,0
25.418273,91.810469,21.5,7,30.9,0
25.531163,91.8664,29.9,13,6.7,0
25.294852,91.74285,19.5,13,33.8,0
25.572232,91.888882,11.3,10,59.7,0
25.565063,91.884959,17.0,9,20.1,0
25.567334,91.886236,18.6,11,29.4,0
25.349264,91.771828,34.1,6,1.4,0
25.49536,91.851746,17.7,14,41.2,0
25.378623,91.787338,10.0,13,76.4,0
25.51888,91.861648,22.6,10,10.0,0
25.503293,91.855565,22.0,11,25.7,0
25.362119,91.779807,41.2,17,82.9,0
25.357108,91.775476,43.9,10,67.7,0
25.400718,91.792572,29.8,18,761.6,1
25.495573,91.851594,4.5,9,65.6,0
25.281387,91.737574,41.9,8,45.7,0
25.314674,91.753006,14.4,14,39.8,0
25.319215,91.755157,6.2,11,3.6,0
25.390818,91.79378,34.5,13,108.9,0
25.505201,91.857223,15.0,15,118.1,0
25.384714,91.7907,11.1,8,78.6,0
25.441641,91.823883,29.5,15,72.9,0
25.494163,91.852511,32.0,13,87.4,0
25.302927,91.745319,148.3,11,152.1,1
25.42325,91.81265,26.7,11,25.9,0
25.290058,91.740715,36.0,10,31.6,0
25.429394,91.817003,23.1,8,65.5,0
25.461956,91.834255,26.8,16,16.0,0
25.307384,91.748467,34.9,14,36.1,0
25.378207,91.788357,26.0,9,45.2,0
25.378873,91.787589,8.6,8,65.5,0
25.55603,91.879156,30.9,8,52.0,0
25.460559,91.833225,23.9,8,40.8,0
25.310408,91.74984,26.7,15,37.7,0
25.432889,91.818716,45.3,10,43.3,0
25.509328,91.857058,18.4,18,69.5,0
25.569415,91.8877,12.1,12,9.9,0
25.359752,91.778063,18.9,10,41.1,0
25.463751,91.835377,33.8,14,4.0,0
25.484376,91.846693,26.4,9,17.8,0
25.405629,91.803007,12.1,16,11.7,0
25.295581,91.743812,10.5,13,30.5,0
25.484118,91.846851,34.8,11,11.6,0
25.37876,91.78805,10.8,11,14.6,0
25.573581,91.89003,24.1,11,28.1,0
25.372482,91.78419,22.4,15,50.8,0
25.492791,91.851137,34.3,10,2.1,0
25.465104,91.835749,26.3,15,40.9,0
25.57382,91.890111,22.7,11,34.2,0
25.529961,91.865436,11.9,10,56.6,0
25.531588,91.865773,20.6,13,89.1,0
25.44589,91.825972,51.2,15,46.5,0
25.359319,91.776481,44.6,8,89.4,0
25.534891,91.867312,38.6,14,66.6,0
25.501868,91.855375,21.8,14,64.9,0
25.449893,91.827697,20.0,16,2.1,0
25.526475,91.864999,6.1,9,42.3,0
25.363671,91.780084,54.9,8,26.0,0
25.411555,91.806449,25.1,10,2.9,0
25.293284,91.742176,17.4,15,30.6,0
25.550414,91.875517,14.2,11,74.8,0
25.391831,91.795742,40.3,9,27.2,0
25.558058,91.883201,21.1,8,216.3,0
25.51283,91.858477,31.4,15,67.7,0
25.291868,91.741554,15.4,12,29.1,0
25.340859,91.766725,27.0,9,40.8,0
25.530202,91.865435,18.0,13,66.7,0
25.543861,91.871748,4.4,10,56.1,0
25.407406,91.803905,13.3,14,20.3,0
25.448289,91.826406,34.7,9,41.0,0
25.384851,91.791631,29.7,13,4.6,0
25.445101,91.82524,41.5,9,17.9,0
25.529772,91.865897,13.7,10,1.2,0
25.283551,91.745604,0.5,2,762.0,1
25.483278,91.846264,25.1,12,0.2,0
25.485735,91.847318,12.6,11,30.4,0
25.311782,91.750972,23.3,16,1.7,0
25.552993,91.877214,9.1,13,61.9,0
25.430788,91.817103,17.2,17,0.1,0
25.34965,91.770839,7.0,15,115.6,0
25.329611,91.76102,22.1,14,12.2,0
25.497577,91.853241,32.0,8,21.7,0
25.312703,91.751685,14.6,9,17.8,0
25.345404,91.769457,21.1,6,20.6,0
25.471053,91.838962,16.5,16,49.8,0
25.55005,91.875871,13.5,17,20.2,0
25.434415,91.819224,41.2,11,10.1,0
25.290846,91.740494,23.6,9,90.0,0
25.398335,91.798893,52.6,15,17.7,0
25.365373,91.7801,43.4,9,64.5,0
25.44993,91.826492,34.7,8,121.3,0
25.512988,91.859822,36.2,14,64.8,0
25.435221,91.818955,51.4,9,59.6,0
25.48447,91.846221,32.7,13,68.8,0
25.35383,91.775142,29.0,10,77.1,0
25.34165,91.767514,17.8,16,6.8,0
25.274727,91.734054,15.8,9,7.5,0
25.285073,91.738906,29.7,15,12.5,0
25.437086,91.820276,21.7,14,31.9,0
25.342714,91.76854,7.6,14,35.5,0
25.38837,91.79373,9.9,16,18.6,0
25.558269,91.880802,60.0,9,24.3,0
25.286118,91.739092,37.1,14,16.4,0
25.435351,91.819377,30.8,11,25.6,0
25.424785,91.814164,19.8,11,38.4,0
25.451615,91.828672,28.4,15,0.3,0
25.395443,91.797715,22.0,10,24.0,0
25.390041,91.795855,24.6,15,135.1,0
25.384447,91.791139,27.8,11,21.5,0
25.321162,91.756001,14.1,15,19.5,0
25.562551,91.883514,44.4,13,12.8,0
25.479703,91.844452,54.2,13,16.8,0
25.480764,91.84379,27.2,12,105.0,0
25.36555,91.780026,42.0,10,81.2,0
25.333548,91.763263,16.0,10,17.6,0
25.547162,91.874653,14.9,14,30.3,0
25.419446,91.810782,23.7,15,2.1,0
25.297016,91.744476,18.6,8,32.4,0
25.365877,91.781372,48.7,14,32.0,0
25.546519,91.874852,28.4,12,86.3,0
25.548366,91.87521,18.1,9,14.0,0
25.307339,91.748319,31.1,7,49.1,0
25.52727,91.864275,22.9,8,65.5,0
25.374383,91.784843,21.1,11,90.1,0
25.327123,91.759916,60.0,9,39.2,0
25.499253,91.853527,24.4,13,18.0,0
25.412766,91.80687,21.7,15,21.6,0
25.358417,91.776968,8.7,14,6.7,0
25.440414,91.822243,6.7,15,20.4,0
25.562233,91.88226,60.0,11,114.0,0
25.406656,91.802659,11.5,12,101.1,0
25.48491,91.84743,24.1,10,25.0,0
25.552462,91.87819,21.6,17,61.6,0
25.289518,91.740092,17.2,13,70.1,0
25.513856,91.859808,13.5,13,27.4,0
25.517892,91.861648,20.8,9,50.7,0
25.48871,91.849467,42.9,10,17.9,0
25.523612,91.863388,17.3,17,5.8,0
25.448223,91.827281,12.6,15,47.7,0
25.555969,91.878747,56.3,14,87.4,0
25.442069,91.825142,22.6,7,172.2,0
25.396063,91.797944,13.6,14,12.7,0
25.404346,91.802434,26.0,10,1.9,0
25.498144,91.85311,14.8,9,15.3,0
25.276422,91.735085,18.5,15,19.8,0
25.347716,91.770674,18.8,13,27.2,0
25.49528,91.852784,42.3,18,69.4,0
25.298116,91.744668,32.6,8,1.6,0
25.409475,91.805277,15.9,14,1.3,0
25.547012,91.87433,28.2,8,8.2,0
25.359065,91.776287,23.0,9,94.5,0
25.503482,91.855572,35.3,9,18.6,0
25.328427,91.760475,26.0,15,23.2,0
25.321496,91.756161,52.5,10,21.9,0
25.432948,91.818623,20.4,10,31.0,0
25.557387,91.879953,23.6,15,54.3,0
25.386602,91.7927,26.5,14,13.9,0
25.455953,91.830917,20.1,8,16.4,0
25.503338,91.854784,27.9,10,57.0,0
25.540277,91.870528,20.1,15,34.3,0
25.553283,91.877975,8.1,11,6.2,0
25.359292,91.776772,16.7,9,59.6,0
25.286031,91.747264,1.0,4,817.2,1
25.333124,91.764109,29.5,13,122.9,0
25.32982,91.761209,19.1,11,19.3,0
25.551121,91.877681,16.1,9,90.5,0
25.317842,91.754708,21.2,12,34.1,0
25.365638,91.765983,19.9,3,1452.5,1
25.456392,91.831171,7.2,8,15.4,0
25.382009,91.789391,60.0,10,59.8,0
25.426536,91.815856,38.7,9,108.4,0
25.493127,91.850841,14.6,8,42.4,0
25.292912,91.740258,17.3,13,300.0,1
25.536118,91.86835,2.6,16,10.0,0
25.539042,91.869762,10.9,15,15.0,0
25.356759,91.775785,22.9,12,18.8,0
25.478516,91.843157,23.4,16,45.0,0
25.469953,91.839597,25.1,15,71.4,0
25.343794,91.769257,10.8,10,47.0,0
25.419863,91.810656,23.8,11,36.9,0
25.326837,91.759592,28.6,15,23.1,0
25.293522,91.742647,22.9,11,6.3,0
25.49658,91.852085,7.9,15,56.5,0
25.30731,91.748577,12.6,13,21.5,0
25.413942,91.807532,14.2,15,20.8,0
25.4381,91.821285,102.6,21,11.5,1
25.318091,91.754534,27.3,8,3.8,0
25.368876,91.78339,11.0,15,66.3,0
25.333701,91.762948,16.7,9,21.3,0
25.427571,91.815371,11.9,13,5.2,0
25.537003,91.869583,10.8,13,80.8,0
25.357929,91.777138,27.3,8,49.7,0
25.349317,91.772138,11.9,15,28.8,0
25.412015,91.807775,17.1,12,107.0,0
25.425003,91.814116,41.7,16,22.0,0
25.564731,91.88523,132.6,4,24.8,1
25.345163,91.770146,18.0,14,59.5,0
25.47959,91.844333,7.5,11,11.3,0
25.505577,91.855814,29.5,14,43.1,0
25.386743,91.793671,35.4,8,100.8,0
25.514401,91.85972,30.3,15,4.2,0
25.461156,91.833942,13.3,13,3.2,0
25.467825,91.837315,7.7,9,35.6,0
25.404558,91.802779,12.3,9,24.0,0
25.421924,91.811798,11.4,12,37.2,0
25.552895,91.877866,24.4,10,5.8,0
25.575429,91.890727,45.4,13,68.3,0
25.300988,91.747764,57.5,9,184.7,0
25.478049,91.843762,37.7,9,39.0,0
25.466971,91.837736,23.8,16,51.5,0
25.45575,91.830762,17.9,9,20.5,0
25.565058,91.885585,24.8,14,39.9,0
25.339088,91.765436,2.4,9,70.4,0
25.347168,91.770361,16.4,8,28.0,0
25.346376,91.77031,14.5,14,9.8,0
25.329095,91.761135,42.6,14,51.2,0
25.340812,91.76749,31.6,14,36.2,0
25.527176,91.865022,26.7,15,15.7,0
25.282692,91.737797,8.8,17,8.7,0
25.272541,91.73303,27.7,13,11.5,0
25.536457,91.868074,27.3,8,52.6,0
25.545687,91.874451,51.7,8,96.1,0
25.358155,91.776973,13.7,14,21.4,0
25.303985,91.747369,24.1,14,7.7,0
25.554339,91.878525,19.7,15,14.7,0
25.55348,91.88769,20.1,1,907.7,1
25.438577,91.821323,11.6,16,10.6,0
25.339859,91.766935,60.0,13,33.7,0
25.478779,91.843776,10.3,11,1.0,0
25.366337,91.780903,17.3,9,38.5,0
25.483576,91.845973,4.7,10,44.6,0
25.480479,91.844969,50.1,15,25.1,0
25.438725,91.82155,17.2,14,3.5,0
25.327265,91.758855,5.8,7,71.7,0
25.481391,91.844837,3.0,11,37.0,0
25.379591,91.789849,7.1,9,115.5,0
25.328276,91.760065,37.2,7,8.6,0
25.398331,91.800222,35.0,16,111.8,0
25.449142,91.828035,29.8,14,71.4,0
25.435508,91.820428,6.9,10,68.2,0
25.50479,91.855886,19.7,7,3.1,0
25.276998,91.735428,41.6,7,28.4,0
25.544539,91.874078,20.0,9,126.8,0
25.367692,91.781873,84.6,13,17.4,1
25.32143,91.756719,40.8,14,35.9,0
25.451098,91.8287,14.2,12,30.3,0
25.331027,91.761438,8.9,14,23.7,0
25.425338,91.814962,18.0,10,86.1,0
25.365611,91.781122,25.7,12,22.1,0
25.494038,91.851108,23.5,12,52.4,0
25.566989,91.886317,21.7,15,1.8,0
25.272677,91.733077,60.0,14,13.0,0
25.434391,91.818822,43.6,17,27.6,0
25.318396,91.754634,36.8,11,3.0,0
25.502178,91.855105,51.0,10,24.2,0
25.388892,91.792748,34.7,14,105.2,0
25.448413,91.827452,29.3,15,54.1,0
25.569948,91.887855,14.3,9,25.9,0
25.421617,91.812578,16.2,16,55.4,0
25.29772,91.743856,14.0,9,62.8,0
25.488986,91.849505,23.5,14,6.6,0
25.295598,91.74395,17.3,10,43.8,0
25.296494,91.743312,9.6,13,61.9,0
25.466776,91.837707,32.0,8,59.3,0
25.536468,91.868126,16.2,12,47.7,0
25.547695,91.874065,5.8,15,56.4,0
25.487467,91.84811,19.1,14,47.0,0
25.529567,91.865882,34.7,18,5.7,0
25.473011,91.840211,24.5,9,34.1,0
25.42201,91.812949,16.3,13,70.2,0
25.537681,91.869073,36.8,15,0.1,0
25.317885,91.754258,24.2,14,11.9,0
25.46757,91.836577,11.8,9,93.6,0
25.434221,91.818939,25.8,16,7.0,0
25.564924,91.884946,16.2,7,13.4,0
25.32261,91.75692,40.1,13,8.3,0
25.395577,91.797561,30.1,12,1.8,0
25.340929,91.76702,14.7,9,15.8,0
25.455931,91.831199,19.1,7,12.3,0
25.577484,91.892234,16.1,10,43.2,0
25.450707,91.829397,7.7,11,119.3,0
25.408918,91.804048,31.8,9,88.2,0
25.554958,91.885914,10.4,11,653.3,1
25.346069,91.770347,20.2,8,30.1,0
25.301465,91.746388,9.8,10,23.2,0
25.512647,91.858509,4.4,10,56.9,0
25.482221,91.845391,15.2,8,28.0,0
25.553316,91.877099,19.1,9,91.5,0
25.310804,91.751079,21.4,14,61.6,0
25.375402,91.78651,28.8,6,17.1,0
25.438258,91.820169,5.6,15,105.6,0
25.343766,91.769021,7.2,14,25.5,0
25.34524,91.768892,17.4,15,66.7,0
25.442911,91.823613,11.5,15,22.1,0
25.300315,91.745843,34.9,13,20.4,0
25.546443,91.874066,23.4,9,15.9,0
25.536017,91.868691,11.6,15,29.4,0
25.396963,91.797975,25.8,10,32.9,0
25.28762,91.739969,27.2,12,4.1,0
25.577008,91.892581,37.0,9,17.3,0
25.572951,91.890486,10.6,10,51.6,0
25.500715,91.853756,9.7,16,54.7,0
25.547345,91.87494,2.8,15,47.1,0
25.530848,91.866939,36.8,11,62.0,0
25.406748,91.802543,57.8,14,117.3,0
25.366206,91.781658,4.7,14,42.1,0
25.455411,91.830717,13.7,10,6.5,0
25.543699,91.872202,40.5,15,3.5,0
25.521568,91.861884,27.7,9,76.8,0
25.400803,91.799783,26.6,8,64.5,0
25.353834,91.773832,24.6,17,50.6,0
25.420959,91.811626,31.7,13,1.8,0
25.484529,91.847941,34.8,10,95.4,0
25.473197,91.839551,36.6,12,108.4,0
25.346484,91.770179,10.2,13,8.7,0
25.428976,91.816245,27.2,15,14.4,0
25.455323,91.830121,32.7,15,59.8,0
25.53068,91.866327,20.8,14,5.7,0
25.509473,91.856955,9.3,13,86.3,0
25.275891,91.734824,18.4,16,17.5,0
25.344169,91.768471,31.1,8,49.8,0
25.310169,91.749676,11.6,11,40.7,0
25.369997,91.782732,10.9,16,58.4,0
25.275928,91.730224,1.1,2,451.1,1
25.347152,91.770441,17.7,14,19.3,0
25.453795,91.830663,33.0,10,75.6,0
25.557464,91.880084,53.0,11,46.3,0
25.456527,91.831663,31.7,9,25.2,0
25.460548,91.834048,16.7,9,40.0,0
25.419646,91.810573,28.7,9,33.2,0
25.327905,91.760218,17.2,10,26.4,0
25.281779,91.737388,20.8,16,8.8,0
25.410974,91.805847,13.3,10,24.3,0
25.374444,91.785423,13.8,10,36.9,0
25.509782,91.858437,29.0,17,54.2,0
25.358003,91.777186,22.2,9,50.4,0
25.285484,91.739092,10.9,10,12.6,0
25.445742,91.825657,29.2,15,23.9,0
25.349892,91.772492,2.3,13,32.1,0
25.312383,91.751574,27.6,15,24.3,0
25.495535,91.852681,3.9,14,48.2,0
25.272113,91.731983,97.1,19,98.2,1
25.35735,91.775487,34.0,10,79.7,0
25.380456,91.789648,19.3,8,49.2,0
25.317841,91.754105,26.8,16,24.4,0
25.361517,91.777921,32.4,16,68.1,0
25.312459,91.751899,13.6,10,51.9,0
25.448571,91.827613,22.4,9,61.2,0
25.440966,91.822432,43.2,16,31.8,0
25.519615,91.862083,28.3,13,24.5,0
25.461364,91.833192,45.1,13,87.5,0
25.519181,91.86195,9.6,9,28.7,0
25.2879,91.740316,37.6,15,26.5,0
25.346058,91.770191,57.7,17,15.4,0
25.474695,91.842232,18.5,9,71.5,0
25.284885,91.738341,29.9,16,36.3,0
25.476891,91.842394,32.0,9,31.4,0
25.546842,91.874381,11.4,9,22.9,0
25.560137,91.880927,14.1,17,120.1,0
25.338771,91.766287,30.8,15,29.4,0
25.43367,91.819655,36.7,15,92.4,0
25.491505,91.851074,44.9,13,48.8,0
25.298224,91.730333,16.6,16,1458.5,1
25.303051,91.746097,23.4,16,78.8,0
25.530324,91.866702,21.1,16,59.2,0
25.513602,91.858759,11.7,8,70.5,0
25.499373,91.85307,8.7,10,70.2,0
25.576795,91.891879,28.1,17,37.3,0
25.542721,91.871807,7.0,11,15.2,0
25.486232,91.847701,11.6,15,20.1,0
25.437854,91.82141,29.6,8,37.0,0
25.357856,91.776351,17.2,11,23.0,0
25.384713,91.792668,21.5,11,113.0,0
25.566728,91.88587,9.3,15,29.3,0
25.423938,91.813002,28.1,15,28.9,0
25.30055,91.745939,24.1,15,19.5,0
25.555609,91.88018,60.0,15,69.8,0
25.285333,91.745217,1.7,22,641.3,1
25.546085,91.874291,15.7,14,57.9,0
25.516955,91.860808,19.8,15,2.7,0
25.516312,91.860395,9.7,10,13.4,0
25.394943,91.796737,33.7,13,44.1,0
25.343598,91.768455,12.7,13,20.5,0
25.408276,91.805085,1.9,8,47.4,0
25.363711,91.780313,27.5,9,46.1,0
25.505371,91.855969,19.6,9,18.5,0
25.295575,91.744218,15.3,15,72.0,0
25.292708,91.74224,38.3,9,2.1,0
25.567951,91.887637,10.9,8,68.5,0
25.407615,91.804176,13.9,14,5.3,0
25.320097,91.755818,113.0,0,20.3,1
25.306083,91.747498,24.1,11,75.0,0
25.537336,91.86847,12.2,10,48.0,0
25.401128,91.801614,40.6,11,96.0,0
25.57457,91.890582,5.4,7,32.6,0
25.306686,91.748723,10.3,8,21.8,0
25.323651,91.757504,22.7,11,7.8,0
25.286064,91.738897,41.6,9,33.7,0
25.33483,91.763941,14.0,8,14.3,0
25.523524,91.863677,17.3,8,27.7,0
25.560469,91.88259,10.2,13,19.2,0
25.567992,91.887103,13.7,16,15.3,0
25.368433,91.783433,23.9,9,94.4,0
25.566875,91.886508,12.9,9,23.0,0
25.297336,91.750531,6.9,14,632.4,1
25.555056,91.87904,28.4,14,6.9,0
25.423358,91.813423,21.1,9,43.4,0
25.285759,91.746229,1.8,2,724.5,1
25.399826,91.800779,15.1,12,85.2,0
25.511896,91.858761,4.5,14,0.3,0
25.483828,91.846714,40.1,12,13.9,0
25.310149,91.750028,10.2,13,5.4,0
25.574781,91.891017,6.8,17,3.3,0
25.341642,91.76756,28.4,14,1.9,0
25.550069,91.875981,80.6,12,10.8,1
25.295844,91.743635,57.9,11,0.5,0
25.316259,91.753997,10.0,15,50.6,0
25.327649,91.758901,18.7,11,88.0,0
25.368643,91.781849,19.3,13,71.0,0
25.321635,91.755925,28.3,17,52.4,0
25.373147,91.785379,16.8,15,29.0,0
25.444914,91.824463,22.1,16,47.6,0
25.368022,91.781688,11.9,8,53.2,0
25.31845,91.754354,18.4,14,33.1,0
25.435263,91.819882,101.2,21,28.4,1
25.535268,91.867443,4.5,8,68.7,0
25.520566,91.861481,35.9,9,77.1,0
25.279103,91.736895,5.8,15,81.1,0
25.321606,91.755628,11.8,10,79.7,0
25.465496,91.836186,26.8,10,19.5,0
25.276609,91.734906,23.7,6,6.9,0
25.324891,91.758535,12.0,14,25.5,0
25.283569,91.738481,10.4,15,38.0,0
25.420739,91.810344,21.3,8,114.6,0
25.402023,91.800212,16.0,11,88.7,0
25.320516,91.760813,0.9,4,483.7,1
25.327709,91.759523,9.1,14,30.7,0
25.362312,91.779316,18.8,15,24.7,0
25.370113,91.783458,34.0,11,6.0,0
25.303921,91.747509,23.2,15,24.8,0
25.356517,91.787002,25.8,13,1085.9,1
25.543417,91.871157,24.4,14,86.8,0
25.512519,91.85805,23.6,13,98.9,0
25.513249,91.860899,23.4,11,165.3,0
25.461685,91.834211,26.8,16,5.7,0
25.402366,91.800706,13.0,10,59.2,0
25.406507,91.803738,26.0,16,12.0,0
25.357896,91.776288,25.1,10,31.2,0
25.341694,91.767496,19.8,10,10.8,0
25.525383,91.864412,38.9,13,26.8,0
25.343975,91.769578,15.3,11,68.4,0
25.390118,91.794722,22.0,12,20.6,0
25.508212,91.857822,16.0,16,55.5,0
25.567065,91.886445,12.7,8,6.1,0
25.402762,91.800357,18.4,9,114.6,0
25.309519,91.75043,23.7,13,65.6,0
25.509153,91.857887,28.3,9,23.3,0
25.5472,91.874068,135.6,22,27.6,1
25.325295,91.758939,28.1,10,43.0,0
25.549916,91.87597,25.1,14,3.0,0
25.566139,91.885746,51.6,15,7.2,0
25.54745,91.875298,36.3,11,75.1,0
25.337401,91.76527,12.7,11,4.6,0
25.525353,91.864148,30.1,8,0.7,0
25.455068,91.831401,25.4,13,78.6,0
25.515504,91.860257,21.4,9,5.8,0
25.38086,91.789317,24.1,10,4.8,0
25.323876,91.758926,21.8,16,118.5,0
25.442384,91.823393,21.0,11,15.0,0
25.356383,91.776073,45.2,7,29.6,0
25.558498,91.88212,49.8,12,88.0,0
25.448621,91.827323,18.5,13,30.3,0
25.55243,91.877133,8.7,15,37.2,0
25.551333,91.876493,31.5,14,34.9,0
25.516431,91.860315,26.2,6,26.6,0
25.292879,91.741505,36.2,9,80.2,0
25.395845,91.797963,20.4,17,26.4,0
25.328792,91.760868,14.6,14,41.6,0
25.542629,91.870418,10.6,11,111.7,0
25.412485,91.806391,60.0,9,53.0,0
25.49988,91.853708,5.1,14,25.2,0
25.374403,91.785933,17.2,14,14.9,0
25.367275,91.781893,12.8,7,7.2,0
25.311326,91.749988,38.2,17,72.8,0
25.440172,91.821447,18.1,14,84.7,0
25.488687,91.849431,14.3,9,15.6,0
25.394984,91.796975,42.7,14,23.3,0
25.376856,91.788107,27.2,13,93.9,0
25.413496,91.807741,39.1,14,23.7,0
25.461564,91.834364,23.7,11,15.8,0
25.315718,91.752976,60.0,15,19.5,0
25.387258,91.792697,13.4,10,21.8,0
25.444864,91.824356,31.8,14,55.3,0
25.403911,91.801557,17.7,15,60.0,0
25.506092,91.856216,23.4,9,22.8,0
25.312973,91.752005,12.4,11,34.4,0
25.323215,91.75655,15.7,16,77.0,0
25.342853,91.768682,112.7,23,41.9,1
25.447161,91.826748,26.7,10,53.3,0
25.352638,91.773443,21.2,16,23.8,0
25.425414,91.813712,5.5,9,39.6,0
25.338616,91.765953,9.5,10,5.3,0
25.571828,91.88925,16.1,13,1.4,0
25.371918,91.784576,24.3,10,17.2,0
25.305154,91.74821,20.5,7,39.7,0
25.501162,91.853983,25.5,8,49.8,0
25.332211,91.762572,12.6,16,22.6,0
25.371424,91.78409,32.5,14,3.4,0
25.565312,91.885911,17.6,12,56.2,0
25.485719,91.847741,25.2,14,11.6,0
25.415203,91.807659,33.8,18,76.6,0
25.379997,91.789686,11.9,17,77.8,0
25.444307,91.82532,10.6,10,68.6,0
25.370374,91.783128,29.4,9,40.2,0
25.563902,91.88458,15.1,11,10.7,0
25.410414,91.805051,8.4,13,71.5,0
25.480611,91.844862,30.6,13,7.6,0
25.449094,91.827277,9.2,15,0.3,0
25.558402,91.880568,23.0,10,54.3,0
25.46117,91.834683,8.0,14,68.1,0
25.404237,91.803116,16.5,11,74.2,0
25.359868,91.778286,35.9,13,56.6,0
25.320592,91.76159,1.2,4,555.2,1
25.31902,91.75488,14.1,17,12.8,0
25.281972,91.738016,92.1,1,63.8,1
25.296023,91.743469,38.2,7,24.5,0
25.465813,91.836044,40.6,15,50.5,0
25.377704,91.787797,42.7,15,17.9,0
25.443541,91.82365,9.4,6,52.5,0
25.513565,91.859575,20.6,8,15.4,0
25.416966,91.808967,49.8,8,44.6,0
25.577041,91.892657,8.9,15,22.7,0
25.479501,91.843883,32.3,10,27.6,0
25.357663,91.776812,19.1,12,32.3,0
25.400383,91.801382,21.5,10,113.7,0
25.408312,91.804682,8.2,14,6.2,0
25.384429,91.791825,5.3,10,46.2,0
25.559392,91.88129,17.8,16,42.6,0
25.535051,91.86837,35.5,9,36.1,0
25.284365,91.743483,0.3,4,509.4,1
25.413012,91.807447,18.0,9,21.2,0
25.330993,91.761955,22.5,14,28.5,0
25.477179,91.843385,33.8,17,49.3,0
25.285327,91.739125,42.4,8,23.1,0
25.344842,91.769833,33.8,8,46.4,0
25.446963,91.825874,19.4,14,21.0,0
25.322931,91.756423,27.6,15,74.1,0
25.449468,91.827039,7.3,12,43.2,0
25.473836,91.841852,10.1,8,80.9,0
25.413957,91.807732,29.7,8,2.2,0
25.27598,91.734421,35.1,14,27.4,0
25.501085,91.853684,7.6,9,77.5,0
25.578705,91.892893,59.6,11,79.3,0
25.318798,91.754546,20.5,15,33.2,0
25.382045,91.790263,36.8,16,23.1,0
25.393116,91.7959,45.2,10,26.8,0
25.296228,91.74367,11.8,16,13.4,0
25.300807,91.746083,20.6,13,22.3,0
25.358974,91.777197,16.3,9,1.1,0
25.32759,91.759375,17.3,13,38.7,0
25.397077,91.798282,21.5,11,9.1,0
25.56305,91.884487,60.0,17,51.1,0
25.282004,91.737372,19.7,16,3.1,0
25.512906,91.858621,113.1,13,56.0,1
25.510752,91.857631,18.7,12,69.3,0
25.398444,91.799585,8.6,15,43.8,0
25.325318,91.758402,11.8,10,10.5,0
25.486018,91.847281,12.0,8,49.3,0
25.269502,91.731758,25.2,12,61.6,0
25.274651,91.734043,25.2,12,5.1,0
25.33276,91.762099,31.3,9,53.1,0
25.415553,91.809169,7.4,12,51.4,0
25.32819,91.760032,20.1,15,7.2,0
25.334996,91.764059,21.3,13,16.8,0
25.515943,91.860666,13.6,13,29.9,0
25.465052,91.836114,12.1,8,2.5,0
25.546984,91.874058,17.2,16,16.1,0
25.338683,91.766224,60.0,15,28.1,0
25.377713,91.786917,17.6,10,68.3,0
25.34604,91.769629,12.4,15,38.3,0
25.49518,91.851633,13.7,10,45.4,0
25.499958,91.853467,20.5,9,53.4,0
25.464598,91.835734,8.3,14,15.0,0
25.429144,91.815771,18.8,10,40.9,0
25.378549,91.788658,34.4,11,56.0,0
25.486374,91.848238,15.1,13,24.5,0
25.449623,91.828095,15.1,10,51.2,0
25.38181,91.789377,21.0,15,50.3,0
25.564706,91.884798,15.0,17,14.8,0
25.457827,91.83084,6.3,7,125.2,0
25.567117,91.886256,60.0,13,15.0,0
25.310132,91.750626,22.8,16,53.8,0
25.446562,91.825767,17.3,14,9.8,0
25.301592,91.737406,0.2,0,894.4,1
25.311229,91.751219,13.3,14,52.1,0
25.278401,91.735392,24.9,16,39.5,0
25.46598,91.836379,14.4,16,26.9,0
25.49366,91.851355,3.9,12,11.3,0
25.461377,91.834098,52.7,10,0.0,0
25.576367,91.892046,7.2,16,3.2,0
25.428151,91.814588,11.7,18,102.3,0
25.447838,91.826761,26.1,15,17.9,0
25.288637,91.738938,36.9,16,147.1,0
25.37483,91.785695,19.9,8,31.3,0
25.295046,91.7427,54.2,7,57.9,0
25.564288,91.884798,12.1,13,9.2,0
25.425956,91.814763,41.5,15,33.4,0
25.345879,91.769341,21.6,9,57.5,0
25.475993,91.842431,56.9,16,20.7,0
25.297029,91.7445,26.6,16,34.2,0
25.351345,91.773505,42.4,14,52.1,0
25.337201,91.764638,14.5,11,46.1,0
25.43555,91.81938,44.7,9,36.1,0
25.387272,91.792581,33.6,16,33.8,0
25.374332,91.785738,2.3,8,0.2,0
25.349916,91.771827,22.7,8,33.9,0
25.388215,91.793465,33.1,13,1.2,0
25.38906,91.794093,22.3,9,16.6,0
25.321806,91.756361,21.0,11,19.2,0
25.323238,91.757963,20.1,8,59.2,0
25.45115,91.828841,49.3,11,41.3,0
25.527327,91.8655,17.2,12,58.8,0
25.426712,91.815826,32.7,10,95.9,0
25.472099,91.839569,32.4,15,47.3,0
25.44783,91.829967,19.1,10,330.3,1
25.403186,91.802077,52.9,13,29.9,0
25.436673,91.820591,22.5,10,21.1,0
25.281022,91.73742,15.2,10,46.7,0
25.578387,91.882531,3.9,3,1019.3,1
25.336911,91.765596,6.8,17,62.8,0
25.309793,91.750136,16.1,14,23.3,0
25.323299,91.758932,9.9,12,150.2,0
25.560225,91.882702,27.4,13,43.9,0
25.402809,91.801704,28.1,10,13.9,0
25.520713,91.861252,15.7,17,106.8,0
25.426629,91.815237,30.5,15,43.1,0
25.300135,91.746853,37.3,10,131.2,0
25.514821,91.859046,21.3,10,91.2,0
25.295668,91.743769,29.1,9,22.2,0
25.447751,91.826906,36.9,6,36.8,0
25.3258,91.758743,14.4,15,3.4,0
25.283769,91.743316,2.0,0,519.7,1
25.289869,91.74166,21.3,16,73.0,0
25.465383,91.836262,17.4,9,6.0,0
25.348033,91.771205,23.7,9,7.4,0
25.463145,91.834612,19.3,11,45.6,0
25.439198,91.821285,25.3,9,47.8,0
25.444172,91.824928,42.0,15,37.7,0
25.396943,91.798337,14.3,16,3.4,0
25.448058,91.826211,6.9,14,47.4,0
25.400689,91.799866,8.6,9,50.3,0
25.272045,91.732691,26.7,16,23.3,0
25.453446,91.829731,60.0,17,3.8,0
25.355462,91.775178,18.9,16,7.7,0
25.30786,91.749293,19.4,13,26.0,0
25.53359,91.868055,34.4,10,64.0,0
25.376187,91.787159,6.2,15,37.8,0
25.349185,91.771751,54.7,12,1.8,0
25.322958,91.756738,23.5,14,44.9,0
25.273942,91.733509,10.3,13,26.9,0
25.504821,91.856231,30.1,14,31.3,0
25.380583,91.789437,15.5,15,21.8,0
25.545786,91.874891,19.8,12,132.2,0
25.566545,91.885921,6.6,7,13.9,0
25.438661,91.821802,39.9,10,31.5,0
25.512609,91.859705,30.5,17,68.4,0
25.565218,91.884743,32.3,14,49.6,0
25.39808,91.798917,12.8,12,1.6,0
25.326071,91.758997,17.7,18,6.7,0
25.512759,91.858536,33.4,16,58.6,0
25.489571,91.850745,33.8,14,95.7,0
25.513115,91.859169,22.0,14,7.9,0
25.439175,91.822079,8.6,14,30.7,0
25.323782,91.758049,14.5,8,38.2,0
25.455462,91.831219,21.5,8,39.6,0
25.442129,91.823897,33.0,9,47.9,0
25.446535,91.824784,36.8,8,104.0,0
25.31836,91.753859,18.3,7,76.4,0
25.42326,91.813457,18.1,8,52.1,0
25.468095,91.837397,17.5,8,42.2,0
25.556806,91.880236,2.1,9,6.1,0
25.366603,91.781307,21.0,10,13.6,0
25.359008,91.776958,32.7,17,26.2,0
25.403273,91.801789,21.3,12,2.8,0
25.570195,91.888034,15.7,10,23.1,0
25.427188,91.81606,11.3,13,93.0,0
25.386453,91.790844,21.2,11,158.6,0
25.284386,91.738221,22.5,9,25.6,0
25.382937,91.790874,9.0,8,34.4,0
25.474698,91.84199,25.4,8,47.8,0
25.333492,91.762919,13.7,9,12.8,0
25.488327,91.848622,9.0,9,43.6,0
25.351492,91.772653,16.5,16,38.8,0
25.433488,91.818777,33.3,8,16.8,0
25.478949,91.843781,18.6,11,7.8,0
25.498979,91.853764,19.3,15,17.9,0
25.451113,91.82909,24.1,14,67.6,0
25.398366,91.798244,7.9,13,82.5,0
25.40491,91.802074,17.3,14,63.7,0
25.378299,91.787413,20.0,7,300.0,1
25.352904,91.774219,28.2,10,37.4,0
25.568825,91.887414,24.6,14,3.1,0
25.430107,91.816687,17.5,16,3.8,0
25.393439,91.797143,9.5,9,76.7,0
25.443806,91.824047,42.1,7,28.2,0
25.339864,91.767457,12.8,17,84.2,0
25.318984,91.754567,27.4,8,41.3,0
25.383624,91.791113,31.4,15,20.6,0
25.42544,91.814039,6.8,11,9.1,0
25.338397,91.765283,27.9,16,47.9,0
25.404215,91.8021,25.1,13,23.5,0
25.383498,91.793825,10.4,8,300.0,1
25.550339,91.876088,13.4,9,16.2,0
25.309918,91.750738,48.8,10,76.2,0
25.528482,91.866034,31.4,16,66.3,0
25.473719,91.84054,39.2,9,40.4,0
25.324998,91.758401,12.5,10,6.7,0
25.510617,91.858159,19.6,12,9.0,0
25.532524,91.866354,30.8,9,67.8,0
25.500556,91.853947,17.7,15,28.5,0
25.316094,91.751649,9.1,14,168.9,0
25.567623,91.886766,5.7,16,4.4,0
25.424882,91.813325,18.0,14,48.5,0
25.467924,91.837368,13.9,11,35.7,0
25.527143,91.864413,22.7,14,46.0,0
25.548189,91.875483,16.5,13,50.1,0
25.276733,91.735072,7.6,11,4.3,0
25.293386,91.741183,34.0,14,136.2,0
25.424338,91.813759,27.1,16,23.1,0
25.424415,91.813909,133.6,15,33.6,1
25.375933,91.786367,24.3,9,25.5,0
25.419432,91.810485,60.0,16,30.2,0
25.506022,91.85661,38.4,8,20.8,0
25.301865,91.736702,1.5,23,978.3,1
25.279488,91.736558,17.7,17,29.2,0
25.298641,91.744954,22.5,13,6.6,0
25.571077,91.88839,12.7,14,40.0,0
25.409336,91.804614,15.0,9,55.7,0
25.516867,91.860224,45.8,10,54.0,0
25.357419,91.776304,23.7,8,3.9,0
25.559572,91.880873,11.8,14,92.7,0
25.480403,91.845986,21.5,14,128.2,0
25.41966,91.810736,25.6,13,18.1,0
25.416875,91.809883,29.2,16,49.5,0
25.553165,91.878131,6.5,12,15.5,0
25.294834,91.742672,11.6,15,51.0,0
25.569765,91.889781,21.3,9,168.1,0
25.330491,91.761261,10.3,13,12.0,0
25.277578,91.73094,0.7,22,453.8,1
25.494836,91.851222,38.4,12,73.7,0
25.324053,91.758929,5.8,18,109.2,0
25.302239,91.7467,14.1,10,19.5,0
25.358608,91.776789,14.6,11,20.9,0
25.272005,91.732865,24.0,9,3.8,0
25.34773,91.770801,12.5,15,15.6,0
25.542743,91.871711,52.2,10,4.8,0
25.271165,91.732899,26.9,14,38.0,0
25.473961,91.841329,14.4,14,23.3,0
25.371799,91.784252,60.0,9,7.9,0
25.530738,91.866432,18.7,15,14.1,0
25.326922,91.758561,21.7,13,81.8,0
25.457104,91.823538,3.7,21,796.6,1
25.569166,91.887927,21.4,14,26.0,0
25.292398,91.750376,2.6,6,842.3,1
25.399055,91.8005,28.9,15,99.7,0
25.459296,91.833178,60.0,13,22.9,0
25.37168,91.784763,13.7,14,48.3,0
25.539574,91.87001,33.6,16,18.6,0
25.552859,91.877919,6.7,15,13.0,0
25.575697,91.892482,60.0,10,83.4,0
25.283611,91.738008,16.6,15,11.9,0
25.393191,91.796062,9.2,11,15.1,0
25.568459,91.887066,8.4,8,15.2,0
25.525086,91.863337,14.2,14,72.1,0
25.414917,91.808739,6.8,16,44.0,0
25.275855,91.734675,35.3,16,4.1,0
25.476612,91.842722,13.4,15,15.6,0
25.280702,91.737089,44.7,14,27.7,0
25.556559,91.87856,40.6,13,139.3,0
25.46089,91.833477,27.5,10,34.1,0
25.314769,91.753293,24.7,15,62.6,0
25.47365,91.840828,13.3,11,8.6,0
25.457393,91.83083,26.1,14,102.6,0
25.346097,91.769816,60.0,13,23.2,0
25.306947,91.748775,29.9,14,15.1,0
25.526437,91.864043,5.8,10,55.0,0
25.548845,91.874802,24.5,15,52.5,0
25.297448,91.744666,12.4,12,31.9,0
25.309743,91.749523,35.4,10,36.7,0
25.493142,91.851027,19.7,15,23.8,0
25.501006,91.854149,10.4,14,26.2,0
25.416537,91.809653,17.6,10,45.3,0
25.371279,91.783927,3.6,12,11.4,0
25.569971,91.887681,19.5,12,43.7,0
25.452073,91.829073,19.7,11,14.0,0
25.425028,91.814294,23.8,7,37.9,0
25.576767,91.893177,35.3,15,87.9,0
25.356608,91.776789,47.2,10,87.1,0
25.547399,91.874812,18.5,9,31.7,0
25.420735,91.811675,60.0,7,15.2,0
25.542831,91.871378,37.6,11,31.9,0
25.543919,91.872888,8.6,10,49.1,0
25.294306,91.742512,34.1,16,43.2,0
25.395763,91.797554,18.4,16,9.0,0
25.395645,91.797952,37.7,15,36.2,0
25.503573,91.856346,31.6,14,94.8,0
25.336506,91.764469,36.7,10,25.0,0
25.5074,91.85739,45.1,7,44.5,0
25.370972,91.782345,39.8,12,148.8,0
25.35966,91.779266,8.2,11,163.1,0
25.299835,91.74546,21.0,12,3.5,0
25.468854,91.837907,43.4,12,33.6,0
25.409428,91.806146,12.6,10,88.4,0
25.56496,91.885144,26.5,13,3.5,0
25.37273,91.783995,18.9,9,83.3,0
25.507043,91.857234,141.8,0,43.1,1
25.295911,91.742743,27.6,17,93.0,0
25.557376,91.87915,18.5,8,130.2,0
25.381072,91.789546,20.9,11,6.0,0
25.518875,91.861584,3.7,10,3.5,0
25.357781,91.776346,12.9,15,19.4,0
25.462706,91.834438,27.9,11,38.8,0
25.425025,91.813715,29.2,12,18.3,0
25.42526,91.814838,11.0,8,78.3,0
25.466472,91.836745,27.6,14,17.9,0
25.273774,91.728654,0.1,23,512.1,1
25.275974,91.735323,14.1,17,64.4,0
25.511588,91.858426,8.8,10,21.7,0
25.467171,91.836272,11.3,10,101.7,0
25.373058,91.784616,6.1,15,40.5,0
25.330968,91.761882,60.0,11,22.7,0
25.348529,91.770852,11.4,9,53.8,0
25.349021,91.771101,29.3,14,56.2,0
25.347288,91.770458,18.8,8,25.0,0
25.299766,91.74642,7.8,8,104.1,0
25.418762,91.810455,14.1,10,3.1,0
25.376923,91.787155,25.7,9,2.4,0
25.386042,91.792614,35.3,14,35.9,0
25.436366,91.819759,20.3,9,43.3,0
25.404536,91.802927,19.0,14,39.6,0
25.285021,91.738407,60.0,11,35.7,0
25.349986,91.772853,40.4,12,62.1,0
25.365862,91.780661,11.9,17,36.3,0
25.509175,91.857131,16.6,12,55.7,0
25.30622,91.748447,16.8,8,15.0,0
25.354737,91.774929,18.2,14,7.3,0
25.395488,91.797705,34.1,8,20.6,0
25.5437,91.87273,46.1,8,46.7,0
25.347941,91.770578,18.3,16,48.7,0
25.385705,91.791706,60.0,17,34.3,0
25.504451,91.856023,7.9,16,25.1,0
25.3344,91.76418,22.0,15,60.7,0
25.53157,91.866864,7.9,10,24.4,0
25.426638,91.815151,25.5,17,34.3,0
25.53331,91.866938,10.5,9,39.8,0
25.398438,91.799054,29.6,10,7.7,0
25.519541,91.861027,17.1,9,81.6,0
25.334339,91.763416,9.4,9,10.3,0
25.313483,91.753148,2.5,16,118.1,0
25.574834,91.891486,148.7,23,38.3,1
25.271092,91.73124,22.3,17,127.0,0
25.422639,91.813437,26.4,11,83.7,0
25.473114,91.840045,9.6,6,55.8,0
25.458061,91.832292,25.2,14,3.5,0
25.416267,91.809751,51.4,8,69.5,0
25.448793,91.827015,6.3,10,8.9,0
25.27963,91.736389,9.6,9,5.7,0
25.30761,91.74982,49.4,6,90.9,0
25.356361,91.775553,13.9,15,19.7,0
25.574851,91.890182,21.8,14,86.8,0
25.469696,91.838502,6.1,12,21.2,0
25.355014,91.775554,32.8,14,53.2,0
25.443946,91.82489,27.9,15,46.3,0
25.276826,91.735502,37.8,13,43.7,0
25.479673,91.84442,14.7,16,15.3,0
25.319518,91.754738,7.8,12,53.5,0
25.4489,91.826575,31.3,11,57.6,0
25.470763,91.838557,14.6,9,73.6,0
25.361308,91.778978,28.0,9,46.1,0
25.28387,91.738208,53.1,11,3.3,0
25.447893,91.826715,23.2,14,10.5,0
25.307107,91.749176,147.2,5,48.5,1
25.441004,91.823228,51.7,14,43.6,0
25.425905,91.814816,54.8,14,41.3,0
25.300996,91.745811,25.8,11,13.9,0
25.531513,91.867725,37.2,15,115.8,0
25.4472,91.825163,14.3,12,103.1,0
25.566181,91.885608,8.5,8,22.7,0
25.476201,91.84165,10.3,15,66.5,0
25.42746,91.815626,16.2,11,36.0,0
25.32012,91.755169,16.4,13,44.1,0
25.549561,91.874867,17.9,9,87.6,0
25.352804,91.773938,54.0,10,15.4,0
25.289743,91.74106,47.1,15,17.8,0
25.461407,91.834021,36.8,13,9.2,0
25.271721,91.73236,15.1,8,42.1,0
25.31525,91.752888,35.3,16,2.8,0
25.302915,91.746725,18.0,13,8.8,0
25.37547,91.7867,40.8,15,31.8,0
25.273234,91.733519,33.4,15,6.4,0
25.322067,91.760647,0.8,1,383.7,1
25.433299,91.817968,16.9,10,51.8,0
25.557492,91.880148,22.2,10,41.9,0
25.506863,91.856982,33.8,14,24.5,0
25.2858,91.738241,10.3,12,88.2,0
25.515325,91.859882,21.3,11,25.6,0
25.46335,91.83533,23.0,11,13.2,0
25.499745,91.85398,25.5,17,8.5,0
25.335829,91.762752,9.3,16,155.5,0
25.430714,91.81669,18.1,16,36.3,0
25.409344,91.804959,11.6,18,22.6,0
25.343302,91.768379,41.8,14,11.9,0
25.340696,91.766236,17.2,15,79.5,0
25.268997,91.73205,19.0,11,111.8,0
25.288278,91.739809,37.2,12,42.3,0
25.540595,91.871062,19.1,10,66.9,0
25.343127,91.769442,10.2,9,101.0,0
25.299814,91.745461,23.6,10,4.5,0
25.535164,91.868386,32.2,9,33.2,0
25.500736,91.855032,18.3,10,76.2,0
25.313706,91.752654,23.7,7,57.9,0
25.426798,91.813899,12.9,10,96.2,0
25.46311,91.833224,9.1,10,178.7,0
25.381798,91.790053,28.2,10,16.1,0
25.353702,91.774569,29.6,12,28.3,0
25.283964,91.745189,1.1,2,701.0,1
25.522783,91.863581,44.0,16,48.4,0
25.413171,91.806707,25.9,13,59.4,0
25.372,91.800683,18.1,14,1580.2,1
25.468117,91.837505,14.7,13,32.8,0
25.379077,91.788977,13.4,10,58.4,0
25.312724,91.752224,59.2,15,69.2,0
25.332924,91.762736,34.7,13,0.1,0
25.271179,91.732647,16.5,17,11.8,0
25.569465,91.88835,15.5,9,49.1,0
25.472671,91.839597,28.1,6,75.5,0
25.369182,91.782171,37.4,9,68.9,0
25.573029,91.890411,25.6,8,39.9,0
25.271189,91.732988,33.5,6,46.0,0
25.42056,91.812799,33.0,9,134.0,0
25.397689,91.798052,14.3,10,64.7,0
25.537087,91.869265,20.1,14,44.5,0
25.487303,91.848589,4.3,17,8.5,0
25.471361,91.839762,15.2,15,11.3,0
25.495934,91.852301,16.7,9,7.5,0
25.546103,91.873221,29.2,8,45.0,0
25.464186,91.835892,60.0,14,22.7,0
25.408606,91.80438,24.7,15,39.0,0
25.314737,91.753272,16.3,10,62.3,0
25.440036,91.821947,21.3,15,28.7,0
25.440566,91.82296,11.1,14,41.2,0
25.372278,91.784904,53.4,13,29.8,0
25.490099,91.849865,41.2,7,18.1,0
25.283778,91.737962,23.2,16,24.2,0
25.392928,91.795847,37.9,16,21.8,0
25.29178,91.741811,13.3,10,1.0,0
25.4157,91.808404,20.7,13,31.0,0
25.374323,91.786491,29.0,18,73.5,0
25.364265,91.780416,17.2,8,26.2,0
25.326637,91.758679,13.8,13,54.8,0
25.35476,91.7737,31.4,13,113.6,0
25.335454,91.764438,31.2,9,28.8,0
25.429644,91.816444,32.9,16,2.4,0
25.281993,91.737568,8.2,9,17.4,0
25.328362,91.761324,29.5,14,109.2,0
25.336974,91.765153,21.1,11,16.3,0
25.437959,91.821907,49.9,14,79.7,0
25.313472,91.752203,23.2,16,26.7,0
25.504257,91.855607,46.2,7,9.9,0
25.575512,91.890874,17.0,13,59.1,0
25.513188,91.859511,54.5,12,24.3,0
25.567419,91.886138,47.2,7,43.5,0
25.30821,91.749824,25.3,12,63.9,0
25.444312,91.824384,16.7,15,22.7,0
25.307471,91.749009,27.8,15,14.9,0
25.477026,91.843235,21.9,15,43.1,0
25.282841,91.738087,9.3,11,31.3,0
25.292582,91.742629,14.3,7,47.4,0
25.40894,91.805436,14.0,10,45.6,0
25.355953,91.771598,6.9,9,382.6,1
25.313694,91.753005,12.3,9,92.7,0
25.391038,91.796232,23.9,9,117.9,0
25.339628,91.767097,58.1,12,62.0,0
25.494288,91.850206,37.3,11,156.0,0
25.316618,91.753998,34.6,9,31.3,0
25.300563,91.746541,35.9,8,80.0,0
25.317268,91.754501,20.1,17,45.1,0
25.294968,91.74291,60.0,15,33.1,0
25.552461,91.878172,42.0,10,60.0,0
25.324049,91.757683,34.6,13,11.9,0
25.543406,91.871188,23.8,9,83.2,0
25.407653,91.803627,6.2,8,60.8,0
25.378307,91.787512,10.6,10,42.5,0
25.546085,91.873693,6.7,10,1.0,0
25.298398,91.743858,15.3,9,93.6,0
25.274812,91.728961,0.2,1,528.3,1
25.319078,91.75497,26.0,9,7.2,0
25.48817,91.848509,19.5,12,46.2,0
25.445404,91.825115,26.1,13,10.7,0
25.444908,91.825152,27.4,10,19.8,0
25.392847,91.795819,10.7,10,20.1,0
25.509653,91.857567,44.8,9,30.4,0
25.281113,91.736474,7.9,15,53.5,0
25.417577,91.80915,23.1,9,59.8,0
25.483027,91.845932,14.5,9,18.8,0
25.536061,91.868471,10.9,11,4.8,0
25.501781,91.855237,52.9,13,54.2,0
25.501885,91.853997,31.4,10,78.3,0
25.301858,91.736439,1.8,23,1004.7,1
25.27525,91.733766,51.5,9,60.6,0
25.328978,91.760223,89.9,11,31.2,1
25.549613,91.875688,27.2,10,12.4,0
25.474756,91.841974,27.5,16,43.1,0
25.545215,91.874795,88.7,5,156.0,1
25.462948,91.834345,19.6,14,61.0,0
25.449288,91.827461,6.2,8,7.7,0
25.451392,91.827738,32.3,7,79.1,0
25.367793,91.781829,3.7,10,27.1,0
25.492008,91.851433,21.7,16,65.0,0
25.479607,91.844313,7.6,9,8.5,0
25.460795,91.833979,37.8,7,19.8,0
25.549713,91.876477,16.1,15,57.0,0
25.56224,91.883329,29.1,16,12.6,0
25.500393,91.854113,28.5,14,4.6,0
25.35976,91.778298,7.7,12,63.7,0
25.326389,91.759078,7.9,13,2.6,0
25.46922,91.839224,2.3,9,74.7,0
25.356047,91.775329,35.1,15,24.6,0
25.38973,91.79486,28.9,17,55.1,0
25.507604,91.857456,5.8,12,42.8,0
25.282873,91.737688,60.0,17,10.6,0
25.373101,91.784763,30.6,14,28.5,0
25.501573,91.853982,26.6,7,66.9,0
25.410428,91.806157,9.8,14,35.3,0
25.371387,91.784182,41.4,15,7.6,0
25.284406,91.744825,1.2,1,643.8,1
25.275363,91.733712,12.9,14,71.2,0
25.334287,91.762663,16.8,16,80.8,0
25.471934,91.840558,9.8,10,57.8,0
25.325564,91.758275,36.3,14,36.1,0
25.274548,91.734895,21.0,15,86.1,0
25.289665,91.741069,53.0,11,22.4,0
25.284074,91.738745,14.2,16,41.8,0
25.513909,91.859917,45.7,15,36.5,0
25.275838,91.729333,0.3,1,537.5,1
25.329757,91.761218,5.8,15,23.6,0
25.399995,91.79966,34.9,10,32.8,0
25.560387,91.883001,41.7,14,63.0,0
25.412586,91.806779,13.7,6,20.7,0
25.314952,91.751855,41.1,6,87.2,0
25.281264,91.737667,28.6,17,60.7,0
25.313537,91.751745,22.0,10,21.4,0
25.49163,91.850382,15.5,7,27.9,0
25.476087,91.84177,21.3,16,48.7,0
25.426954,91.814529,36.4,8,43.3,0
25.282109,91.737676,60.0,10,23.0,0
25.494158,91.851147,8.4,17,53.3,0
25.273413,91.733048,50.4,9,49.5,0
25.404491,91.802394,43.0,11,9.9,0
25.391995,91.796566,14.7,17,98.6,0
25.412225,91.807017,13.0,10,21.9,0
25.356564,91.775488,4.4,13,37.0,0
25.304549,91.746762,27.5,16,79.7,0
25.274505,91.73131,1.1,1,275.9,1
25.542976,91.873085,36.1,16,122.3,0
25.42549,91.81449,28.0,14,32.0,0
25.431386,91.817147,16.3,13,28.2,0
25.291387,91.741699,12.5,8,7.5,0
25.444217,91.824778,25.7,14,20.7,0
25.393347,91.796272,29.1,10,3.1,0
25.460829,91.83482,19.7,6,99.9,0
25.561625,91.883242,4.5,14,14.6,0
25.507407,91.856888,32.8,14,7.8,0
25.386515,91.791895,60.0,13,59.7,0
25.332026,91.762127,14.8,16,10.7,0
25.474117,91.841189,37.1,12,1.2,0
25.28402,91.738388,28.5,8,8.0,0
25.469349,91.838479,35.1,16,4.7,0
25.407277,91.802883,19.7,15,112.8,0
25.438181,91.820591,9.0,7,60.4,0
25.554253,91.879252,44.6,14,59.6,0
25.571581,91.887495,13.2,8,154.3,0
25.402933,91.800941,28.8,10,67.0,0
25.440264,91.823004,13.8,12,61.8,0
25.546974,91.874541,34.3,16,30.5,0
25.512084,91.858165,16.6,11,69.0,0
25.283622,91.737667,17.6,13,47.0,0
25.540035,91.869816,33.5,15,20.5,0
25.569512,91.886988,30.5,13,83.3,0
25.283558,91.738491,26.0,12,39.6,0
25.421066,91.811634,23.8,14,6.8,0
25.540477,91.870464,15.2,7,16.8,0
25.525944,91.864982,14.0,9,62.5,0
25.305481,91.74755,13.6,15,42.2,0
25.438222,91.820986,7.5,15,24.2,0
25.469272,91.838913,19.0,10,41.7,0
25.381583,91.789653,47.0,7,11.2,0
25.362948,91.78082,9.2,11,136.6,0
25.280359,91.736342,30.4,17,32.5,0
25.434569,91.818947,26.0,9,25.1,0
25.320072,91.755782,35.9,11,18.1,0
25.421833,91.81244,32.0,10,30.2,0
25.32983,91.760251,29.1,10,74.5,0
25.569009,91.887298,14.4,15,24.8,0
25.350141,91.771236,25.3,15,103.6,0
25.547487,91.874747,35.8,10,20.5,0
25.370031,91.784614,117.8,22,122.9,1
25.445679,91.824396,14.2,15,95.5,0
25.481194,91.844739,43.4,14,35.9,0
25.444169,91.823286,21.5,17,121.9,0
25.394163,91.797142,25.2,8,37.5,0
25.464016,91.83564,26.2,9,7.3,0
25.572201,91.889145,36.7,10,32.8,0
25.481247,91.845013,29.4,15,12.1,0
25.413509,91.807318,34.5,12,18.2,0
25.423786,91.812316,4.5,12,87.5,0
25.525425,91.865019,23.2,8,87.7,0
25.534955,91.867476,9.6,16,52.3,0
25.30597,91.748312,21.2,11,12.7,0
25.487128,91.848335,3.2,10,6.8,0
25.514551,91.859415,32.5,11,41.9,0
25.421395,91.812088,13.2,7,19.7,0
25.32128,91.757125,28.0,14,83.5,0
25.55761,91.880019,13.8,14,60.9,0
25.461406,91.834078,44.9,14,3.6,0
25.441153,91.823412,15.3,7,53.5,0
25.517406,91.861615,10.3,14,67.5,0
25.460223,91.832992,36.9,8,45.3,0
25.300809,91.737919,1.1,23,806.5,1
25.427552,91.813645,18.8,15,161.7,0
25.558524,91.880867,29.0,11,32.9,0
25.48318,91.845486,60.0,15,70.5,0
25.380071,91.788592,52.0,9,32.8,0
25.442377,91.823572,14.9,16,2.8,0
25.375475,91.787068,22.5,8,67.4,0
25.378032,91.788356,10.4,14,54.6,0
25.394009,91.796186,23.2,13,47.3,0
25.419209,91.808998,26.9,9,162.9,0
25.508685,91.857387,3.8,6,9.0,0
25.547926,91.875053,8.9,11,24.3,0
25.537854,91.869834,15.7,17,71.5,0
25.420016,91.811004,7.3,8,11.3,0
25.562243,91.88255,23.0,8,86.9,0
25.372473,91.784357,11.5,12,34.1,0
25.543224,91.870974,38.2,10,93.1,0
25.437936,91.820964,17.3,8,10.9,0
25.42126,91.812076,9.9,14,25.8,0
25.538668,91.86969,40.5,10,23.0,0
25.352677,91.772901,60.0,14,78.7,0
25.37712,91.78619,52.8,9,106.9,0
25.414432,91.807572,92.9,8,43.4,1
25.49146,91.85026,10.7,15,33.5,0
25.33894,91.765721,3.7,13,34.7,0
25.351953,91.773375,33.6,15,6.6,0
25.281123,91.736455,14.8,15,55.9,0
25.446847,91.825659,12.8,12,35.7,0
25.396669,91.798656,19.1,11,49.3,0
25.484347,91.846606,19.4,6,24.7,0
25.416271,91.808684,13.4,14,34.6,0
25.274366,91.733236,50.2,13,73.9,0
25.369279,91.783565,13.2,10,61.5,0
25.401818,91.801599,32.0,7,57.4,0
25.285424,91.738965,24.5,9,2.5,0
25.554614,91.879852,13.9,13,95.9,0
25.383499,91.792138,9.3,12,127.0,0
25.371158,91.783756,38.8,9,21.5,0
25.417273,91.808735,22.4,16,83.8,0
25.566274,91.885351,8.0,10,52.6,0
25.464378,91.835955,10.1,14,18.5,0
25.476309,91.843023,18.8,17,61.2,0
25.39045,91.794369,30.0,15,31.6,0
25.441037,91.823417,43.9,10,60.2,0
25.429916,91.81684,26.3,10,21.4,0
25.489494,91.849542,14.4,13,17.2,0
25.440485,91.822675,26.7,11,17.8,0
25.311348,91.749741,9.0,11,98.1,0
25.443837,91.824121,5.3,16,22.7,0
25.368423,91.783129,8.9,14,65.4,0
25.347617,91.771836,28.5,14,91.2,0
25.278951,91.736158,8.6,15,13.2,0
25.308645,91.74894,8.3,14,45.7,0
25.360874,91.777951,4.9,15,30.3,0
25.558062,91.881875,12.1,6,89.7,0
25.295814,91.742385,8.9,11,125.0,0
25.516999,91.860955,29.7,11,16.1,0
25.353937,91.774,60.0,15,39.8,0
25.290725,91.741256,30.2,14,7.2,0
25.542372,91.87169,18.8,10,24.2,0
25.490816,91.85133,11.7,18,103.7,0
25.529247,91.866021,31.2,15,33.3,0
25.444326,91.824015,12.5,8,59.4,0
25.544064,91.872674,14.1,9,20.4,0
25.278373,91.735972,12.0,15,20.8,0
25.48724,91.848193,17.7,14,26.6,0
25.549529,91.875121,12.9,8,61.6,0
25.471414,91.838905,27.4,16,74.9,0
25.56202,91.883243,48.6,14,8.1,0
25.285795,91.738973,9.6,15,13.7,0
25.54683,91.873746,22.3,9,36.9,0
25.276304,91.73448,48.4,13,36.2,0
25.489999,91.849324,22.5,10,65.7,0
25.446704,91.826416,27.3,16,45.6,0
25.284727,91.744238,1.0,2,569.6,1
25.291214,91.7411,26.8,15,45.3,0
25.524639,91.864102,27.9,7,25.5,0
25.320477,91.756269,21.6,9,43.7,0
25.377725,91.787919,40.5,14,28.6,0
25.27338,91.733662,10.4,8,14.3,0
25.270762,91.733362,56.6,12,103.4,0
25.396128,91.797449,22.9,11,39.0,0
25.51212,91.859286,13.7,10,45.3,0
25.46289,91.834535,42.8,14,39.3,0
25.53446,91.867987,32.7,13,21.0,0
25.363563,91.779218,21.1,11,52.5,0
25.521075,91.863134,22.4,14,72.7,0
25.355583,91.775215,36.4,15,10.6,0
25.439236,91.821886,10.4,15,8.6,0
25.545575,91.873142,15.4,16,22.1,0
25.305674,91.7484,60.0,13,35.2,0
25.451165,91.827289,17.8,9,110.5,0
25.410576,91.805732,12.8,15,13.9,0
25.50933,91.857172,24.6,11,57.9,0
25.389512,91.795156,37.1,10,95.7,0
25.388431,91.793198,25.0,16,36.5,0
25.36163,91.77842,20.4,14,25.6,0
25.354658,91.774918,1.9,15,10.5,0
25.313891,91.751773,17.6,15,37.8,0
25.370381,91.782765,15.4,14,75.9,0
25.280139,91.737177,28.5,14,62.4,0
25.275852,91.73525,2.7,16,62.6,0
25.400768,91.800321,20.4,14,10.3,0
25.333688,91.76266,19.2,6,48.6,0
25.360555,91.778731,11.0,8,62.8,0
25.458224,91.833013,21.4,9,64.8,0
25.540792,91.87038,32.0,10,9.5,0
25.496703,91.852524,7.6,11,16.2,0
25.495479,91.851511,27.3,12,70.4,0
25.33921,91.765784,27.5,10,43.2,0
25.492747,91.851283,8.4,9,19.1,0
25.392201,91.795437,19.7,9,22.4,0
25.417489,91.809138,18.3,13,56.3,0
25.575349,91.891267,13.3,13,12.2,0
25.281031,91.736957,25.0,12,0.7,0
25.389038,91.794361,9.4,7,43.9,0
25.558165,91.881201,18.4,15,19.6,0
25.452967,91.830106,21.3,8,66.1,0
25.485435,91.847038,17.7,8,41.5,0
25.283266,91.738467,23.1,16,50.5,0
25.418978,91.810172,23.0,9,36.1,0
25.54545,91.872291,26.0,12,96.0,0
25.33737,91.764309,29.5,9,87.2,0
25.419587,91.811308,28.2,13,41.4,0
25.290641,91.740518,9.8,11,78.2,0
25.545115,91.872519,9.2,16,54.9,0
25.399614,91.800019,27.8,10,22.7,0
25.380205,91.789936,16.7,10,90.8,0
25.374669,91.785578,36.1,11,34.0,0
25.294556,91.743814,1.8,9,77.5,0
25.517588,91.860609,5.9,14,44.1,0
25.52433,91.863922,19.3,10,19.6,0
25.35809,91.776726,34.5,9,0.9,0
25.568553,91.887139,30.5,14,13.6,0
25.408691,91.804102,21.2,13,70.7,0
25.456314,91.831485,39.9,14,19.5,0
25.490478,91.849715,12.0,7,49.2,0
25.459362,91.833544,21.1,10,54.9,0
25.569307,91.886555,33.1,12,112.7,0
25.426873,91.814567,24.0,12,35.3,0
25.527307,91.863651,33.1,15,131.5,0
25.540336,91.870119,10.4,14,8.1,0
25.550467,91.876913,21.3,12,55.1,0
25.488562,91.849377,35.1,13,17.1,0
25.450811,91.828909,4.5,16,66.3,0
25.564237,91.884767,24.8,9,9.2,0
25.489074,91.848905,135.5,7,56.5,1
25.520846,91.862781,32.2,15,45.7,0
25.507841,91.856518,41.3,6,64.0,0
25.296023,91.744558,6.1,10,86.1,0
25.514222,91.859482,57.4,10,21.4,0
25.388742,91.794069,22.5,17,31.5,0
25.385586,91.792043,29.7,7,4.9,0
25.448491,91.826693,16.6,10,24.0,0
25.37455,91.785741,14.9,13,11.7,0
25.423843,91.812699,11.3,10,53.3,0
25.533177,91.867134,20.5,9,14.2,0
25.320359,91.755767,26.3,9,1.2,0
25.40916,91.806048,28.7,16,93.4,0
25.350461,91.773114,27.4,13,61.8,0
25.283936,91.738343,37.7,13,7.3,0
25.486489,91.849014,22.0,8,93.9,0
25.27186,91.732164,47.1,17,68.4,0
25.359296,91.776923,9.0,14,45.1,0
25.301035,91.738953,1.8,0,711.9,1
25.288825,91.738908,22.4,11,158.7,0
25.338038,91.764811,12.7,14,74.5,0
25.416663,91.809883,17.2,11,60.9,0
25.521134,91.861884,27.7,9,58.9,0
25.419561,91.811643,15.4,11,75.5,0
25.53121,91.867052,44.0,13,58.7,0
25.410874,91.806602,12.4,11,54.5,0
25.487847,91.84857,20.2,15,22.7,0
25.382399,91.790196,22.9,16,2.5,0
25.491728,91.85143,55.6,11,76.3,0
25.29418,91.743232,18.8,9,35.6,0
25.397552,91.799303,13.3,14,64.5,0
25.572101,91.888754,22.5,13,64.3,0
25.449821,91.829001,34.1,9,128.7,0
25.326845,91.760328,9.7,17,94.3,0
25.345431,91.769552,18.7,7,12.8,0
25.436833,91.821043,27.7,9,56.5,0
25.380636,91.789128,20.0,15,11.1,0
25.510771,91.85794,19.1,9,38.1,0
25.524364,91.863587,18.0,10,16.4,0
25.29112,91.741205,8.6,11,30.3,0
25.403863,91.803378,10.0,11,119.9,0
25.294848,91.74319,18.0,12,0.9,0
25.535936,91.868311,59.3,10,6.6,0
25.472042,91.83967,50.8,14,34.3,0
25.333254,91.762214,13.8,13,68.6,0
25.495112,91.851421,44.1,11,64.5,0
25.551941,91.876948,36.1,12,26.7,0
25.411146,91.806406,4.5,13,20.8,0
25.538242,91.868919,19.6,15,39.0,0
25.454647,91.831229,29.0,15,84.6,0
25.329487,91.760932,30.0,9,10.3,0
25.423533,91.812895,39.3,11,17.4,0
25.40593,91.803007,15.4,9,28.0,0
25.522113,91.863861,7.8,11,104.9,0
25.455717,91.830475,29.5,13,46.5,0
25.499514,91.854565,22.8,14,78.5,0
25.478345,91.844017,15.4,10,47.8,0
25.358086,91.776255,10.6,14,44.7,0
25.431015,91.816711,20.9,9,50.6,0
25.489791,91.849589,33.9,15,28.7,0
25.289924,91.740473,29.1,10,50.0,0
25.285835,91.739937,23.5,14,82.3,0
25.3432,91.768565,36.3,13,11.7,0
25.461351,91.834282,8.7,9,19.3,0
25.504644,91.856315,23.5,16,47.3,0
25.440727,91.822347,5.6,16,27.2,0
25.340785,91.767402,18.4,12,29.1,0
25.550875,91.875366,13.7,9,115.8,0
25.327834,91.759441,29.3,10,45.4,0
25.277828,91.736039,30.7,14,52.4,0
25.344213,91.769126,11.5,12,11.6,0
25.414767,91.808163,25.4,13,4.0,0
25.337912,91.767391,28.0,3,300.0,1
25.439318,91.821294,17.0,10,53.4,0
25.286744,91.739643,12.5,15,11.0,0
25.50395,91.856602,12.1,15,105.6,0
25.299414,91.744573,4.4,8,67.3,0
25.405828,91.802387,18.8,15,82.8,0
25.498752,91.853408,25.7,11,9.5,0
25.286224,91.738586,10.3,10,72.6,0
25.276255,91.731068,1.9,1,380.4,1
25.427541,91.813781,20.5,7,147.9,0
25.307481,91.7491,11.3,14,23.7,0
25.402246,91.800935,60.0,7,30.4,0
25.277899,91.735071,28.2,14,49.1,0
25.35277,91.773554,44.4,11,20.1,0
25.477948,91.843179,13.5,10,12.2,0
25.57663,91.892456,13.0,9,27.2,0
25.484246,91.846171,3.6,11,61.5,0
25.472268,91.840631,12.1,17,47.0,0
25.327094,91.760252,12.0,10,73.5,0
25.547771,91.873836,48.5,11,82.6,0
25.395238,91.797453,10.0,13,9.5,0
25.560616,91.88261,20.7,11,12.5,0
25.317948,91.754357,17.9,9,5.7,0
25.414126,91.808163,20.4,11,30.6,0
25.431413,91.815755,20.4,13,165.1,0
25.567285,91.886396,35.0,10,11.3,0
25.361198,91.778786,18.2,17,33.3,0
25.307562,91.748892,23.6,12,1.1,0
25.573415,91.890295,9.2,9,6.7,0
25.323693,91.757404,28.9,15,19.8,0
25.491898,91.8494,30.6,16,140.5,0
25.471211,91.839748,12.1,16,18.1,0
25.352648,91.774109,9.3,6,40.5,0
25.52919,91.865736,18.4,7,6.2,0
25.354433,91.775032,20.7,10,33.8,0
25.561568,91.882925,23.9,17,12.3,0
25.550272,91.875454,25.0,10,72.7,0
25.489293,91.849791,60.0,18,17.9,0
25.515257,91.860578,30.1,13,49.1,0
25.538021,91.869043,20.8,10,17.1,0
25.574259,91.890459,26.6,17,26.3,0
25.358339,91.777773,28.5,17,89.4,0
25.419091,91.810838,7.1,9,22.6,0
25.557325,91.881074,9.4,8,56.0,0
25.46558,91.837198,14.3,17,74.4,0
25.528907,91.86499,11.6,11,59.1,0
25.45462,91.830196,43.0,15,14.4,0
25.567348,91.886415,20.3,16,13.2,0
25.508657,91.857206,21.6,12,26.5,0
25.374949,91.787504,15.0,16,138.3,0
25.45905,91.832025,14.8,11,76.0,0
25.528904,91.865559,32.0,9,0.3,0
25.415442,91.807936,4.4,12,62.6,0
25.528387,91.865238,15.1,17,12.1,0
25.489418,91.850093,11.8,13,40.5,0
25.373096,91.785409,22.3,13,34.7,0
25.50948,91.857983,21.2,7,19.7,0
25.356754,91.775388,36.1,10,57.1,0
25.440531,91.822489,18.4,12,2.8,0
25.462851,91.834822,14.3,8,9.2,0
25.347048,91.77016,9.7,14,41.0,0
25.46719,91.837632,38.0,17,29.7,0
25.459627,91.832337,25.9,11,76.7,0
25.501946,91.854868,59.8,8,9.3,0
25.420717,91.810502,15.5,9,98.0,0
25.438564,91.821955,45.9,7,51.6,0
25.446809,91.826523,12.3,13,50.4,0
25.557917,91.880732,46.1,13,10.7,0
25.520509,91.863255,8.9,10,108.6,0
25.312336,91.752205,39.0,13,88.3,0
25.319225,91.755246,14.3,8,11.8,0
25.375381,91.786176,9.6,15,14.2,0
25.332021,91.762187,17.7,15,4.6,0
25.56717,91.88651,12.0,7,6.2,0
25.283665,91.738337,11.2,12,19.1,0
25.276111,91.734331,19.0,7,42.6,0
25.353293,91.774291,22.4,7,23.3,0
25.412182,91.806085,18.1,9,66.4,0
25.351483,91.772615,44.6,8,42.0,0
25.297449,91.743117,23.6,15,125.3,0
25.291876,91.741302,37.5,17,55.0,0
25.407482,91.804394,4.2,15,23.1,0
25.475246,91.841664,4.9,10,13.5,0
25.338005,91.765367,36.8,14,18.6,0
25.351931,91.773692,41.4,9,38.6,0
25.467324,91.837763,15.6,11,35.1,0
25.292674,91.742528,7.1,14,33.0,0
25.514191,91.859878,17.0,13,20.9,0
25.535515,91.867346,11.8,10,88.9,0
25.319496,91.755177,57.5,11,9.6,0
25.289849,91.740871,32.7,13,6.2,0
25.376077,91.78838,20.9,14,162.6,0
25.276845,91.734933,12.3,16,15.0,0
25.276884,91.734851,20.8,15,25.0,0
25.457371,91.83138,42.2,11,48.0,0
25.488639,91.849523,13.1,13,27.1,0
25.45646,91.831858,48.0,14,47.8,0
25.35965,91.777319,41.1,15,25.7,0
25.32569,91.758532,19.7,14,18.0,0
25.330804,91.761168,35.4,14,37.9,0
25.396395,91.798949,17.9,11,92.6,0
25.467231,91.837689,15.0,6,33.0,0
25.373364,91.784895,14.4,12,29.9,0
25.433467,91.818048,21.6,16,53.0,0
25.386552,91.793053,12.4,14,51.0,0
25.536621,91.869109,22.8,11,47.7,0
25.332169,91.762622,18.2,14,29.8,0
25.460884,91.834042,21.1,13,21.1,0
25.448299,91.826906,26.0,16,7.1,0
25.569427,91.888453,8.2,2,300.0,1
25.31636,91.753605,21.1,10,7.0,0
25.494358,91.850953,12.0,15,81.6,0
25.575757,91.892135,139.3,4,46.9,1
25.550286,91.870054,21.1,3,587.8,1
25.399864,91.799443,23.2,13,46.8,0
25.498637,91.853303,20.7,16,15.7,0
25.496792,91.8527,6.6,11,1.8,0
25.389136,91.794146,8.6,9,17.7,0
25.383575,91.790781,12.0,15,9.2,0
25.39244,91.796007,18.0,9,20.2,0
25.403155,91.800978,43.3,11,75.4,0
25.359656,91.778605,37.7,10,99.1,0
25.514886,91.860153,14.4,16,20.6,0
25.321897,91.757827,30.5,11,118.5,0
25.419385,91.810002,31.2,10,74.7,0
25.324299,91.757604,8.7,8,33.0,0
25.503687,91.85565,22.9,12,18.2,0
25.456684,91.831661,41.3,14,16.6,0
25.430666,91.817057,8.1,7,2.0,0
25.429883,91.817089,4.0,15,47.5,0
25.436692,91.820341,53.8,8,4.2,0
25.484101,91.846987,23.2,11,25.7,0
25.568794,91.888334,24.8,11,86.3,0
25.553105,91.878248,30.7,15,30.1,0
25.35053,91.772267,17.3,15,24.3,0
25.501696,91.855914,34.5,11,127.7,0
25.302213,91.738949,1.2,22,766.2,1
25.371716,91.784019,38.2,15,26.0,0
25.351244,91.773498,13.2,10,56.9,0
25.340888,91.766903,17.1,11,25.0,0
25.461176,91.834332,11.3,15,33.6,0
25.557065,91.88018,37.7,13,14.2,0
25.505508,91.855526,33.1,14,70.0,0
25.304387,91.748261,17.8,14,79.9,0
25.533726,91.867602,46.2,10,11.5,0
25.38723,91.793801,8.9,11,87.2,0
25.45979,91.83262,16.5,13,58.1,0
25.542126,91.871724,30.2,16,41.7,0
25.422766,91.812858,19.9,13,20.4,0
25.521402,91.86226,51.7,11,31.1,0
25.285849,91.738908,19.9,14,22.7,0
25.312215,91.751965,58.6,13,71.5,0
25.555034,91.879603,15.8,15,47.9,0
25.486467,91.848407,37.5,13,36.0,0
25.411521,91.805856,4.6,11,53.0,0
25.401785,91.801442,26.4,13,43.8,0
25.522867,91.862957,11.5,10,19.6,0
25.320463,91.761725,1.1,22,575.3,1
25.526166,91.863768,8.3,13,72.1,0
25.44125,91.822705,28.8,8,20.6,0
25.545141,91.872919,27.5,9,18.3,0
25.276031,91.734952,9.1,8,24.1,0
25.423061,91.813861,15.2,15,102.1,0
25.482617,91.845715,59.2,15,17.9,0
25.553555,91.878598,14.5,8,37.5,0
25.361987,91.779608,11.1,14,70.7,0
25.467763,91.837983,60.0,17,32.7,0
25.406344,91.803847,2.9,9,31.4,0
25.534074,91.867213,25.8,14,43.1,0
25.420259,91.81077,49.5,10,47.2,0
25.575704,91.891992,19.5,14,36.4,0
25.277668,91.735473,12.7,16,2.3,0
25.520587,91.861934,25.3,11,31.1,0
25.436371,91.820255,34.1,15,4.7,0
25.350272,91.772963,14.1,18,57.3,0
25.38859,91.794883,6.4,12,118.9,0
25.510883,91.858255,13.8,16,10.1,0
25.402799,91.8018,23.0,10,23.8,0
25.45606,91.83121,13.9,9,6.4,0
25.420546,91.811595,24.9,8,17.6,0
25.568521,91.888608,29.8,16,128.1,0
25.553206,91.877693,53.7,10,28.5,0
25.425356,91.814822,18.5,14,71.5,0
25.275436,91.730474,1.7,1,403.3,1
25.328941,91.760639,46.9,15,11.4,0
25.56502,91.885057,32.5,12,8.3,0
25.300852,91.738809,1.4,1,718.1,1
25.480892,91.844031,35.4,9,88.5,0
25.469017,91.838125,27.8,17,21.1,0
25.546821,91.874341,17.9,8,20.3,0
25.284131,91.738692,24.2,15,33.8,0
25.384241,91.791362,13.5,8,11.4,0
25.329067,91.760985,18.9,12,38.2,0
25.536266,91.867791,32.5,14,73.9,0
25.3677,91.781823,19.5,8,22.6,0
25.401527,91.801224,34.2,15,36.6,0
25.423392,91.813304,102.3,19,30.0,1
25.34966,91.771659,13.9,8,36.4,0
25.316431,91.75336,8.6,11,20.7,0
25.430731,91.81678,19.5,10,28.5,0
25.435008,91.819245,14.6,9,19.8,0
25.287404,91.739782,13.8,15,5.1,0
25.369888,91.782975,54.6,8,28.8,0
25.294643,91.74248,21.6,14,61.9,0
25.389283,91.793137,22.6,11,88.5,0
25.576016,91.890874,6.0,11,88.1,0
25.48883,91.849695,12.6,15,33.6,0
25.550759,91.877047,33.1,12,50.9,0
25.323609,91.757158,28.0,14,39.2,0
25.549327,91.869371,29.6,14,597.5,1
25.29081,91.7413,34.2,8,6.6,0
25.351792,91.774346,14.5,12,109.8,0
25.318333,91.754983,29.0,11,34.4,0
25.468516,91.838242,4.4,15,17.3,0
25.422454,91.811858,39.0,16,60.0,0
25.503535,91.854893,3.4,15,53.8,0
25.483896,91.846166,22.7,10,43.1,0
25.533933,91.878287,17.2,3,1107.4,1
25.459532,91.833658,17.8,10,56.9,0
25.444552,91.825116,15.1,12,35.5,0
25.401802,91.799981,22.4,9,99.3,0
25.355053,91.774361,32.0,9,65.1,0
25.353548,91.774148,14.4,10,4.4,0
25.360054,91.778174,32.3,9,35.6,0
25.271564,91.732315,1.2,10,39.5,0
25.548142,91.874138,18.6,13,75.3,0
25.347446,91.771489,29.6,8,66.8,0
25.567884,91.887703,21.7,15,78.6,0
25.380293,91.789436,32.0,15,37.4,0
25.393785,91.796697,11.6,17,14.6,0
25.517586,91.860685,8.2,10,36.1,0
25.502331,91.855027,103.4,22,9.8,1
25.469931,91.838901,20.3,14,4.9,0
25.339292,91.765703,28.4,12,55.5,0
25.432488,91.81819,20.4,13,13.8,0
25.355245,91.77564,33.5,14,49.1,0
25.388165,91.793263,11.0,15,15.8,0
25.441774,91.814066,2.3,1,889.6,1
25.299234,91.746035,13.0,16,89.3,0
25.47017,91.838719,14.8,8,25.8,0
25.534405,91.868619,19.7,10,88.6,0
25.568535,91.888765,13.8,12,142.3,0
25.371233,91.784498,44.0,11,46.6,0
25.502245,91.85464,27.7,8,26.7,0
25.525263,91.864449,12.0,11,35.6,0
25.536507,91.868439,19.6,15,16.9,0
25.370618,91.784032,27.4,12,34.6,0
25.486789,91.849018,34.5,15,78.1,0
25.415192,91.808324,15.2,14,11.3,0
25.32907,91.761019,26.8,15,41.3,0
25.371073,91.785124,22.6,15,116.2,0
25.368722,91.782124,18.0,9,48.6,0
25.314816,91.751993,29.1,12,66.5,0
25.469326,91.838739,26.3,12,21.9,0
25.491576,91.850198,9.8,10,44.6,0
25.449958,91.827397,5.5,9,34.8,0
25.399927,91.798145,13.7,10,176.6,0
25.343045,91.768336,5.6,11,2.2,0
25.300501,91.746084,8.2,15,36.4,0
25.365858,91.781741,28.0,8,69.0,0
25.541341,91.870976,11.7,16,15.7,0
25.317723,91.753148,21.7,11,111.2,0
25.462256,91.835012,10.3,12,41.4,0
25.349475,91.770677,23.1,15,121.9,0
25.353195,91.774274,14.4,17,26.9,0
25.320637,91.755333,9.0,15,56.1,0
25.449981,91.827577,9.1,15,18.5,0
25.499078,91.853682,46.2,14,5.2,0
25.398004,91.798629,41.9,9,25.5,0
25.364546,91.780649,19.8,12,33.7,0
25.390304,91.795345,29.0,15,71.2,0
25.355445,91.775579,7.9,17,32.2,0
25.300516,91.738083,1.1,23,776.5,1
25.395236,91.797088,21.0,10,25.8,0
25.347796,91.77122,29.3,10,21.6,0
25.526366,91.864996,43.4,15,46.4,0
25.416933,91.810394,36.6,15,96.1,0
25.34173,91.767052,22.8,13,56.1,0
25.350061,91.771978,54.6,8,27.1,0
25.506514,91.856847,19.8,8,24.9,0
25.54915,91.875892,21.3,9,33.7,0
25.56727,91.886734,13.4,18,21.8,0
25.519403,91.861718,11.2,14,4.5,0
25.413616,91.80751,3.6,14,5.3,0
25.351525,91.773333,4.7,9,25.6,0
25.407829,91.803979,10.8,15,36.0,0
25.272776,91.733374,16.2,9,12.6,0
25.482115,91.845198,28.7,13,41.0,0
25.477846,91.842671,11.9,10,56.1,0
25.367269,91.78132,32.0,10,48.2,0
25.446222,91.825676,33.9,10,0.3,0
25.283973,91.738082,14.0,17,20.9,0
25.357391,91.775559,31.0,13,74.8,0
25.275239,91.72933,1.0,1,510.4,1
25.526118,91.864978,21.4,13,54.9,0
25.305769,91.748531,47.9,8,44.2,0
25.340509,91.766428,13.6,18,50.8,0
25.383454,91.79018,60.0,12,61.1,0
25.33405,91.764124,23.1,15,74.2,0
25.311644,91.750141,8.4,16,75.2,0
25.380184,91.788494,13.1,7,48.3,0
25.513549,91.859692,30.5,14,28.1,0
25.558118,91.881385,27.5,16,39.9,0
25.576113,91.89117,27.5,8,65.5,0
25.501254,91.854457,24.1,11,4.6,0
25.357237,91.776735,9.5,16,47.9,0
25.32101,91.755351,56.1,9,74.5,0
25.52902,91.866489,19.4,8,91.1,0
25.417834,91.809962,32.4,8,5.3,0
25.414593,91.806938,30.5,8,113.8,0
25.379561,91.789206,44.3,12,54.6,0
25.27383,91.734304,21.5,6,58.9,0
25.308634,91.749471,27.0,9,8.7,0
25.270699,91.732385,12.6,13,7.1,0
25.300581,91.745864,16.6,10,10.4,0
25.520194,91.862443,12.3,10,37.8,0
25.573062,91.890181,26.6,16,16.2,0
25.47139,91.840652,20.4,13,96.4,0
25.331744,91.763026,16.6,12,92.1,0
25.29014,91.725624,23.1,23,1567.3,1
25.388407,91.794114,10.6,15,54.0,0
25.381138,91.78962,32.6,15,9.7,0
25.501767,91.854108,39.3,9,61.9,0
25.525426,91.863968,9.5,9,20.9,0
25.441589,91.823455,24.8,14,34.1,0
25.355643,91.774964,23.4,7,38.3,0
25.473877,91.840285,34.6,11,73.7,0
25.465982,91.837357,32.0,16,68.2,0
25.309203,91.749541,40.1,12,10.2,0
25.523002,91.87566,6.4,15,1287.7,1
25.428514,91.8157,17.6,9,13.8,0
25.338887,91.765544,8.3,13,49.1,0
25.457119,91.832289,28.8,13,54.1,0
25.563421,91.883895,15.5,8,26.7,0
25.383918,91.791499,11.5,15,42.2,0
25.577827,91.892287,29.8,9,57.9,0
25.418144,91.809151,16.0,14,90.4,0
25.575411,91.891759,27.5,10,31.1,0
25.300784,91.744947,37.1,7,92.0,0
25.569696,91.888965,41.0,9,94.4,0
25.514972,91.859821,11.3,16,17.3,0
25.502445,91.854278,13.7,9,72.3,0
25.310434,91.750212,53.8,15,2.8,0
25.569342,91.887855,23.2,17,9.0,0
25.390791,91.794732,32.1,16,14.8,0
25.411647,91.806717,57.0,11,24.0,0
25.388221,91.793198,89.6,22,25.1,1
25.430268,91.817316,10.0,11,48.7,0
25.48615,91.849301,35.4,9,140.2,0
25.307041,91.749284,11.9,8,62.4,0
25.514174,91.858877,17.2,11,81.9,0
25.294566,91.742491,9.7,11,57.2,0
25.378942,91.787857,24.4,15,43.2,0
25.470239,91.839545,9.3,14,51.0,0
25.449696,91.827306,49.0,8,29.5,0
25.355486,91.775496,53.7,14,22.0,0
25.385723,91.79283,20.6,11,74.1,0
25.291128,91.730323,24.2,23,1135.4,1
25.567007,91.887114,30.0,11,73.0,0
25.574001,91.889589,24.3,9,94.3,0
25.283912,91.745034,0.1,2,687.7,1
25.477383,91.842241,15.6,14,73.0,0
25.561362,91.882588,22.0,8,32.6,0
25.337176,91.765299,18.0,11,19.6,0
25.455161,91.830895,20.7,11,24.3,0
25.541022,91.870642,15.2,12,2.3,0
25.494923,91.852695,9.9,12,75.0,0
25.409111,91.805494,18.6,6,42.0,0
25.529666,91.866324,24.5,9,47.2,0
25.319329,91.755437,80.2,5,24.7,1
25.551875,91.87753,33.8,10,32.6,0
25.362442,91.778621,55.2,16,49.9,0
25.517249,91.861502,12.8,15,62.2,0
25.472785,91.839829,51.2,11,59.1,0
25.507943,91.857988,11.7,15,83.8,0
25.432793,91.817659,9.8,12,54.4,0
25.356294,91.776286,17.1,15,55.2,0
25.38338,91.79076,26.6,13,0.6,0
25.283556,91.738084,14.2,14,1.6,0
25.425015,91.813983,29.0,12,8.4,0
25.532703,91.866695,22.8,11,39.9,0
25.504149,91.855431,16.3,9,23.7,0
25.488707,91.848949,4.7,9,32.4,0
25.56402,91.884052,30.0,14,46.4,0
25.387649,91.793261,14.5,6,12.0,0
25.460693,91.833981,27.2,14,25.6,0
25.284993,91.745903,0.6,0,726.5,1
25.331889,91.760921,37.6,10,120.6,0
25.358988,91.77665,15.9,8,55.0,0
25.301088,91.738047,1.1,4,806.3,1
25.311566,91.750474,16.2,13,38.6,0
25.325254,91.757951,54.8,10,50.9,0
25.309958,91.750006,5.1,18,2.5,0
25.368817,91.782669,17.6,11,0.7,0
25.415126,91.809041,14.6,15,62.1,0
25.477371,91.84298,55.3,16,0.4,0
25.2936,91.743111,36.0,17,49.9,0
25.401247,91.80019,15.5,10,48.9,0
25.290441,91.741289,22.3,15,9.2,0
25.494242,91.851895,11.5,10,20.5,0
25.328933,91.761689,93.4,17,114.0,1
25.327419,91.759181,26.7,10,48.3,0
25.456718,91.831379,10.1,15,12.7,0
25.31414,91.752515,14.3,15,20.9,0
25.465821,91.836958,16.2,16,38.0,0
25.371405,91.784146,11.3,11,3.1,0
25.359667,91.777625,38.4,11,3.1,0
25.303432,91.747203,28.5,10,16.1,0
25.365084,91.77904,30.5,14,152.0,0
25.453987,91.829452,27.1,16,52.6,0
25.544303,91.872135,19.7,7,44.7,0
25.414479,91.808399,43.8,10,34.6,0
25.509872,91.857286,7.0,15,68.5,0
25.546517,91.872311,60.0,11,155.6,0
25.524168,91.863655,9.7,14,1.3,0
25.407959,91.804542,9.9,16,11.8,0
25.52837,91.866047,19.4,11,72.3,0
25.359639,91.77778,8.5,16,19.7,0
25.314468,91.753109,17.0,15,61.0,0
25.555394,91.879383,12.3,9,6.3,0
25.277768,91.736451,21.8,14,97.0,0
25.280927,91.736348,5.1,12,57.8,0
25.295828,91.743222,23.3,8,40.7,0
25.379017,91.787454,14.8,10,86.5,0
25.551268,91.87584,24.8,7,93.4,0
25.470314,91.838215,60.0,16,82.5,0
25.426132,91.813744,51.6,13,75.3,0
25.272506,91.733879,23.5,16,76.2,0
25.575202,91.890888,15.2,14,39.8,0
25.40866,91.805446,2.7,15,61.8,0
25.525262,91.863857,8.4,9,25.6,0
25.307438,91.748739,21.2,13,11.0,0
25.504391,91.855639,7.6,8,12.2,0
25.539059,91.868633,16.7,16,102.4,0
25.43772,91.821255,23.8,10,29.2,0
25.503381,91.856162,32.7,9,83.6,0
25.484585,91.846854,28.8,15,13.4,0
25.38215,91.789564,34.9,17,50.5,0
25.42526,91.814759,44.6,7,70.6,0
25.286008,91.738905,30.4,16,30.2,0
25.416075,91.808179,3.4,14,73.2,0
25.375736,91.787012,17.7,15,47.8,0
25.33715,91.765994,10.2,12,88.7,0
25.333799,91.762806,11.3,8,40.4,0
25.524829,91.864561,19.6,14,65.1,0
25.552073,91.877458,43.8,12,14.4,0
25.352938,91.774191,33.2,9,32.7,0
25.465883,91.836988,12.5,17,37.6,0
25.499768,91.854523,47.5,15,63.7,0
25.56962,91.88842,37.4,9,46.9,0
25.421709,91.811602,35.4,14,44.6,0
25.544534,91.872859,21.5,14,10.9,0
25.330296,91.761174,28.4,10,9.9,0
25.5448,91.872046,19.1,9,81.8,0
25.368649,91.782104,7.6,8,46.6,0
25.339894,91.766427,18.0,12,17.6,0
25.38934,91.793354,43.0,13,70.4,0
25.283269,91.737531,35.7,10,44.6,0
25.347377,91.770605,20.0,8,15.6,0
25.335107,91.764471,26.8,15,50.9,0
25.512958,91.858059,44.3,15,116.2,0
25.44833,91.826779,19.7,14,6.9,0
25.561503,91.881939,10.6,13,102.5,0
25.44132,91.822734,57.2,15,21.6,0
25.466926,91.837063,46.2,11,11.5,0
25.272176,91.733487,46.6,8,51.5,0
25.426581,91.814569,15.7,16,19.2,0
25.301926,91.739041,1.3,0,743.6,1
25.391625,91.79457,17.1,18,75.6,0
25.436005,91.819024,23.6,13,95.3,0
25.396503,91.798217,38.7,14,15.6,0
25.515663,91.859849,31.6,14,43.0,0
25.474631,91.841263,28.4,17,19.3,0
25.459771,91.833928,23.6,10,70.3,0
25.441367,91.823653,12.4,8,65.3,0
25.301673,91.746367,16.4,12,11.6,0
25.545022,91.872877,18.4,9,15.5,0
25.415232,91.808429,9.3,10,3.2,0
25.313038,91.751379,9.8,9,30.1,0
25.278865,91.736282,25.7,10,29.7,0
25.474531,91.841717,15.4,8,30.3,0
25.39028,91.795395,24.6,15,77.4,0
25.334389,91.763944,20.9,11,38.4,0
25.407074,91.803339,22.5,17,57.5,0
25.306131,91.748125,17.9,17,13.6,0
25.333685,91.763207,6.4,9,4.7,0
25.35072,91.781683,19.7,23,881.7,1
25.400957,91.800132,26.1,9,38.9,0
25.306136,91.747576,36.5,15,69.5,0
25.554769,91.878246,21.8,8,66.0,0
25.384797,91.790733,31.3,9,79.9,0
25.549457,91.875662,14.2,15,5.9,0
25.478759,91.844243,7.8,9,47.4,0
25.541446,91.870685,28.2,7,18.1,0
25.314433,91.753111,119.9,14,63.1,1
25.452641,91.829751,60.0,8,49.2,0
25.428069,91.816235,28.8,16,62.4,0
25.44979,91.828025,4.4,10,35.3,0
25.53798,91.869333,23.8,17,14.5,0
25.474307,91.840558,9.2,11,70.4,0
25.551993,91.878621,40.5,11,129.7,0
25.277699,91.734671,38.8,13,80.5,0
25.561003,91.882686,21.3,13,2.5,0
25.390683,91.789331,8.2,6,534.5,1
25.455545,91.831398,17.8,17,52.5,0
25.41053,91.805849,21.1,14,0.1,0
25.418123,91.810149,22.4,14,7.8,0
25.515759,91.860352,57.0,12,5.0,0
25.351706,91.772562,21.5,15,59.1,0
25.349622,91.772182,45.6,11,16.5,0
25.319796,91.755663,27.7,16,21.6,0
25.29715,91.74348,21.4,14,74.8,0
25.275048,91.734634,37.4,15,36.7,0
25.299752,91.738969,0.8,22,651.7,1
25.361327,91.778339,27.1,9,17.1,0
25.488945,91.849305,7.2,14,10.6,0
25.271522,91.732694,13.3,14,0.9,0
25.555636,91.879561,60.0,8,9.3,0
25.456133,91.830788,24.4,10,38.6,0
25.449637,91.827743,17.5,16,16.3,0
25.460473,91.840545,3.6,23,676.2,1
25.418083,91.810192,26.4,11,14.2,0
25.566219,91.884817,31.3,10,100.3,0
25.347239,91.770515,13.4,8,16.8,0
25.353414,91.775299,20.4,14,114.9,0
25.383079,91.791114,34.6,17,50.0,0
25.500649,91.85514,32.5,10,91.0,0
25.389796,91.81464,22.6,15,1976.2,1
25.47119,91.840528,10.5,9,95.2,0
25.468694,91.838521,9.1,13,34.8,0
25.298846,91.745455,19.6,17,48.2,0
25.354053,91.775112,11.8,11,62.1,0
25.291717,91.741731,26.1,9,4.3,0
25.274985,91.734155,27.4,6,8.9,0
25.538507,91.868919,24.7,14,50.0,0
25.559059,91.881792,60.0,10,24.4,0
25.300543,91.745732,33.3,15,1.2,0
25.281253,91.737445,31.3,16,38.7,0
25.280474,91.736154,80.2,20,56.7,1
25.278761,91.735956,31.5,15,1.3,0
25.494576,91.851693,108.8,0,14.2,1
25.297767,91.74391,21.8,16,59.4,0
25.458343,91.832096,44.8,9,30.8,0
25.512922,91.859126,18.7,9,4.5,0
25.371212,91.784067,18.6,9,5.9,0
25.563398,91.884102,28.6,13,5.7,0
25.45602,91.831613,17.5,14,47.7,0
25.5606,91.882955,35.7,6,46.3,0
25.335426,91.764007,19.4,16,11.5,0
25.544879,91.872963,26.6,9,1.0,0
25.540403,91.870887,18.2,16,61.2,0
25.352136,91.774115,17.8,15,68.7,0
25.473697,91.840092,51.0,18,82.8,0
25.467134,91.836301,29.3,11,96.9,0
25.430944,91.817572,31.7,15,37.1,0
25.545318,91.874963,29.0,7,166.1,0
25.290271,91.740926,12.5,14,19.8,0
25.276252,91.734404,15.2,13,41.6,0
25.559714,91.882379,41.6,13,42.6,0
25.401782,91.800784,21.4,15,20.0,0
25.405904,91.803036,8.5,7,23.8,0
25.415331,91.808179,9.4,9,32.9,0
25.532404,91.865977,12.5,8,101.7,0
25.300886,91.737987,1.3,3,803.2,1
25.329444,91.762833,22.3,11,197.6,0
25.455581,91.831315,14.1,15,42.5,0
25.317563,91.753239,23.5,15,93.6,0
25.560979,91.882173,12.2,14,50.0,0
25.355904,91.77565,30.1,16,14.3,0
25.488714,91.849513,13.5,16,22.1,0
25.347435,91.770875,10.9,17,7.6,0
25.301069,91.745838,25.1,7,14.5,0
25.318275,91.754579,3.8,13,1.8,0
25.505228,91.856208,13.0,10,12.0,0
25.373519,91.785088,9.6,11,19.5,0
25.574467,91.891536,12.7,15,64.2,0
25.456352,91.831489,133.9,3,17.8,1
25.436517,91.820989,5.2,10,68.3,0
25.372943,91.785336,9.3,15,35.8,0
25.480103,91.845536,16.8,13,100.7,0
25.359767,91.777448,30.2,12,19.5,0
25.496477,91.851658,31.4,9,96.4,0
25.560919,91.882547,37.4,13,10.9,0
25.561419,91.882841,38.6,15,11.7,0
25.40495,91.801785,23.5,12,93.9,0
25.291603,91.741935,29.5,11,21.7,0
25.399588,91.800102,37.1,9,32.2,0
25.533713,91.8681,38.3,14,63.6,0
25.363844,91.779388,24.4,9,51.1,0
25.403009,91.801222,29.6,9,43.8,0
25.331162,91.761894,37.1,9,13.4,0
25.320288,91.754284,46.8,10,139.4,0
25.48908,91.84876,11.5,13,70.9,0
25.477065,91.842797,29.4,13,1.7,0
25.296262,91.743973,60.0,18,15.8,0
25.494682,91.852821,36.9,11,98.0,0
25.355419,91.775078,18.3,11,15.1,0
25.551843,91.876919,18.6,11,23.8,0
25.441247,91.823108,6.5,14,18.7,0
25.394775,91.797165,33.1,16,6.6,0
25.471065,91.839383,20.1,11,9.5,0
25.373172,91.785118,16.3,8,2.2,0
25.431716,91.818171,31.2,15,53.6,0
25.319049,91.755561,45.8,15,52.0,0
25.569291,91.888242,27.9,15,48.8,0
25.357883,91.777402,23.7,11,77.9,0
25.311383,91.750692,23.3,16,7.4,0
25.359538,91.777645,23.4,10,12.1,0
25.567585,91.885755,34.1,18,89.7,0
25.277741,91.735795,16.6,14,31.6,0
25.491886,91.851269,22.2,13,53.2,0
25.491422,91.850521,21.4,7,4.9,0
25.270998,91.732599,8.0,9,15.3,0
25.495347,91.852125,11.3,9,1.4,0
25.298793,91.745406,28.2,15,45.6,0
25.349052,91.771826,26.1,15,12.7,0
25.416012,91.808713,18.3,11,17.7,0
25.272542,91.733654,31.0,12,51.8,0
25.566951,91.884966,12.8,11,128.2,0
25.275817,91.731484,1.5,23,318.1,1
25.323043,91.756676,40.5,14,55.5,0
25.361543,91.7786,20.9,16,3.4,0
25.374708,91.78545,20.1,10,48.5,0
25.318858,91.759724,24.0,0,467.4,1
25.352418,91.773578,43.0,14,1.3,0
25.378936,91.788286,12.6,8,1.1,0
25.5111,91.85853,36.7,10,9.3,0
25.500868,91.854283,46.2,10,6.6,0
25.413101,91.807582,14.2,15,29.5,0
25.344935,91.768882,29.6,9,51.3,0
25.499652,91.853599,26.2,14,27.1,0
25.31198,91.751785,12.9,14,66.7,0
25.382285,91.789619,29.7,14,52.5,0
25.466201,91.836252,15.1,10,51.2,0
25.490189,91.850113,9.8,15,3.8,0
25.493627,91.851967,21.3,18,53.3,0
25.273181,91.733516,19.5,6,8.6,0
25.27451,91.731201,1.6,3,287.1,1
25.378228,91.787963,3.5,15,5.7,0
25.521088,91.863531,24.7,8,113.3,0
25.416674,91.808564,36.5,8,68.0,0
25.297585,91.743735,24.3,8,68.9,0
25.556397,91.87985,21.8,10,7.1,0
25.363671,91.779226,48.3,8,57.5,0
25.375633,91.786962,27.2,12,48.6,0
25.569402,91.888179,11.4,13,36.5,0
25.42599,91.815354,39.5,13,89.1,0
25.414596,91.808481,37.7,14,36.2,0
25.570682,91.888474,10.4,8,9.2,0
25.41896,91.810226,31.6,14,29.9,0
25.366964,91.782699,14.3,12,102.4,0
25.565746,91.88544,11.1,7,13.6,0
25.278403,91.735077,48.0,10,71.5,0
25.414215,91.807627,27.9,16,26.3,0
25.342386,91.774222,4.3,5,606.2,1
25.372444,91.784672,38.2,13,1.8,0
25.574878,91.891725,24.5,9,58.6,0
25.387492,91.793578,30.5,11,51.2,0
25.332268,91.762597,49.4,9,22.0,0
25.411638,91.80672,15.4,9,24.8,0
25.334267,91.763491,20.6,16,0.9,0
25.331182,91.761512,23.4,13,24.8,0
25.296813,91.744815,11.0,14,76.0,0
25.397819,91.798633,28.9,16,15.1,0
25.340525,91.767943,11.3,13,95.8,0
25.454182,91.829429,18.1,13,65.4,0
25.274252,91.730661,0.1,0,330.2,1
25.480754,91.845158,27.2,14,28.7,0
25.560287,91.88171,10.5,10,54.2,0
25.302375,91.746651,11.9,10,8.4,0
25.428169,91.815309,11.5,9,33.1,0
25.339995,91.766984,31.2,13,31.1,0
25.37082,91.784444,8.1,11,63.8,0
25.575096,91.890592,10.4,14,61.9,0
25.380525,91.78865,25.7,14,51.6,0
25.524988,91.864419,53.9,12,43.8,0
25.286535,91.744381,1.6,23,501.5,1
25.305312,91.748196,21.0,8,31.0,0
25.402984,91.802405,30.9,15,72.7,0
25.399734,91.80007,28.6,15,21.2,0
25.458284,91.832429,18.0,10,4.8,0
25.488547,91.848542,14.9,9,63.4,0
25.269938,91.732226,41.8,11,25.8,0
25.308584,91.756927,27.5,20,750.6,1
25.493714,91.851502,11.3,10,1.7,0
25.326804,91.760418,19.7,11,105.4,0
25.359498,91.778149,19.8,15,63.2,0
25.329744,91.761649,21.6,12,66.1,0
25.567383,91.886166,15.0,11,38.8,0
25.528331,91.865511,41.4,18,18.4,0
25.497299,91.853029,39.4,14,11.3,0
25.504298,91.854735,37.6,11,101.7,0
25.504794,91.855812,35.4,7,10.9,0
25.505236,91.856189,17.5,9,9.8,0
25.498018,91.853388,16.5,14,18.7,0
25.277838,91.736039,29.2,10,52.0,0
25.550469,91.87652,20.1,9,17.5,0
25.356353,91.775312,17.6,14,42.8,0
25.481696,91.844527,15.4,9,83.6,0
25.483928,91.845735,35.8,11,86.8,0
25.327508,91.759635,21.0,12,8.9,0
25.477562,91.843723,50.6,13,61.6,0
25.270218,91.733126,9.0,14,104.4,0
25.280908,91.737953,27.9,15,106.0,0
25.485681,91.847481,9.1,11,11.6,0
25.460684,91.833791,25.6,13,7.6,0
25.406201,91.802055,15.4,9,135.2,0
25.537751,91.868571,17.3,15,54.7,0
25.364658,91.780274,10.7,13,8.9,0
25.323741,91.756963,12.3,15,65.3,0
25.56979,91.886903,31.3,9,107.4,0
25.32846,91.761183,7.1,13,90.3,0
25.464507,91.835775,19.1,10,6.1,0
25.27743,91.735292,22.9,16,5.2,0
25.454153,91.829173,10.6,9,88.7,0
25.422016,91.812685,21.3,11,44.1,0
25.29425,91.74204,34.4,15,88.6,0
25.278453,91.73591,58.9,10,10.8,0
25.386305,91.791003,51.9,18,135.1,0
25.565668,91.885998,18.6,11,44.0,0
25.425806,91.813217,43.3,7,109.0,0
25.53474,91.867725,11.0,11,17.7,0
25.451248,91.827301,7.2,8,113.9,0
25.555768,91.879818,16.1,15,26.1,0
25.314998,91.752616,22.0,10,15.7,0
25.566794,91.88694,51.1,18,68.8,0
25.419403,91.810686,28.6,17,9.0,0
25.491297,91.849646,48.4,15,90.3,0
25.447012,91.826165,27.8,14,4.6,0
25.33465,91.764048,36.9,8,34.4,0
25.461221,91.83427,46.2,15,25.1,0
25.509077,91.857323,26.9,11,31.9,0
25.37731,91.786871,26.1,16,50.9,0
25.386343,91.792724,43.1,14,30.3,0
25.520031,91.861444,38.3,14,58.8,0
25.338764,91.766562,28.9,14,56.6,0
25.419839,91.811486,10.0,15,45.2,0
25.446362,91.826211,16.0,9,44.2,0
25.54602,91.865866,14.8,0,740.7,1
25.530608,91.866149,16.4,8,9.7,0
25.2952,91.743792,39.4,11,45.9,0
25.294944,91.742714,20.5,15,51.9,0
25.555111,91.878587,13.7,10,53.3,0
25.494656,91.85214,26.8,9,28.7,0
25.492029,91.850956,31.5,10,14.9,0
25.392289,91.79578,5.8,10,6.2,0
25.405683,91.803019,36.6,12,13.5,0
25.506074,91.856978,13.3,16,56.7,0
25.516016,91.860447,2.8,9,4.2,0
25.474037,91.841099,29.5,14,3.2,0
25.395781,91.796759,17.4,12,87.3,0
25.487314,91.848531,13.9,8,2.3,0
25.571656,91.888495,34.5,15,63.4,0
25.488027,91.848669,17.0,14,22.8,0
25.344472,91.769398,12.0,12,24.0,0
25.404164,91.802241,24.0,16,7.0,0
25.31311,91.752632,9.9,10,88.1,0
25.504816,91.856041,24.3,11,11.8,0
25.416597,91.81009,5.2,10,84.7,0
25.413729,91.807672,33.9,8,4.4,0
25.438726,91.821399,27.6,9,11.2,0
25.358508,91.77684,23.2,10,10.5,0
25.398067,91.798429,21.6,14,48.4,0
25.349048,91.771746,6.1,10,5.1,0
25.435238,91.819789,5.2,11,20.7,0
25.525369,91.864379,12.2,7,23.9,0
25.4667,91.836924,23.9,8,12.8,0
25.275342,91.728418,0.0,2,607.7,1
25.545844,91.873383,42.4,10,14.6,0
25.308415,91.749171,27.8,11,11.8,0
25.337178,91.765095,14.7,16,0.4,0
25.327154,91.759545,6.0,9,1.5,0
25.432129,91.817268,14.6,11,56.5,0
25.347968,91.771387,8.7,15,28.5,0
25.343528,91.768332,7.7,14,28.7,0
25.407171,91.804008,46.7,11,2.4,0
25.557974,91.881084,37.4,16,19.5,0
25.441275,91.824372,32.9,10,140.2,0
25.378573,91.787583,29.9,12,49.9,0
25.413333,91.806397,5.5,10,98.3,0
25.492274,91.85113,20.0,15,22.8,0
25.366509,91.776614,8.0,17,465.1,1
25.357723,91.777036,6.8,17,51.0,0
25.351351,91.772897,7.0,9,7.4,0
25.522613,91.862002,30.1,7,107.8,0
25.475081,91.840773,19.5,12,91.4,0
25.363334,91.779721,16.3,14,8.9,0
25.444243,91.825063,20.6,8,47.1,0
25.481145,91.845076,51.9,15,0.4,0
25.45203,91.82783,36.4,16,104.7,0
25.410902,91.80675,28.5,9,67.5,0
25.398084,91.806018,24.9,19,689.2,1
25.287502,91.741159,22.8,16,130.2,0
25.540454,91.870215,8.6,17,5.8,0
25.381623,91.789662,21.8,14,12.5,0
25.464312,91.835192,3.9,13,52.2,0
25.565424,91.886057,32.4,8,63.7,0
25.321417,91.756875,38.4,8,51.8,0
25.4437,91.824229,25.6,13,4.7,0
25.28547,91.74414,0.1,1,525.7,1
25.450159,91.827728,26.3,15,13.4,0
25.42139,91.81134,34.6,15,52.9,0
25.287828,91.739631,17.2,10,39.7,0
25.570721,91.889156,39.8,10,53.5,0
25.558999,91.881062,16.8,16,41.7,0
25.436241,91.819817,36.3,9,30.8,0
25.426844,91.814399,8.5,15,50.0,0
25.577293,91.892809,10.0,14,22.6,0
25.343288,91.767561,21.9,9,90.7,0
25.523433,91.864904,31.4,10,158.2,0
25.277752,91.735129,28.7,15,36.5,0
25.274164,91.733707,33.0,17,16.9,0
25.547205,91.873429,10.1,8,88.8,0
25.533028,91.867246,8.3,15,3.6,0
25.494824,91.852374,46.9,12,45.9,0
25.494127,91.85121,39.7,7,45.6,0
25.519401,91.861988,25.1,18,23.6,0
25.43492,91.818992,16.2,8,39.7,0
25.278769,91.736302,14.8,8,36.1,0
25.438733,91.821621,13.4,8,10.0,0
25.426919,91.815537,18.9,15,56.6,0
25.461873,91.834168,23.8,14,20.0,0
25.294542,91.742522,34.5,16,52.9,0
25.492802,91.850769,12.9,13,36.4,0
25.446952,91.825846,16.2,15,23.2,0
25.398735,91.799782,20.7,14,47.2,0
25.532562,91.867469,38.5,13,45.9,0
25.271266,91.732625,22.9,18,5.6,0
25.554088,91.877841,15.6,13,65.3,0
25.474416,91.839825,8.8,14,147.6,0
25.292746,91.742419,39.8,13,18.6,0
25.353855,91.774211,12.7,12,14.8,0
25.350683,91.772891,46.2,13,28.2,0
25.279235,91.736546,16.7,17,39.7,0
25.450188,91.828778,46.1,9,87.2,0
25.32061,91.756977,60.0,12,105.3,0
25.534146,91.868459,25.8,10,82.8,0
25.373358,91.784641,48.0,10,54.3,0
25.314854,91.752186,30.3,11,49.7,0
25.377734,91.788194,16.7,8,54.9,0
25.314043,91.752776,31.1,12,51.6,0
25.37319,91.785513,60.0,11,39.7,0
25.523531,91.863922,42.6,15,52.6,0
25.444279,91.825462,23.5,6,83.9,0
25.409794,91.806183,34.5,10,72.2,0
25.525922,91.863881,32.8,16,50.4,0
25.431057,91.817738,11.1,14,47.2,0
25.437695,91.820484,18.6,13,44.5,0
25.488168,91.848747,14.1,13,22.9,0
25.357647,91.777228,24.4,18,73.7,0
25.324314,91.758118,15.1,9,16.1,0
25.558899,91.880949,19.2,7,46.6,0
25.422307,91.81276,16.1,17,35.8,0
25.360604,91.777362,6.3,16,73.1,0
25.433145,91.818477,28.8,16,6.1,0
25.447184,91.826724,27.1,7,49.7,0
25.508736,91.858217,38.9,13,74.7,0
25.33809,91.764969,26.3,11,61.9,0
25.477139,91.842673,1.5,9,17.7,0
25.527848,91.865089,35.0,15,5.2,0
25.457133,91.830972,35.7,15,74.8,0
25.54493,91.873251,27.7,15,25.4,0
25.462025,91.834299,20.6,15,15.6,0
25.335287,91.763736,9.1,7,30.4,0
25.554668,91.878159,31.5,14,68.5,0
25.533725,91.868173,16.1,14,70.5,0
25.554143,91.879095,20.7,12,51.0,0
25.430147,91.817713,8.2,12,93.8,0
25.299674,91.745772,53.6,15,42.5,0
25.383348,91.790703,10.5,8,4.5,0
25.298704,91.745511,9.9,14,60.3,0
25.549185,91.875283,14.9,13,26.3,0
25.432075,91.81797,19.0,16,14.7,0
25.373978,91.775026,2.6,11,1023.4,1
25.533752,91.867077,49.8,9,43.8,0
25.313626,91.751124,36.5,16,86.6,0
25.516187,91.860411,21.6,8,6.6,0
25.540711,91.870592,17.1,10,15.4,0
25.415486,91.808946,21.5,10,33.3,0
25.512528,91.858597,30.5,14,42.8,0
25.461349,91.834229,10.7,14,14.2,0
25.355561,91.775704,35.6,10,38.2,0
25.295352,91.743847,27.4,11,44.5,0
25.397667,91.798459,14.3,16,23.8,0
25.27866,91.737157,5.4,12,127.9,0
25.313956,91.752389,15.6,11,18.6,0
25.355273,91.775273,5.6,10,11.8,0
25.572366,91.881182,27.8,23,800.7,1
25.487012,91.849143,19.8,11,78.1,0
25.386445,91.792674,50.2,9,19.9,0
25.516007,91.860882,33.2,14,49.6,0
25.507601,91.857396,28.9,13,36.7,0
25.406998,91.803725,9.6,15,15.8,0
25.329736,91.760894,17.1,15,6.8,0
25.42915,91.81569,18.6,6,49.1,0
25.385645,91.791999,30.0,12,2.5,0
25.389799,91.79395,37.7,14,37.3,0
25.283664,91.737416,23.0,9,74.4,0
25.291605,91.741552,23.9,14,17.3,0
25.436208,91.819828,13.6,15,28.0,0
25.5145,91.859662,27.2,9,14.3,0
25.393216,91.796321,20.4,7,8.7,0
25.386925,91.792913,16.0,10,17.2,0
25.47208,91.839604,2.7,16,42.8,0
25.452915,91.829304,20.4,8,9.1,0
25.552677,91.878461,41.2,16,75.0,0
25.338242,91.766446,27.7,9,73.6,0
25.417931,91.810085,29.8,15,12.0,0
25.32907,91.760459,22.2,8,13.2,0
25.42796,91.814349,38.3,9,115.2,0
25.420412,91.810637,12.2,11,68.4,0
25.529098,91.866363,37.0,15,74.9,0
25.391233,91.79527,8.4,15,13.7,0
25.481926,91.845214,22.6,16,29.3,0
25.384383,91.790435,60.0,8,86.4,0
25.330479,91.761296,20.8,15,7.9,0
25.389114,91.793977,15.2,8,2.4,0
25.569715,91.896156,22.4,23,778.1,1
25.381344,91.79063,21.9,9,96.8,0
25.34366,91.768547,24.7,15,14.9,0
25.465256,91.836656,26.6,14,39.2,0
25.312845,91.751977,27.3,16,38.6,0
25.326936,91.759243,26.0,12,16.1,0
25.357331,91.775261,24.7,8,100.6,0
25.574659,91.891229,11.0,17,24.0,0
25.429557,91.816529,57.4,9,10.6,0
25.342596,91.767768,25.0,15,33.2,0
25.451908,91.828388,15.6,10,43.8,0
25.290665,91.741285,11.0,15,1.4,0
25.525655,91.864079,22.3,16,18.9,0
25.539581,91.869373,24.1,14,47.5,0
25.430605,91.816795,47.7,13,20.2,0
25.342932,91.76865,8.7,12,34.5,0
25.519395,91.861643,26.9,10,11.9,0
25.285927,91.740392,33.8,15,124.3,0
25.475236,91.84103,21.0,15,74.7,0
25.278121,91.735763,15.4,14,11.0,0
25.575346,91.89156,31.6,15,15.8,0
25.481346,91.844977,26.8,15,21.0,0
25.300164,91.746184,10.4,12,61.9,0
25.575358,91.892807,147.8,12,133.9,1
25.537168,91.868149,14.5,14,74.2,0
25.530434,91.866091,7.0,6,8.5,0
25.4698,91.838541,32.9,14,23.1,0
25.457416,91.83215,43.7,10,24.6,0
25.384443,91.79243,20.8,16,104.4,0
25.444424,91.824486,14.8,15,18.8,0
25.390442,91.794534,36.8,9,15.2,0
25.327299,91.760435,18.3,16,80.3,0
25.413286,91.806939,9.4,14,43.0,0
25.520536,91.862551,15.2,8,34.8,0
25.353489,91.77353,16.2,14,61.4,0
25.438892,91.820973,21.9,14,61.7,0
25.403823,91.802202,24.7,15,7.6,0
25.279028,91.735189,45.6,15,88.7,0
25.309312,91.749564,13.3,16,12.8,0
25.282014,91.737492,43.6,14,8.7,0
25.407333,91.804856,12.4,14,76.1,0
25.422531,91.812822,6.4,7,29.7,0
25.525091,91.864078,20.0,8,4.2,0
25.521981,91.862166,28.4,15,64.7,0
25.453649,91.830498,22.1,15,67.5,0
25.4929,91.850832,23.1,16,33.9,0
25.392865,91.796432,54.2,9,38.5,0
25.336089,91.764683,19.7,9,18.4,0
25.362814,91.780365,43.2,11,99.6,0
25.43289,91.818138,22.2,9,13.0,0
25.368369,91.782096,21.4,10,32.2,0
25.530464,91.865823,30.7,9,37.5,0
25.486237,91.848306,14.7,9,38.5,0
25.270865,91.732131,49.2,12,26.2,0
25.31086,91.750764,28.0,15,27.9,0
25.557345,91.880369,12.8,12,12.3,0
25.294525,91.743034,9.8,9,0.3,0
25.421009,91.811874,32.6,9,19.7,0
25.461338,91.833718,30.5,9,34.9,0
25.280867,91.736123,60.0,8,77.9,0
25.566183,91.885257,10.9,14,56.2,0
25.438251,91.821196,31.1,6,5.4,0
25.526372,91.864174,42.4,11,38.7,0
25.510064,91.858039,19.0,11,1.4,0
25.393119,91.795702,23.1,10,46.2,0
25.355213,91.775427,16.5,8,30.1,0
25.469251,91.838588,20.5,9,11.2,0
25.347325,91.771666,12.1,11,90.4,0
25.425804,91.81421,9.9,8,12.3,0
25.477651,91.843304,21.9,18,16.0,0
25.322807,91.757109,24.3,11,0.6,0
25.326831,91.759479,25.1,9,12.5,0
25.349615,91.772947,40.4,9,91.3,0
25.320068,91.756029,18.6,15,42.4,0
25.409008,91.805618,23.1,10,59.7,0
25.420583,91.810661,27.9,17,75.3,0
25.364501,91.779536,10.6,10,72.2,0
25.458697,91.83262,30.3,12,1.0,0
25.555038,91.87811,14.2,17,94.5,0
25.441728,91.823505,30.1,10,31.4,0
25.335664,91.764401,21.8,15,13.9,0
25.355387,91.776283,19.2,16,103.9,0
25.318937,91.754018,9.6,12,92.2,0
25.409547,91.805894,30.1,15,57.4,0
25.367452,91.780872,9.0,14,101.8,0
25.501721,91.854659,33.2,9,3.0,0
25.410981,91.806538,8.6,11,42.6,0
25.481377,91.845355,12.5,13,14.2,0
25.402313,91.802378,51.1,17,106.4,0
25.374866,91.787082,33.6,15,101.7,0
25.556974,91.88024,47.7,12,3.2,0
25.538007,91.868471,54.3,11,75.6,0
25.525246,91.863676,10.6,16,43.7,0
25.471964,91.840073,24.8,14,9.1,0
25.319559,91.754263,41.8,8,101.9,0
25.43011,91.817355,45.8,7,61.1,0
25.518011,91.861418,28.2,16,22.1,0
25.449401,91.828072,22.9,16,61.0,0
25.552619,91.878254,28.6,12,58.7,0
25.315612,91.75272,29.8,13,38.8,0
25.463975,91.836276,11.5,16,71.4,0
25.310785,91.749647,20.7,12,76.8,0
25.272253,91.732699,18.2,9,32.0,0
25.394277,91.79684,12.2,18,1.9,0
25.299436,91.744464,10.4,8,79.4,0
25.484195,91.846728,17.0,13,4.6,0
25.507157,91.857598,27.6,10,76.0,0
25.296856,91.743841,31.5,14,24.7,0
25.374446,91.785209,37.8,11,57.8,0
25.313243,91.751707,31.7,12,9.2,0
25.363874,91.779757,17.6,11,16.8,0
25.366884,91.78235,148.5,12,72.8,1
25.479383,91.844343,25.2,14,23.5,0
25.563496,91.884215,27.3,11,0.6,0
25.490736,91.85056,23.3,11,27.5,0
25.425607,91.814701,16.1,15,46.2,0
25.493249,91.85484,10.0,23,366.0,1
25.389654,91.794671,14.6,9,40.7,0
25.473533,91.841108,19.8,8,24.9,0
25.494582,91.851392,26.2,14,45.5,0
25.274718,91.734357,27.3,15,23.8,0
25.305269,91.746412,21.4,11,148.1,0
25.388475,91.79365,12.0,10,5.2,0
25.372421,91.784785,29.0,8,10.4,0
25.373999,91.786248,19.6,17,67.4,0
25.300707,91.738231,1.1,23,770.2,1
25.278652,91.735655,10.3,10,24.2,0
25.502113,91.854137,36.8,10,73.2,0
25.568837,91.886109,8.6,14,128.0,0
25.535997,91.868646,52.4,10,25.5,0
25.30176,91.745965,15.3,11,33.2,0
25.475318,91.84173,21.4,11,11.0,0
25.443403,91.822885,28.0,9,119.5,0
25.35456,91.774229,18.5,10,51.2,0
25.440205,91.822759,20.7,8,41.2,0
25.557863,91.880738,4.8,15,7.0,0
25.376053,91.786531,12.3,11,16.0,0
25.340522,91.76737,24.9,12,40.2,0
25.55696,91.881275,16.3,11,96.2,0
25.276545,91.730734,0.2,4,427.5,1
25.469888,91.839114,2.3,11,28.0,0
25.447896,91.827094,20.5,16,47.2,0
25.508461,91.856542,20.2,12,87.0,0
25.574275,91.891263,45.4,7,49.3,0
25.403243,91.801574,48.6,7,22.1,0
25.412258,91.806989,26.9,14,17.4,0
25.322885,91.757251,11.0,9,9.0,0
25.515661,91.860193,19.0,16,7.4,0
25.331516,91.761793,31.5,9,15.6,0
25.360706,91.778263,42.4,7,9.0,0
25.407408,91.804373,35.4,6,25.0,0
25.384316,91.790231,15.1,9,102.7,0
25.372353,91.784028,43.1,13,59.6,0
25.319894,91.759634,0.8,23,402.6,1
25.571375,91.888176,8.2,11,77.6,0
25.555683,91.879951,29.6,14,43.7,0
25.427164,91.815733,24.9,12,62.5,0
25.405177,91.802189,11.3,8,66.8,0
25.498237,91.853076,29.3,10,22.6,0
25.457712,91.81704,14.8,11,1461.8,1
25.300249,91.745367,17.9,9,24.9,0
25.396205,91.798959,19.9,9,103.9,0
25.354593,91.773843,4.8,10,90.6,0
25.411405,91.805876,16.2,14,44.8,0
25.522075,91.863156,23.1,9,33.7,0
25.423904,91.813206,27.7,11,7.3,0
25.320754,91.755539,51.6,16,42.4,0
25.300681,91.745339,12.6,8,47.5,0
25.281899,91.737957,18.8,16,61.2,0
25.311071,91.75001,35.1,18,56.9,0
25.544063,91.873236,24.0,15,74.0,0
25.447059,91.826316,12.7,16,16.8,0
25.38753,91.793115,54.3,9,4.2,0
25.310761,91.751136,8.3,9,69.4,0
25.545497,91.873062,5.2,13,25.2,0
25.432533,91.817897,20.9,14,17.2,0
25.446574,91.826001,19.7,13,12.4,0
25.388193,91.794289,24.6,8,82.5,0
25.370483,91.783935,11.4,10,32.5,0
25.519244,91.860464,18.7,14,127.5,0
25.447498,91.82622,13.9,8,16.3,0
25.452028,91.828866,21.1,10,3.7,0
25.369152,91.782351,14.4,11,49.7,0
25.499887,91.853256,22.4,14,72.3,0
25.326883,91.759527,31.6,16,14.4,0
25.399842,91.799464,46.7,18,43.6,0
25.387969,91.792879,22.8,11,42.6,0
25.321832,91.75647,46.3,13,10.0,0
25.554545,91.878843,60.0,14,3.8,0
25.321976,91.7558,35.4,9,83.0,0
25.353779,91.772823,23.9,16,145.8,0
25.441184,91.822499,2.7,15,37.1,0
25.337146,91.765048,38.3,10,3.2,0
25.373999,91.785402,60.0,15,14.9,0
25.321643,91.756202,21.5,15,25.9,0
25.505585,91.856327,33.7,13,9.6,0
25.320883,91.755815,17.7,11,22.5,0
25.481999,91.845112,12.2,9,43.2,0
25.546617,91.874045,11.4,10,3.8,0
25.377317,91.788114,57.1,15,69.6,0
25.514315,91.859468,12.7,15,26.7,0
25.46994,91.838207,36.3,13,63.1,0
25.545299,91.873057,14.4,17,14.4,0
25.346052,91.770083,23.3,13,5.3,0
25.397426,91.799003,31.9,16,42.1,0
25.316894,91.753892,10.9,8,6.1,0
25.43413,91.819621,12.1,14,64.2,0
25.445334,91.824332,33.0,6,83.1,0
25.482142,91.846455,42.2,9,79.9,0
25.336843,91.764626,43.5,8,27.9,0
25.366146,91.781655,128.0,13,45.0,1
25.36214,91.779615,9.1,9,63.1,0
25.506112,91.856272,23.6,11,17.8,0
25.511689,91.85874,19.9,15,6.7,0
25.406885,91.804327,45.1,13,48.9,0
25.313631,91.75222,38.3,11,19.7,0
25.533638,91.867557,8.1,10,10.6,0
25.286736,91.740453,18.3,13,93.6,0
25.538603,91.869531,22.9,10,9.3,0
25.531546,91.86583,16.6,16,81.5,0
25.336047,91.763188,19.9,13,124.7,0
25.458254,91.831445,50.1,8,89.4,0
25.319029,91.754659,19.9,15,34.7,0
25.469016,91.838231,7.8,10,10.9,0
25.456156,91.831802,22.6,11,58.8,0
25.419052,91.809452,6.8,9,110.1,0
25.5161,91.860844,12.4,15,41.8,0
25.559099,91.868078,27.3,1,1284.0,1
25.368846,91.782235,143.7,4,44.5,1
25.449427,91.827573,41.1,14,11.1,0
25.380628,91.790069,52.9,10,80.9,0
25.448178,91.827472,16.9,14,68.7,0
25.308014,91.749282,7.1,11,17.8,0
25.315994,91.753188,15.3,14,13.8,0
25.439462,91.821483,24.7,17,42.9,0
25.542242,91.870449,10.2,5,300.0,1
25.34868,91.77063,26.1,14,83.6,0
25.500712,91.853769,42.7,14,53.3,0
25.489745,91.849997,9.9,8,13.5,0
25.355486,91.775662,13.5,7,38.1,0
25.442282,91.823851,7.7,16,35.1,0
25.436363,91.819287,10.9,12,89.0,0
25.376193,91.786683,25.2,10,8.9,0
25.57382,91.889577,35.7,10,85.0,0
25.500645,91.85455,5.5,10,30.2,0
25.453805,91.82898,27.9,13,88.7,0
25.303701,91.747783,16.4,10,62.7,0
25.482041,91.844903,34.4,10,65.7,0
25.44027,91.821456,31.5,11,89.1,0
25.519183,91.860694,8.2,11,101.2,0
25.272964,91.733997,50.1,9,67.3,0
25.386345,91.793245,10.9,10,80.9,0
25.379935,91.788602,20.5,14,24.5,0
25.290673,91.741095,32.0,10,21.1,0
25.367406,91.781421,14.6,13,45.9,0
25.445989,91.825979,33.5,13,41.8,0
25.331497,91.761855,26.0,14,8.5,0
25.558583,91.881516,28.6,13,25.5,0
25.351972,91.773934,18.9,11,59.9,0
25.27202,91.732362,21.9,12,55.5,0
25.420005,91.812373,37.5,9,122.6,0
25.572607,91.89049,2.6,8,71.9,0
25.346919,91.77043,34.4,9,7.8,0
25.512096,91.858222,17.9,7,63.7,0
25.456385,91.831793,33.3,15,45.5,0
25.520682,91.861713,35.9,13,57.9,0
25.385067,91.791219,23.1,10,47.1,0
25.304223,91.747588,18.5,15,19.1,0
25.54687,91.874418,36.2,10,24.8,0
25.453565,91.828558,13.7,13,116.8,0
25.326361,91.760206,29.7,8,108.7,0
25.283776,91.739113,39.6,8,92.7,0
25.288183,91.739947,19.3,10,23.9,0
25.562931,91.884259,9.5,10,36.2,0
25.396878,91.798405,30.0,16,13.6,0
25.573057,91.890184,31.5,11,16.7,0
25.342828,91.768066,27.0,9,16.7,0
25.283882,91.738106,18.3,9,14.3,0
25.310673,91.750034,27.4,13,33.0,0
25.321564,91.756739,37.8,14,30.6,0
25.475159,91.842485,50.8,18,71.0,0
25.285855,91.738908,24.0,10,23.1,0
25.566804,91.886491,30.4,14,25.5,0
25.35577,91.775271,10.1,12,15.3,0
25.478412,91.843061,54.1,9,48.8,0
25.383313,91.790568,25.0,9,15.7,0
25.323479,91.757892,38.5,11,39.3,0
25.378035,91.787517,42.9,9,27.3,0
25.281698,91.737241,6.4,15,2.3,0
25.474257,91.841025,22.4,16,22.2,0
25.359709,91.776977,13.6,15,62.2,0
25.525762,91.864102,13.1,16,21.0,0
25.371268,91.784426,54.7,8,37.8,0
25.488632,91.850225,18.1,12,95.9,0
25.448539,91.826297,9.0,16,65.1,0
25.304235,91.747417,30.4,14,1.2,0
25.297611,91.743948,36.2,8,48.4,0
25.376886,91.786939,23.7,13,21.4,0
25.303575,91.747188,117.5,14,8.1,1
25.315182,91.752957,31.1,13,7.6,0
25.515556,91.860121,10.7,9,10.5,0
25.337301,91.764808,17.8,12,34.9,0
25.374053,91.785889,17.1,11,29.6,0
25.344026,91.76814,28.7,9,74.3,0
25.378893,91.788216,10.6,12,5.6,0
25.508165,91.857413,17.1,10,15.2,0
25.478922,91.844069,30.7,12,21.8,0
25.374601,91.785347,28.7,11,52.8,0
25.552117,91.877275,11.0,15,5.6,0
25.422558,91.812252,23.2,8,27.3,0
25.478137,91.842912,6.5,9,48.4,0
25.308257,91.748814,36.2,9,40.8,0
25.477715,91.843527,34.9,8,34.3,0
25.312712,91.75181,27.6,10,29.6,0
25.561346,91.883107,17.7,16,17.7,0
25.521554,91.861689,14.5,17,96.4,0
25.542494,91.870942,48.3,12,54.0,0
25.456841,91.832057,16.2,9,46.6,0
25.475979,91.842714,14.4,8,49.0,0
25.356707,91.775866,33.4,8,8.0,0
25.407829,91.803817,14.9,15,51.8,0
25.319734,91.755522,10.5,17,11.1,0
25.480663,91.842122,12.7,3,300.0,1
25.53212,91.866936,54.2,16,9.1,0
25.462828,91.835096,33.0,17,18.7,0
25.331146,91.760527,13.1,9,300.0,1
25.297446,91.745381,24.8,15,104.5,0
25.470692,91.839551,34.8,16,27.0,0
25.492544,91.850627,33.0,14,40.4,0
25.367369,91.782028,58.4,8,15.2,0
25.275185,91.731235,0.0,3,314.5,1
25.534177,91.867717,16.8,16,4.8,0
25.482567,91.846016,14.0,15,14.2,0
25.388318,91.794947,25.9,15,139.8,0
25.5105,91.858806,21.0,9,62.6,0
25.32732,91.760268,118.3,6,62.8,1
25.568167,91.886902,89.4,4,14.0,1
25.329679,91.760684,24.9,13,24.3,0
25.494812,91.851922,16.5,12,0.3,0
25.344453,91.76893,17.6,18,20.4,0
25.463366,91.835206,24.7,14,0.3,0
25.431988,91.817514,60.0,11,25.0,0
25.573633,91.891203,27.0,9,80.6,0
25.543694,91.872605,19.9,6,35.1,0
25.420892,91.811989,22.7,15,37.2,0
25.363785,91.779846,14.6,8,3.3,0
25.533378,91.866662,44.1,9,71.2,0
25.452189,91.829061,6.7,8,6.5,0
25.328605,91.760605,8.4,11,26.2,0
25.389999,91.794608,12.2,13,16.0,0
25.509748,91.857214,6.8,9,70.8,0
25.501438,91.854453,12.8,13,12.6,0
25.436934,91.820804,19.4,15,27.7,0
25.535458,91.869034,28.9,16,87.9,0
25.306579,91.748164,12.7,10,30.1,0
25.300095,91.738715,0.7,23,693.1,1
25.517362,91.860779,9.4,14,17.2,0
25.296605,91.743746,9.8,10,23.0,0
25.272352,91.733822,13.1,14,77.5,0
25.501028,91.854337,40.0,17,7.6,0
25.391384,91.795084,14.3,13,12.5,0
25.433754,91.818748,17.2,7,0.4,0
25.350511,91.773087,24.6,12,56.5,0
25.455321,91.83111,16.8,15,36.6,0
25.395305,91.797253,10.8,10,13.5,0
25.396541,91.798174,25.3,9,9.3,0
25.288119,91.739738,17.1,8,42.2,0
25.376665,91.78574,142.9,21,126.1,1
25.438176,91.820581,25.2,15,61.1,0
25.427992,91.81521,27.9,10,33.2,0
25.288776,91.740746,8.9,11,30.1,0
25.281001,91.736585,7.1,10,37.1,0
25.47235,91.841413,21.0,12,118.6,0
25.539504,91.855787,28.9,0,1448.5,1
25.379946,91.788867,14.4,15,0.8,0
25.566289,91.885017,21.4,12,85.2,0
25.560552,91.882497,20.8,10,5.5,0
25.299054,91.744915,60.0,9,16.2,0
25.52704,91.865203,19.0,16,39.9,0
25.407558,91.803497,35.5,9,68.3,0
25.519951,91.861511,9.2,12,48.5,0
25.340632,91.765713,32.0,12,127.0,0
25.571198,91.888678,24.7,12,19.5,0
25.409469,91.805061,18.7,16,19.5,0
25.360912,91.779199,20.8,11,89.0,0
25.316397,91.754352,60.0,11,77.7,0
25.492028,91.85182,12.8,17,104.3,0
25.477363,91.843297,26.1,14,30.9,0
25.308322,91.748663,29.0,15,59.1,0
25.406811,91.802779,43.5,12,97.8,0
25.386,91.792032,22.2,17,18.6,0
25.282837,91.737671,41.2,15,10.7,0
25.504254,91.85462,23.9,9,111.7,0
25.404378,91.801676,19.7,23,300.0,1
25.47221,91.839299,18.4,16,79.5,0
25.506924,91.856971,108.2,20,20.8,1
25.312878,91.750712,24.8,9,86.3,0
25.37468,91.785716,18.3,12,21.2,0
25.360794,91.777309,32.8,6,88.5,0
25.488268,91.849204,24.3,8,16.2,0
25.557275,91.880684,15.1,9,21.7,0
25.431043,91.818217,19.9,12,94.5,0
25.406086,91.802749,8.0,9,61.5,0
25.458614,91.833091,15.5,10,51.4,0
25.571173,91.888567,11.8,16,28.7,0
25.327242,91.760108,13.6,9,51.5,0
25.394357,91.796422,32.5,16,43.1,0
25.336093,91.765162,28.6,13,64.8,0
25.407514,91.804047,9.2,14,12.4,0
25.5098,91.857214,14.6,15,73.0,0
25.339578,91.766983,29.7,9,53.6,0
25.547634,91.875089,32.1,9,44.6,0
25.39367,91.796592,6.9,15,10.5,0
25.33351,91.762617,12.2,15,43.2,0
25.292709,91.743084,29.1,14,87.8,0
25.538778,91.869554,24.1,8,4.4,0
25.564307,91.884061,44.0,16,62.0,0
25.541154,91.870123,16.6,8,54.8,0
25.309437,91.749516,19.8,10,23.4,0
25.298682,91.736863,0.8,2,816.6,1
25.284176,91.738178,34.6,11,20.5,0
25.313363,91.751907,22.0,10,3.7,0
25.390485,91.794258,11.8,12,44.3,0
25.392855,91.795827,22.9,14,19.8,0
25.569657,91.88769,9.0,13,24.8,0
25.46991,91.838692,24.1,8,14.3,0
25.277915,91.736127,13.6,14,57.4,0
25.559989,91.882019,13.2,10,7.6,0
25.508658,91.857105,16.1,8,37.0,0
25.335696,91.764631,8.5,9,34.6,0
25.359701,91.777441,40.4,10,16.6,0
25.386396,91.792863,10.3,11,40.9,0
25.413504,91.807371,118.3,9,12.8,1
25.442684,91.82331,21.8,11,39.2,0
25.553163,91.876736,10.1,14,117.3,0
25.355097,91.774948,26.2,13,10.3,0
25.346201,91.768887,21.6,15,119.2,0
25.403993,91.802871,39.8,14,63.4,0
25.2796,91.735385,22.0,14,94.9,0
25.283733,91.739266,18.0,13,110.3,0
25.293684,91.742342,60.0,14,32.0,0
25.321394,91.755955,15.8,10,36.5,0
25.36,91.776997,21.2,11,76.0,0
25.307741,91.749224,12.2,12,24.4,0
25.38873,91.793507,7.9,9,22.5,0
25.28379,91.738334,15.5,15,13.0,0
25.370312,91.783121,18.3,10,37.6,0
25.584308,91.89178,14.6,11,715.2,1
25.36748,91.781795,43.5,13,13.5,0
25.359311,91.777377,33.8,17,1.7,0
25.4606,91.833051,18.9,14,59.9,0
25.403864,91.801524,28.5,15,60.5,0
25.522784,91.863354,21.8,10,24.9,0
25.541943,91.871534,30.1,16,34.1,0
25.439479,91.822529,49.7,13,58.0,0
25.561088,91.881863,15.4,9,85.8,0
25.477486,91.844195,22.8,8,111.6,0
25.448672,91.825967,46.1,10,104.5,0
25.478532,91.844502,16.7,13,85.0,0
25.392046,91.786156,12.9,2,917.2,1
25.290531,91.740946,27.3,15,29.7,0
25.299515,91.745274,2.2,10,0.8,0
25.356662,91.776494,16.7,9,55.5,0
25.271386,91.732794,29.9,10,17.3,0
25.399356,91.800278,42.0,14,61.9,0
25.577398,91.891593,32.1,13,99.3,0
25.338324,91.765971,31.4,17,22.9,0
25.516582,91.860301,32.8,16,34.3,0
25.452076,91.830107,18.4,8,114.5,0
25.380032,91.788988,27.8,9,7.9,0
25.507031,91.857703,23.6,12,92.1,0
25.537554,91.86966,43.0,12,66.0,0
25.486433,91.848383,6.9,10,35.5,0
25.485815,91.847347,35.5,14,32.0,0
25.549849,91.874654,10.1,10,124.4,0
25.277521,91.735042,24.4,10,34.7,0
25.437074,91.820419,12.8,11,17.3,0
25.523598,91.863508,83.6,20,7.1,1
25.416783,91.809189,8.5,10,13.1,0
25.330613,91.757715,7.1,16,363.6,1
25.299089,91.744808,23.1,15,28.7,0
25.394887,91.796766,48.5,9,38.3,0
25.522347,91.862684,32.8,8,26.4,0
25.35613,91.775969,35.5,9,33.2,0
25.556828,91.879856,5.7,15,31.4,0
25.458027,91.831548,20.5,13,67.0,0
25.478758,91.840344,15.3,8,331.9,1
25.307139,91.747937,130.3,18,78.8,1
25.283628,91.746137,0.8,4,812.6,1
25.456182,91.830763,12.9,17,43.7,0
25.413847,91.806569,8.0,11,109.3,0
25.300748,91.744961,32.7,7,88.8,0
25.434892,91.819143,13.6,14,23.5,0
25.454469,91.830439,144.4,4,17.4,1
25.280269,91.736471,30.7,10,15.3,0
25.560804,91.882815,18.2,15,21.2,0
25.450097,91.827574,9.2,13,25.0,0
25.331565,91.761379,12.8,7,58.5,0
25.576125,91.906515,28.1,2,1518.9,1
25.574845,91.89123,3.4,16,13.3,0
25.481267,91.845102,16.5,11,4.6,0
25.400901,91.800723,45.8,13,21.6,0
25.546274,91.872792,108.0,18,95.8,1
25.274606,91.727993,0.1,3,617.2,1
25.552725,91.878362,12.2,9,62.9,0
25.540098,91.869726,6.5,16,32.4,0
25.441527,91.822375,10.7,10,67.6,0
25.436246,91.82063,27.1,8,48.0,0
25.280909,91.735903,124.0,6,102.1,1
25.560467,91.882312,60.0,14,7.3,0
25.362688,91.77886,13.1,13,40.0,0
25.511806,91.858107,15.8,16,63.6,0
25.515005,91.86028,24.9,13,28.7,0
25.474128,91.841351,35.0,6,16.4,0
25.297609,91.745063,8.7,12,64.9,0
25.417332,91.809357,12.4,9,26.5,0
25.507513,91.857407,22.0,13,41.6,0
25.360275,91.778574,46.0,14,62.6,0
25.323231,91.757547,24.3,17,19.2,0
25.391087,91.795177,12.8,17,12.5,0
25.39195,91.795612,45.1,13,8.2,0
25.30403,91.748059,19.1,18,75.6,0
25.296715,91.74417,16.9,11,15.0,0
25.295583,91.743804,2.7,10,29.7,0
25.457735,91.832498,12.6,10,41.2,0
25.456412,91.830518,22.7,10,79.9,0
25.316067,91.752376,54.1,13,96.8,0
25.535162,91.868331,14.6,7,27.5,0
25.447099,91.825598,16.4,7,55.3,0
25.57378,91.883042,21.6,14,705.1,1
25.460713,91.833432,53.9,10,29.0,0
25.560663,91.882435,39.1,13,6.8,0
25.3449,91.76951,6.5,14,11.8,0
25.303009,91.747257,17.6,15,40.9,0
25.337378,91.765078,32.9,14,12.8,0
25.575886,91.891436,6.4,13,27.1,0
25.465963,91.836725,19.8,9,7.7,0
25.492283,91.850977,7.4,12,6.6,0
25.508672,91.857922,20.2,11,46.8,0
25.546587,91.873327,9.2,17,62.8,0
25.497693,91.853931,24.7,6,88.3,0
25.347806,91.770524,60.0,10,46.6,0
25.529795,91.866069,11.7,18,15.6,0
25.427844,91.816107,5.2,10,62.1,0
25.565297,91.885831,32.9,13,49.5,0
25.577134,91.892388,56.5,7,8.4,0
25.384269,91.791013,20.7,12,24.1,0
25.417785,91.809848,30.2,13,3.2,0
25.281753,91.736635,16.1,11,66.4,0
25.27689,91.734554,18.0,7,55.5,0
25.378807,91.788412,27.0,9,18.1,0
25.3561,91.775707,41.9,12,9.4,0
25.321721,91.756138,20.8,11,36.3,0
25.477695,91.842463,21.6,14,68.2,0
25.367527,91.781042,14.0,8,89.3,0
25.335053,91.76377,18.5,14,14.4,0
25.523145,91.862466,8.3,10,81.9,0
25.300283,91.745486,10.5,12,14.4,0
25.524432,91.863937,26.9,6,17.0,0
25.375822,91.786024,34.8,8,53.0,0
25.288484,91.739945,19.0,11,37.9,0
25.403293,91.801728,19.4,11,9.8,0
25.45896,91.832833,24.9,11,7.5,0
25.408709,91.804281,7.3,10,54.3,0
25.574505,91.902585,11.9,10,1135.8,1
25.390168,91.794865,27.3,13,31.9,0
25.526176,91.864727,10.7,8,26.5,0
25.400503,91.800255,16.7,11,2.4,0
25.564152,91.884053,125.6,6,53.8,1
25.464696,91.836204,45.6,17,25.4,0
25.531103,91.866332,20.8,14,11.2,0
25.428314,91.815406,6.1,16,31.5,0
25.459874,91.833552,36.6,8,28.1,0
25.50852,91.85721,10.2,11,20.4,0
25.555442,91.879477,34.3,16,12.4,0
25.329628,91.760992,25.3,11,8.5,0
25.468072,91.838461,19.4,13,62.6,0
25.420053,91.810928,15.1,18,20.7,0
25.421644,91.81135,11.0,15,65.6,0
25.522096,91.862499,130.1,10,35.0,1
25.524986,91.863495,13.2,10,51.7,0
25.438007,91.821386,4.6,9,26.4,0
25.425282,91.814559,19.4,10,49.9,0
25.373338,91.785683,60.0,14,48.2,0
25.496799,91.852448,20.3,16,28.1,0
25.489007,91.849257,17.1,14,18.7,0
25.387182,91.792026,27.6,14,83.0,0
25.321753,91.756125,18.7,8,39.4,0
25.333711,91.7621,6.0,14,104.4,0
25.365109,91.780774,14.3,13,15.4,0
25.345902,91.769232,30.7,14,69.4,0
25.478907,91.844579,17.7,12,72.2,0
25.30357,91.747244,35.0,9,13.9,0
25.48209,91.845378,9.9,15,22.1,0
25.575952,91.891989,7.4,9,21.7,0
25.576755,91.89176,33.6,6,46.4,0
25.402785,91.80116,32.1,11,37.7,0
25.403644,91.801608,16.6,13,40.5,0
25.448548,91.827448,28.3,9,46.4,0
25.519062,91.861633,35.2,15,0.9,0
25.307923,91.748588,26.9,9,48.5,0
25.335364,91.766147,30.7,11,200.0,0
25.574488,91.891146,7.2,16,25.9,0
25.560496,91.883143,21.0,8,70.2,0
25.351912,91.773579,32.7,12,28.7,0
25.382858,91.790869,12.7,17,38.2,0
25.449378,91.827948,3.7,11,50.2,0
25.558188,91.881394,110.7,18,36.7,1
25.524173,91.863527,5.1,8,14.7,0
25.461273,91.834478,47.4,9,42.6,0
25.371781,91.783437,3.0,17,86.2,0
25.388673,91.793631,25.6,12,7.4,0
25.361568,91.779241,18.5,13,57.7,0
25.294933,91.743013,32.1,13,21.0,0
25.457314,91.832206,16.4,10,35.5,0
25.566388,91.885472,16.6,11,47.6,0
25.302065,91.746783,6.5,14,35.9,0
25.413569,91.806662,39.2,12,85.3,0
25.31099,91.7508,40.7,9,24.3,0
25.441205,91.822339,9.5,11,53.8,0
25.572855,91.890236,15.9,15,33.3,0
25.339147,91.76618,16.6,15,1.2,0
25.534847,91.867948,5.6,9,0.9,0
25.429889,91.816634,45.5,14,2.8,0
25.316507,91.753488,16.8,12,12.3,0
25.500915,91.854216,14.5,10,15.5,0
25.284755,91.739089,11.6,13,45.6,0
25.38999,91.794538,23.4,11,9.7,0
25.309481,91.749321,20.2,9,45.2,0
25.445776,91.825941,16.1,14,49.7,0
25.307452,91.749005,22.3,8,15.4,0
25.53504,91.867646,17.5,11,38.2,0
25.550027,91.876363,12.5,8,28.0,0
25.46779,91.838022,22.3,14,35.1,0
25.351394,91.773142,45.3,8,14.2,0
25.273612,91.734531,53.3,11,92.0,0
25.435144,91.820264,45.0,12,72.0,0
25.365875,91.779963,39.5,13,105.0,0
25.30968,91.749832,40.8,10,2.4,0
25.390376,91.794578,119.8,22,7.3,1
25.272507,91.733568,38.5,13,44.7,0
25.510986,91.858972,6.6,11,59.7,0
25.571013,91.888428,27.1,6,32.6,0
25.39769,91.798581,31.7,13,13.2,0
25.340932,91.766803,46.5,10,37.2,0
25.298837,91.745617,17.8,15,65.0,0
25.278532,91.736679,17.3,16,85.3,0
25.309612,91.749718,24.7,15,10.9,0
25.534541,91.866849,20.6,14,100.0,0
25.418071,91.809587,46.8,10,44.1,0
25.498296,91.854243,43.9,12,95.6,0
25.298743,91.745017,12.1,15,8.4,0
25.499789,91.853268,38.5,12,66.9,0
25.271093,91.731503,25.6,14,100.4,0
25.325222,91.759642,60.0,11,115.3,0
25.394508,91.796727,57.0,18,21.6,0
25.344039,91.769648,29.7,16,71.7,0
25.336688,91.764316,30.0,14,49.7,0
25.45076,91.82861,43.5,12,39.8,0
25.292332,91.742444,53.8,13,40.0,0
25.384221,91.79045,40.5,7,76.2,0
25.41351,91.80861,25.1,11,107.5,0
25.332479,91.762366,31.9,14,12.0,0
25.355561,91.776837,29.5,16,148.4,0
25.401896,91.801229,21.0,15,17.1,0
25.523078,91.862665,26.0,13,58.6,0
25.287478,91.739948,19.8,14,8.5,0
25.289617,91.741589,14.3,9,77.3,0
25.495927,91.852588,27.8,13,22.5,0
25.301109,91.745716,24.2,9,28.8,0
25.351125,91.772915,38.4,16,6.6,0
25.54716,91.874433,13.7,12,9.5,0
25.518951,91.861713,28.8,13,13.7,0
25.42336,91.794932,10.8,3,1756.0,1
25.408937,91.804582,11.4,15,37.2,0
25.331362,91.76171,37.5,14,15.3,0
25.469796,91.838097,16.8,15,66.0,0
25.553727,91.878271,43.3,11,3.5,0
25.547493,91.873943,20.9,10,56.4,0
25.523996,91.864263,21.8,14,68.7,0
25.300991,91.745154,21.9,16,80.4,0
25.550055,91.874521,25.1,15,149.1,0
25.338494,91.76589,35.3,13,5.8,0
25.516626,91.861391,20.9,14,76.5,0
25.455394,91.83065,48.0,17,12.1,0
25.530441,91.865739,27.6,10,45.2,0
25.47996,91.843595,96.1,8,80.5,1
25.556945,91.880282,37.9,14,2.4,0
25.271563,91.732027,25.5,10,68.7,0
25.350508,91.772846,18.9,14,33.2,0
25.483504,91.845964,21.6,14,41.6,0
25.331853,91.761686,60.0,14,44.2,0
25.366129,91.780982,15.3,8,19.5,0
25.36627,91.782275,14.3,16,98.7,0
25.452769,91.829409,41.8,15,9.0,0
25.509886,91.857594,24.0,11,37.2,0
25.566757,91.886425,21.6,9,21.9,0
25.392289,91.795318,23.8,14,38.8,0
25.399553,91.799713,12.4,16,3.8,0
25.300184,91.745187,23.6,16,40.2,0
25.501007,91.855292,24.3,13,91.9,0
25.57521,91.891934,36.9,13,59.4,0
25.541091,91.87074,48.1,15,7.6,0
25.342002,91.767702,16.6,15,7.5,0
25.445024,91.825914,44.8,14,87.7,0
25.40638,91.803611,29.9,16,6.5,0
25.547671,91.874597,13.5,16,4.4,0
25.570145,91.888366,38.3,8,11.5,0
25.397996,91.799222,16.2,9,32.7,0
25.541545,91.87093,26.8,10,0.5,0
25.344438,91.769123,3.6,15,0.9,0
25.299239,91.746003,25.1,10,85.8,0
25.409222,91.805632,43.3,17,49.5,0
25.324589,91.757598,19.4,18,49.3,0
25.2914,91.741509,39.4,16,12.3,0
25.572045,91.889159,22.3,9,22.5,0
25.344625,91.768504,12.6,14,71.3,0
25.270987,91.732335,22.4,15,11.0,0
25.329431,91.760595,22.1,13,19.5,0
25.366337,91.781571,9.4,12,26.5,0
25.447074,91.826554,22.7,14,39.1,0
25.304332,91.747325,19.8,11,12.6,0
25.351419,91.77313,51.2,14,11.6,0
25.373724,91.785201,4.7,16,19.6,0
25.298015,91.745135,16.8,13,53.6,0
25.284606,91.746374,1.2,4,792.0,1
25.493266,91.850836,20.6,10,48.6,0
25.403779,91.802457,8.5,14,34.8,0
25.341814,91.768372,27.5,11,67.9,0
25.439566,91.821423,54.2,8,54.3,0
25.481742,91.845908,41.4,7,48.2,0
25.286805,91.739058,20.8,8,51.2,0
25.439923,91.821637,5.5,13,52.8,0
25.313192,91.751655,8.4,9,11.5,0
25.443248,91.824873,54.0,11,82.3,0
25.359438,91.777071,24.5,13,38.4,0
25.43275,91.817459,9.4,16,71.6,0
25.45265,91.829727,15.0,15,46.5,0
25.284063,91.737863,97.5,1,47.2,1
25.545253,91.87211,60.0,11,101.8,0
25.343508,91.768869,18.1,10,24.7,0
25.409207,91.804634,10.1,14,46.8,0
25.39729,91.799654,32.4,16,112.8,0
25.324948,91.75934,17.1,15,100.8,0
25.36185,91.778656,47.2,14,14.6,0
25.345228,91.769909,13.7,11,32.9,0
25.324538,91.758354,46.4,11,27.0,0
25.320672,91.759946,1.0,3,390.9,1
25.414876,91.808344,35.2,9,7.8,0
25.552144,91.877174,36.7,14,16.8,0
25.318086,91.75462,22.9,13,12.4,0
25.313581,91.751936,24.9,15,5.2,0
25.484408,91.846192,19.0,17,68.2,0
25.57284,91.890329,8.6,15,43.0,0
25.36656,91.780602,22.3,12,79.8,0
25.425052,91.814366,22.2,13,43.6,0
25.446546,91.825766,60.0,12,9.0,0
25.315484,91.752566,26.6,15,46.8,0
25.546559,91.874462,21.7,6,46.9,0
25.567492,91.887607,20.1,13,92.1,0
25.296544,91.744455,24.7,15,51.8,0
25.45679,91.831576,29.5,9,2.6,0
25.460832,91.834147,16.6,10,34.2,0
25.376301,91.78615,18.4,11,66.5,0
25.54936,91.875742,9.3,16,7.3,0
25.326327,91.75884,8.0,17,22.4,0
25.542231,91.870705,21.4,11,61.4,0
25.28185,91.737412,9.0,14,8.1,0
25.494831,91.852823,28.5,16,92.1,0
25.326601,91.759632,42.9,10,39.8,0
25.318786,91.754025,39.1,12,83.3,0
25.3753,91.787086,14.4,16,78.6,0
25.35514,91.775959,25.9,12,85.7,0
25.505513,91.855969,50.0,13,24.4,0
25.44616,91.825109,13.2,11,52.1,0
25.502901,91.855469,38.3,7,31.9,0
25.431817,91.81753,14.2,16,14.2,0
25.502515,91.854951,48.7,9,5.6,0
25.501895,91.854691,7.2,9,7.0,0
25.312224,91.749959,23.5,9,124.2,0
25.417932,91.80951,24.4,15,44.0,0
25.441619,91.823477,89.8,23,34.6,1
25.458302,91.830288,28.8,16,300.0,1
25.274556,91.7347,39.3,13,66.0,0
25.558801,91.881707,25.3,9,31.2,0
25.509307,91.857939,3.5,11,22.4,0
25.494267,91.852221,43.7,14,53.2,0
25.39576,91.798102,46.8,8,44.5,0
25.526098,91.864267,32.3,15,17.8,0
25.430057,91.817148,8.3,10,43.8,0
25.556176,91.879848,36.8,8,5.5,0
25.361848,91.778511,28.5,10,28.5,0
25.344212,91.768174,4.0,14,81.0,0
25.331273,91.762069,32.6,16,24.4,0
25.274624,91.733829,28.2,16,25.6,0
25.433367,91.818987,26.9,11,43.8,0
25.306725,91.74904,32.9,9,52.1,0
25.476585,91.841704,12.5,14,82.1,0
25.385435,91.788515,20.0,11,330.2,1
25.563039,91.88388,10.7,15,6.2,0
25.527017,91.864442,24.7,14,37.8,0
25.445102,91.825379,31.6,13,31.4,0
25.417223,91.807983,12.2,10,154.3,0
25.330353,91.760989,5.6,7,31.0,0
25.5781,91.894531,21.2,11,170.8,0
25.477793,91.843797,7.1,9,56.2,0
25.443903,91.824447,33.3,10,5.6,0
25.299494,91.745438,38.4,9,16.9,0
25.439619,91.822022,32.6,15,1.1,0
25.327497,91.759929,20.4,9,20.3,0
25.411063,91.806324,29.5,11,17.3,0
25.462186,91.835078,26.0,9,51.6,0
25.429299,91.816735,6.9,11,44.6,0
25.421731,91.801773,24.6,8,1002.3,1
25.394025,91.796567,21.7,14,11.0,0
25.351634,91.772691,30.2,15,42.8,0
25.559661,91.882331,9.6,15,41.1,0
25.549812,91.875544,19.3,15,37.6,0
25.367708,91.781624,16.6,12,42.4,0
25.377283,91.787262,26.7,14,11.4,0
25.332123,91.76296,3.8,15,65.1,0
25.48782,91.84932,22.1,17,51.7,0
25.444874,91.825224,26.1,10,28.6,0
25.416749,91.809215,33.9,15,8.8,0
25.404438,91.80292,25.0,16,44.2,0
25.547919,91.874066,8.7,9,69.2,0
25.323725,91.757594,36.2,17,3.0,0
25.405403,91.803197,15.9,16,19.0,0
25.33226,91.76211,7.4,13,25.0,0
25.440126,91.821794,21.1,15,48.5,0
25.419173,91.811028,13.5,7,36.6,0
25.367724,91.782055,16.2,9,1.4,0
25.365133,91.781313,42.8,9,66.5,0
25.473393,91.841033,45.1,14,25.3,0
25.503484,91.855403,23.2,9,1.0,0
25.445701,91.823734,13.7,14,300.0,1
25.448622,91.82692,9.4,14,9.0,0
25.331495,91.762229,26.3,8,28.0,0
25.320177,91.756984,27.6,12,129.4,0
25.472273,91.83997,14.6,13,17.7,0
25.426205,91.815621,46.9,9,103.4,0
25.301665,91.74612,132.6,19,13.1,1
25.439677,91.822563,38.0,16,50.6,0
25.294044,91.742535,13.5,15,28.9,0
25.340796,91.767044,20.9,9,6.3,0
25.468098,91.837932,22.8,12,9.7,0
25.28793,91.739836,23.2,14,23.6,0
25.422568,91.811019,8.9,16,147.8,0
25.542606,91.870558,16.6,17,97.1,0
25.282311,91.737961,37.2,10,42.8,0
25.37503,91.786663,127.8,18,52.1,1
25.403515,91.80137,12.3,8,56.7,0
25.313706,91.751623,14.9,14,42.4,0
25.416399,91.809842,27.7,13,71.2,0
25.563405,91.884457,10.0,15,27.7,0
25.52256,91.863506,8.3,11,49.8,0
25.360842,91.777937,19.2,16,30.1,0
25.303379,91.746881,33.4,9,14.1,0
25.311352,91.750594,4.5,11,15.3,0
25.373977,91.786173,15.5,10,61.3,0
25.445332,91.825969,50.3,9,76.4,0
25.339972,91.766716,6.7,16,6.3,0
25.391305,91.795281,20.1,10,10.9,0
25.519573,91.86211,20.6,10,29.1,0
25.499321,91.854144,41.4,11,42.9,0
25.331664,91.762153,16.1,10,11.4,0
25.385075,91.790249,20.0,8,142.0,0
25.539756,91.870019,32.1,13,12.1,0
25.30351,91.729382,20.5,21,1796.6,1
25.537419,91.869595,16.3,9,64.8,0
25.546075,91.873474,7.3,8,19.3,0
25.517078,91.861018,42.3,16,19.3,0
25.446104,91.825494,20.2,17,11.7,0
25.448241,91.826975,27.3,9,17.0,0
25.284512,91.738905,33.1,12,38.0,0
25.393653,91.796436,60.0,10,3.6,0
25.285882,91.739285,5.8,11,14.0,0
25.487653,91.848386,13.0,17,30.1,0
25.509594,91.857064,34.2,14,80.0,0
25.398098,91.799845,16.6,10,87.7,0
25.301158,91.737895,1.8,3,824.9,1
25.348954,91.772761,19.1,18,109.0,0
25.355468,91.775488,12.1,9,22.2,0
25.437555,91.820987,25.6,13,12.0,0
25.507724,91.857677,48.0,10,60.7,0
25.549449,91.875584,33.2,10,12.8,0
25.423252,91.813772,25.1,14,83.1,0
25.497335,91.852512,60.0,7,43.6,0
25.475476,91.842453,15.1,15,50.8,0
25.556881,91.879977,14.0,9,22.9,0
25.271225,91.73192,24.9,15,64.1,0
25.559788,91.882582,13.0,11,57.6,0
25.365408,91.78147,10.3,15,66.9,0
25.294231,91.743607,8.4,10,71.4,0
25.401266,91.800072,24.9,11,61.4,0
25.492516,91.85048,9.4,14,54.4,0
25.295538,91.743857,23.0,8,37.0,0
25.415079,91.808071,36.7,11,29.8,0
25.4513,91.827783,12.5,16,69.8,0
25.493968,91.850436,13.6,9,118.9,0
25.457559,91.823926,26.8,22,783.5,1
25.325536,91.759363,22.5,13,71.2,0
25.535719,91.869498,36.7,12,125.1,0
25.449471,91.827395,17.1,18,8.7,0
25.506473,91.856317,19.6,15,28.2,0
25.397247,91.798024,14.6,14,43.4,0
25.550184,91.875886,5.9,15,26.5,0
25.528672,91.865476,11.9,14,0.8,0
25.362928,91.780183,25.8,15,75.8,0
25.442407,91.823775,28.1,15,21.0,0
25.524252,91.86406,18.2,15,37.1,0
25.340042,91.766589,7.4,11,9.9,0
25.327451,91.760472,8.5,6,75.6,0
25.381958,91.790731,45.8,7,73.4,0
25.287236,91.73939,10.3,14,37.2,0
25.272546,91.733503,15.4,13,36.3,0
25.44929,91.828264,12.7,9,85.7,0
25.462501,91.833666,39.8,10,102.8,0
25.50698,91.857214,43.4,9,43.6,0
25.480463,91.843255,18.4,9,140.8,0
25.410297,91.805207,10.5,10,49.9,0
25.403269,91.801954,16.1,14,13.4,0
25.358293,91.777914,33.3,12,105.5,0
25.413754,91.807081,45.3,11,54.5,0
25.339797,91.766944,48.9,9,38.0,0
25.508881,91.857369,29.1,11,18.9,0
25.440491,91.822169,48.1,16,31.7,0
25.351428,91.773276,15.1,16,25.4,0
25.440848,91.821969,24.1,15,70.5,0
25.493532,91.85114,39.8,14,28.2,0
25.574295,91.891075,11.9,14,30.2,0
25.550065,91.876104,37.7,8,1.1,0
25.512872,91.858592,19.2,8,57.6,0
25.28705,91.740501,33.0,9,84.1,0
25.494726,91.851661,13.5,12,23.8,0
25.395389,91.796582,32.6,14,83.3,0
25.38343,91.792019,3.2,13,119.1,0
25.305855,91.747527,20.2,15,61.7,0
25.472876,91.83949,10.7,14,97.0,0
25.36848,91.782477,27.4,16,1.2,0
25.545411,91.873325,22.6,10,4.8,0
25.358705,91.777941,35.6,14,85.9,0
25.334915,91.763647,11.9,11,19.0,0
25.329968,91.762404,10.7,10,127.5,0
25.329362,91.760725,30.7,17,3.0,0
25.317847,91.754291,16.6,13,6.7,0
25.475868,91.842161,27.2,15,1.1,0
25.270341,91.732221,23.5,13,6.9,0
25.507849,91.856622,26.0,15,53.6,0
25.27108,91.731868,11.5,10,62.7,0
25.56012,91.882131,39.3,10,4.4,0
25.276059,91.730822,1.9,4,396.3,1
25.339567,91.765526,8.9,8,87.6,0
25.402987,91.802702,15.4,10,101.5,0
25.423041,91.812483,7.4,13,30.9,0
25.561598,91.882716,14.7,17,33.9,0
25.273598,91.733165,10.3,15,46.1,0
25.57728,91.89206,23.6,15,47.9,0
25.346737,91.770157,30.7,16,24.6,0
25.469863,91.838443,30.3,13,36.0,0
25.465389,91.836872,8.9,14,53.0,0
25.472106,91.839595,23.1,8,45.1,0
25.406846,91.80396,33.5,17,15.2,0
25.27584,91.730227,0.4,4,446.7,1
25.407316,91.804034,29.5,13,3.0,0
25.489735,91.850231,31.1,10,36.8,0
25.533774,91.868092,7.7,12,60.2,0
25.540431,91.869538,21.4,16,68.9,0
25.303336,91.747272,37.5,15,27.5,0
25.438866,91.822592,27.3,10,97.3,0
25.422429,91.813148,48.1,15,66.9,0
25.573001,91.890157,46.1,14,17.4,0
25.433455,91.818214,5.9,13,36.2,0
25.442602,91.824014,26.6,16,33.6,0
25.365017,91.7806,34.5,11,3.4,0
25.289241,91.740563,13.2,12,9.7,0
25.531726,91.866411,19.5,14,28.9,0
25.540366,91.870568,17.2,13,33.0,0
25.396789,91.797663,48.3,14,53.8,0
25.505003,91.856206,11.7,11,21.1,0
25.288069,91.740695,12.4,9,57.2,0
25.423145,91.813779,38.9,14,89.6,0
25.4905,91.851028,23.1,13,85.6,0
25.564199,91.884078,17.8,13,54.2,0
25.461218,91.834231,20.1,9,21.5,0
25.378702,91.787639,40.7,8,51.4,0
25.483408,91.845557,34.3,9,75.9,0
25.355739,91.774536,16.1,8,85.1,0
25.565076,91.883915,18.3,11,120.2,0
25.414165,91.808324,11.3,10,44.2,0
25.276684,91.735031,13.8,14,2.4,0
25.518147,91.861169,36.6,11,9.3,0
25.414178,91.807969,20.6,9,9.0,0
25.373929,91.785543,37.6,14,2.6,0
25.547698,91.874583,40.4,8,7.3,0
25.284422,91.738936,40.9,14,45.3,0
25.41505,91.808163,60.0,10,19.3,0
25.541248,91.870446,27.3,10,29.5,0
25.433531,91.818153,49.6,8,46.3,0
25.466464,91.837266,18.6,7,33.3,0
25.564014,91.884418,16.2,14,11.1,0
25.345484,91.768949,35.8,15,74.3,0
25.574735,91.89146,12.3,14,41.6,0
25.57709,91.893149,21.7,8,66.7,0
25.571259,91.888624,34.0,15,28.2,0
25.537304,91.868716,30.4,8,21.2,0
25.416409,91.809776,24.5,10,64.2,0
25.437732,91.821016,14.8,14,5.3,0
25.356085,91.775471,14.0,14,12.9,0
25.28508,91.739832,6.9,11,106.2,0
25.521519,91.863491,22.7,14,91.3,0
25.391284,91.795266,15.1,9,10.6,0
25.334526,91.762952,26.7,14,65.6,0
25.568258,91.886843,29.1,15,24.9,0
25.489366,91.849553,23.4,14,9.2,0
25.361028,91.777952,16.5,8,38.7,0
25.426631,91.815079,9.2,9,27.7,0
25.393698,91.797008,18.7,16,49.5,0
25.376024,91.786912,59.5,10,22.6,0
25.274376,91.733665,7.2,11,30.9,0
25.427677,91.815136,29.4,11,23.4,0
25.3794,91.787667,18.4,9,86.5,0
25.370825,91.787251,29.8,11,336.6,1
25.285903,91.73831,12.0,12,85.9,0
25.501366,91.854749,10.8,10,21.0,0
25.448615,91.827171,10.2,15,15.9,0
25.504332,91.854929,5.3,10,83.0,0
25.576619,91.892137,20.7,15,2.5,0
25.395259,91.797859,11.1,10,48.0,0
25.369456,91.782906,9.8,10,12.1,0
25.511721,91.858174,4.8,16,53.2,0
25.392085,91.795088,31.4,14,50.1,0
25.420988,91.811449,26.5,14,20.5,0
25.417976,91.809954,12.0,14,3.2,0
25.46092,91.834024,24.5,18,17.5,0
25.308868,91.749563,35.2,11,7.3,0
25.285151,91.743577,0.1,2,483.2,1
25.462816,91.835716,37.8,10,79.6,0
25.359322,91.777367,60.0,9,3.3,0
25.413075,91.807296,12.6,15,3.1,0
25.546111,91.873424,39.3,12,26.2,0
25.36454,91.778919,17.2,11,134.4,0
25.559093,91.88135,7.1,13,19.7,0
25.48045,91.845225,4.0,11,51.6,0
25.455841,91.831193,41.2,13,16.5,0
25.354701,91.775269,21.2,14,42.3,0
25.398347,91.799053,9.3,9,2.8,0
25.448522,91.82705,20.2,10,9.1,0
25.284122,91.738912,14.4,9,56.6,0
25.502225,91.855371,34.9,14,49.7,0
25.404854,91.803648,22.2,11,92.5,0
25.308002,91.748345,15.6,16,76.7,0
25.38793,91.792772,31.5,11,50.9,0
25.577021,91.892191,24.2,12,20.6,0
25.530884,91.866623,19.5,10,27.9,0
25.279769,91.737147,4.0,8,76.3,0
25.376343,91.7865,15.6,17,34.8,0
25.315639,91.753929,19.9,13,77.5,0
25.272704,91.733544,24.3,11,33.2,0
25.39321,91.795255,12.4,13,94.6,0
25.317399,91.754556,27.8,12,43.3,0
25.316603,91.754368,38.2,14,68.1,0
25.275356,91.734921,7.9,10,51.8,0
25.317244,91.753999,32.3,9,2.5,0
25.418589,91.810554,44.0,12,22.1,0
25.49331,91.851211,4.6,15,11.6,0
25.299452,91.738199,0.8,1,716.1,1
25.508313,91.857282,9.5,11,4.5,0
25.562041,91.882143,20.4,12,114.1,0
25.420601,91.811766,24.3,14,31.2,0
25.543721,91.871561,42.7,10,65.8,0
25.442433,91.823298,82.0,3,26.8,1
25.360442,91.778077,56.6,14,5.2,0
25.371997,91.784918,60.0,8,46.3,0
25.39895,91.800289,18.1,8,84.9,0
25.394103,91.796582,8.0,10,13.8,0
25.473805,91.841198,21.8,12,18.9,0
25.293113,91.742035,5.7,15,37.2,0
25.509099,91.857935,26.5,8,30.6,0
25.493763,91.851556,9.5,9,5.2,0
25.501753,91.854766,16.3,10,6.7,0
25.547899,91.875027,38.6,11,23.4,0
25.489249,91.849271,47.0,15,30.3,0
25.302093,91.740053,0.7,23,648.6,1
25.562102,91.884469,27.1,9,103.9,0
25.418289,91.809649,12.2,9,49.8,0
25.489775,91.850232,12.3,13,34.8,0
25.550022,91.876562,18.5,16,47.3,0
25.455621,91.830776,4.5,10,12.1,0
25.408929,91.805342,24.2,18,37.1,0
25.490588,91.850912,8.5,15,70.0,0
25.51479,91.860266,19.9,15,36.1,0
25.517465,91.860159,36.3,10,85.5,0
25.498295,91.85246,8.8,13,88.7,0
25.4835,91.847014,28.5,9,60.8,0
25.535298,91.868873,10.1,9,77.9,0
25.473318,91.841143,14.0,10,40.0,0
25.47549,91.840727,45.3,15,118.0,0
25.392564,91.795901,23.2,21,300.0,1
25.577012,91.892886,15.1,18,46.0,0
25.324917,91.75854,50.8,15,24.6,0
25.570669,91.888992,28.3,17,40.9,0
25.514655,91.860108,18.9,17,25.4,0
25.373952,91.785639,9.2,10,10.8,0
25.309704,91.749768,28.8,16,10.0,0
25.327891,91.759484,53.1,15,44.4,0
25.305598,91.747346,32.8,7,68.3,0
25.42457,91.814201,21.8,9,53.6,0
25.433616,91.818131,8.8,12,53.0,0
25.551489,91.877583,43.7,10,59.9,0
25.353274,91.773293,26.2,10,72.8,0
25.384498,91.791473,12.7,6,8.3,0
25.448791,91.826609,19.2,11,48.4,0
25.570275,91.886873,5.7,12,138.2,0
25.283837,91.738022,15.8,15,20.7,0
25.379341,91.788389,35.7,11,13.1,0
25.321904,91.756968,11.0,13,34.5,0
25.525954,91.864815,21.2,9,44.8,0
25.521689,91.862298,16.5,15,39.1,0
25.486298,91.847346,129.6,18,58.1,1
25.33919,91.765371,57.7,10,82.3,0
25.528701,91.865721,26.9,8,24.9,0
25.465306,91.836271,29.5,14,1.0,0
25.478967,91.843267,27.1,15,58.7,0
25.472559,91.840787,27.7,11,46.4,0
25.465629,91.837468,19.5,9,98.0,0
25.333469,91.763508,128.1,5,45.7,1
25.526801,91.864691,18.3,16,3.1,0
25.363535,91.77962,9.1,8,11.8,0
25.545697,91.873669,17.4,16,21.1,0
25.450636,91.828614,20.7,13,47.0,0
25.336907,91.765031,28.0,13,8.1,0
25.360147,91.778052,21.4,16,18.7,0
25.570815,91.890029,16.6,10,131.2,0
25.283674,91.744909,0.0,23,685.8,1
25.370775,91.783881,30.4,11,11.4,0
25.562837,91.883995,10.1,13,16.5,0
25.41409,91.808942,31.2,11,108.4,0
25.560596,91.883389,29.6,7,87.9,0
25.500368,91.855102,23.6,15,98.7,0
25.448041,91.826996,24.5,9,29.9,0
25.377808,91.788477,120.0,20,78.4,1
25.384383,91.790889,20.9,8,42.4,0
25.432652,91.817776,29.7,9,35.4,0
25.500955,91.854643,4.6,10,27.0,0
25.288796,91.740178,10.0,17,28.5,0
25.556898,91.880914,15.2,16,65.4,0
25.334258,91.764162,19.8,12,66.7,0
25.349634,91.771455,26.0,11,54.9,0
25.409705,91.805308,33.1,12,8.1,0
25.448541,91.827651,7.5,13,66.5,0
25.39463,91.797051,20.2,16,3.3,0
25.459615,91.833302,28.4,8,17.7,0
25.544461,91.872895,32.0,9,18.6,0
25.284934,91.73947,11.8,21,300.0,1
25.464324,91.835948,8.4,16,20.6,0
25.363525,91.779467,9.8,16,26.2,0
25.435102,91.819162,15.1,9,33.0,0
25.470257,91.838353,38.2,16,66.0,0
25.5206,91.862121,26.6,7,12.3,0
25.431982,91.817776,32.9,11,0.8,0
25.486776,91.848932,2.9,8,70.4,0
25.414794,91.808627,6.9,10,39.8,0
25.284471,91.737997,60.0,13,52.3,0
25.457988,91.833201,18.3,9,95.9,0
25.539986,91.870625,13.2,15,60.3,0
25.301188,91.739015,1.5,22,712.6,1
25.28895,91.740593,130.9,10,6.6,1
25.507109,91.857106,30.8,9,27.1,0
25.344315,91.769951,1.8,15,86.3,0
25.489438,91.849562,19.7,12,12.2,0
25.385811,91.792127,33.5,8,1.0,0
25.44437,91.824874,22.6,14,21.8,0
25.52492,91.863877,11.5,14,9.4,0
25.339576,91.76609,56.9,8,33.3,0
25.45201,91.829557,28.6,10,64.5,0
25.575771,91.892499,41.8,11,80.8,0
25.343831,91.769126,20.3,15,32.1,0
25.294176,91.742388,23.4,8,49.9,0
25.469473,91.839112,32.0,16,50.2,0
25.31952,91.754997,19.5,9,28.4,0
25.347245,91.771588,17.3,11,87.2,0
25.362493,91.778806,16.0,16,34.7,0
25.431108,91.81783,22.9,13,53.4,0
25.555042,91.878807,52.8,14,28.3,0
25.525164,91.863363,28.5,18,72.6,0
25.523394,91.863683,15.1,17,33.6,0
25.39775,91.799257,6.9,15,49.3,0
25.274933,91.734136,20.1,13,8.5,0
25.323115,91.757137,13.7,15,14.5,0
25.500824,91.853939,14.1,15,40.4,0
25.314825,91.752787,51.8,10,10.3,0
25.334848,91.764487,46.2,11,66.4,0
25.569175,91.887724,41.8,9,6.2,0
25.324273,91.757581,15.6,11,33.9,0
25.436753,91.820421,14.3,13,0.2,0
25.36855,91.782625,33.0,11,9.4,0
25.46047,91.833317,39.5,14,27.0,0
25.273814,91.729935,1.5,1,383.8,1
25.46083,91.834064,60.0,13,26.3,0
25.326812,91.759695,18.8,13,34.6,0
25.576789,91.892069,7.5,11,18.9,0
25.513858,91.859089,33.0,15,46.9,0
25.343963,91.768146,14.9,6,70.3,0
25.402405,91.800679,28.8,16,63.9,0
25.502276,91.855189,20.6,11,28.8,0
25.49972,91.85346,20.6,8,44.3,0
25.545012,91.872287,9.5,14,300.0,1
25.413475,91.807844,27.4,13,34.9,0
25.272049,91.732436,35.1,9,49.3,0
25.572146,91.888449,39.0,13,95.9,0
25.446727,91.826626,14.5,11,64.9,0
25.485866,91.84854,13.4,9,81.4,0
25.462958,91.835242,12.5,14,25.9,0
25.403862,91.801831,24.6,13,30.6,0
25.397823,91.798129,35.9,13,64.4,0
25.357418,91.776164,37.2,6,17.5,0
25.525772,91.86408,30.3,12,23.7,0
25.2909,91.741787,39.1,8,38.8,0
25.411589,91.80732,19.3,10,85.8,0
25.405074,91.80241,12.0,10,39.8,0
25.321381,91.756746,13.8,8,41.2,0
25.577028,91.892412,15.0,14,0.0,0
25.50707,91.851789,12.8,2,520.9,1
25.432564,91.817828,10.4,14,25.6,0
25.422515,91.812118,4.3,15,37.9,0
25.507482,91.857253,29.9,11,26.9,0
25.323361,91.756751,10.5,9,65.4,0
25.283972,91.737165,10.7,14,114.0,0
25.526726,91.86487,17.1,14,18.5,0
25.503495,91.856684,18.4,10,132.9,0
25.55639,91.879922,20.5,16,0.2,0
25.345475,91.770012,14.7,8,29.6,0
25.504677,91.854838,27.0,17,106.8,0
25.45909,91.832351,18.6,15,46.4,0
25.5343,91.869001,20.2,7,132.4,0
25.338143,91.765635,22.6,13,0.0,0
25.442814,91.823993,56.7,7,20.2,0
25.37907,91.788175,15.7,8,19.2,0
25.507371,91.856497,31.3,15,46.7,0
25.534951,91.86768,55.9,16,31.0,0
25.370138,91.783027,27.7,16,37.3,0
25.284494,91.738909,30.8,10,39.3,0
25.512824,91.859038,56.7,15,9.5,0
25.380491,91.789353,32.3,10,18.6,0
25.496437,91.853058,16.6,17,49.9,0
25.445043,91.824442,10.0,12,56.6,0
25.370596,91.782789,3.4,15,85.2,0
25.563886,91.884022,8.3,18,41.4,0
25.319958,91.754584,41.2,12,92.2,0
25.471672,91.840964,11.8,8,111.6,0
25.324509,91.758133,35.6,15,7.1,0
25.290061,91.741117,36.0,15,9.1,0
25.454016,91.829947,19.2,12,6.1,0
25.491373,91.850389,60.0,14,16.6,0
25.354511,91.774482,11.8,14,24.0,0
25.4672,91.837291,6.6,9,4.1,0
25.542497,91.873969,10.3,9,234.1,0
25.291542,91.742259,6.9,14,57.3,0
25.329628,91.760952,23.0,13,4.7,0
25.500795,91.855931,11.2,16,166.7,0
25.352145,91.773224,24.2,9,18.5,0
25.379387,91.7885,24.3,8,4.7,0
25.460197,91.833671,30.0,14,22.3,0
25.459581,91.833764,10.9,10,64.6,0
25.43143,91.817129,20.3,10,32.3,0
25.437342,91.820114,21.4,8,61.5,0
25.308268,91.749506,32.1,12,29.0,0
25.431839,91.81874,55.9,10,102.4,0
25.492001,91.851183,10.9,15,39.5,0
25.29999,91.739573,1.2,3,601.2,1
25.475413,91.841257,14.8,10,62.2,0
25.408424,91.803926,17.9,10,73.3,0
25.468881,91.839026,39.2,9,73.8,0
25.432979,91.81889,42.8,10,55.3,0
25.516965,91.860975,28.6,12,19.6,0
25.441517,91.821781,14.7,9,124.9,0
25.55537,91.879319,23.2,16,1.6,0
25.484265,91.847019,15.5,13,20.0,0
25.52685,91.863886,21.9,9,88.3,0
25.438571,91.821718,22.2,10,28.2,0
25.320559,91.755802,24.4,15,6.3,0
25.34384,91.768982,39.4,17,17.7,0
25.44366,91.825288,13.8,10,100.5,0
25.547298,91.874332,35.2,9,8.1,0
25.429354,91.816979,29.2,16,65.3,0
25.494585,91.852246,7.3,13,42.6,0
25.510469,91.858965,10.5,11,80.3,0
25.493099,91.850942,15.2,16,30.7,0
25.274992,91.734504,26.5,13,26.2,0
25.322625,91.756548,27.8,15,45.3,0
25.282015,91.738202,25.5,11,80.7,0
25.388697,91.793155,31.0,14,55.1,0
25.37237,91.784495,9.9,10,15.1,0
25.453791,91.829963,9.3,15,7.7,0
25.314928,91.752477,4.8,10,25.4,0
25.494006,91.851667,10.9,10,6.7,0
25.460004,91.833785,33.3,14,43.7,0
25.488107,91.84959,22.4,7,62.5,0
25.364291,91.78029,20.3,10,12.5,0
25.569568,91.887475,6.7,11,40.1,0
25.348301,91.770929,16.2,10,34.0,0
25.472221,91.839927,39.7,11,19.1,0
25.445297,91.824623,30.1,8,52.8,0
25.473777,91.826908,22.2,7,1370.1,1
25.563753,91.885158,23.2,12,74.4,0
25.498081,91.85234,15.4,11,92.2,0
25.464291,91.836147,4.9,15,41.8,0
25.342092,91.767995,18.4,8,16.1,0
25.308716,91.74936,24.0,15,6.3,0
25.499778,91.854269,13.7,10,37.0,0
25.496628,91.851535,60.0,10,115.3,0
25.413685,91.807607,23.7,7,0.4,0
25.313122,91.752819,44.0,10,105.5,0
25.312583,91.751957,22.8,14,50.8,0
25.503878,91.856144,11.6,7,61.3,0
25.382098,91.789171,46.4,13,86.0,0
25.422945,91.811674,20.7,9,104.4,0
25.458847,91.833354,23.9,11,64.4,0
25.305459,91.74782,27.0,9,13.9,0
25.448659,91.827471,18.2,9,42.7,0
25.398345,91.799505,27.1,17,41.3,0
25.327587,91.761109,17.2,15,130.2,0
25.290993,91.74153,29.5,12,8.4,0
25.359838,91.777251,27.6,16,42.4,0
25.416503,91.809464,25.6,14,28.7,0
25.32606,91.759145,39.8,9,21.7,0
25.470863,91.839175,27.9,15,18.8,0
25.350886,91.772778,32.5,9,6.2,0
25.443231,91.8234,11.5,8,60.1,0
25.458328,91.831242,19.9,16,113.1,0
25.412202,91.807305,16.6,11,51.2,0
25.275588,91.734208,60.0,8,31.1,0
25.532586,91.86693,6.8,15,10.8,0
25.565635,91.88668,31.6,15,110.8,0
25.361537,91.778336,16.4,10,28.8,0
25.518138,91.8606,27.5,17,67.7,0
25.507078,91.857636,16.7,14,83.2,0
25.278604,91.742951,4.0,19,718.7,1
25.485543,91.847813,24.9,14,28.1,0
25.424661,91.813907,59.8,13,20.1,0
25.552051,91.877315,34.9,8,2.0,0
25.332188,91.761274,21.1,10,102.5,0
25.378132,91.787656,8.3,18,19.0,0
25.550185,91.87707,31.1,15,86.2,0
25.399391,91.79928,28.2,10,37.1,0
25.401269,91.800745,42.2,10,3.8,0
25.411705,91.806331,46.9,15,16.7,0
25.347289,91.770268,40.0,9,43.6,0
25.292772,91.742278,43.5,11,3.1,0
25.528782,91.866383,46.3,10,89.9,0
25.412221,91.80753,37.6,10,72.0,0
25.398629,91.798619,23.0,9,60.3,0
25.298201,91.744672,16.7,10,1.9,0
25.430955,91.818077,49.9,13,85.6,0
25.427295,91.814945,28.5,14,21.3,0
25.438968,91.822236,22.1,12,57.1,0
25.4289,91.816985,17.1,18,90.4,0
25.360095,91.777604,14.8,12,22.1,0
25.336238,91.76456,18.0,13,1.7,0
25.330018,91.760971,7.8,12,14.6,0
25.310105,91.750366,13.5,9,29.9,0
25.504936,91.855808,21.7,11,17.2,0
25.275507,91.729554,1.0,1,499.8,1
25.337395,91.764445,14.2,10,75.3,0
25.379763,91.788678,18.8,14,7.7,0
25.283346,91.737569,42.3,11,44.4,0
25.473728,91.84093,17.6,10,2.9,0
25.318076,91.754885,11.8,14,38.8,0
25.501719,91.855016,25.2,8,33.9,0
25.50671,91.856784,27.2,15,10.3,0
25.574681,91.890147,12.8,14,80.3,0
25.339923,91.767078,23.4,12,44.2,0
25.365334,91.780449,23.0,12,28.4,0
25.480641,91.843906,26.4,17,87.1,0
25.471401,91.839814,10.2,9,14.3,0
25.522289,91.863338,7.3,10,43.6,0
25.528991,91.866204,22.0,10,62.8,0
25.359721,91.779121,41.4,14,145.9,0
25.481241,91.844904,16.9,12,22.3,0
25.38939,91.793885,38.2,7,21.5,0
25.540743,91.871341,22.9,12,84.8,0
25.292585,91.743001,27.5,8,85.0,0
25.486514,91.848886,30.5,16,80.0,0
25.530362,91.866747,18.5,9,62.3,0
25.35729,91.776418,11.4,14,14.2,0
25.291606,91.741652,9.6,15,7.2,0
25.274111,91.729876,0.4,22,403.5,1
25.562111,91.883932,34.3,10,52.3,0
25.367935,91.782497,35.2,9,30.2,0
25.46651,91.837845,19.5,13,87.1,0
25.494702,91.851985,20.4,13,10.8,0
25.400578,91.800082,24.7,18,23.3,0
25.27472,91.733141,19.1,10,99.8,0
25.524394,91.863652,10.3,15,10.9,0
25.523518,91.863886,12.7,10,49.5,0
25.309531,91.749419,14.9,13,37.6,0
25.504308,91.85496,60.0,8,78.9,0
25.522959,91.863766,60.0,10,60.2,0
25.546888,91.873576,22.9,12,56.5,0
25.429884,91.81635,33.6,15,24.5,0
25.311974,91.75062,27.2,7,46.4,0
25.538413,91.86909,23.3,15,28.4,0
25.363633,91.779771,23.7,15,2.5,0
25.467111,91.836632,55.5,14,63.5,0
25.55165,91.892761,14.0,18,1496.1,1
25.394699,91.796785,26.9,9,26.3,0
25.509708,91.858161,10.5,12,28.8,0
25.36318,91.779469,13.4,11,7.3,0
25.415504,91.807632,33.0,13,95.5,0
25.372026,91.78432,6.3,9,13.5,0
25.309743,91.749565,23.7,15,32.4,0
25.388667,91.794127,130.2,18,41.2,1
25.518322,91.861399,23.8,14,7.3,0
25.274533,91.731805,0.6,0,226.8,1
25.515298,91.860488,12.9,14,38.1,0
25.395624,91.797661,6.8,9,8.9,0
25.445999,91.826518,7.9,17,93.7,0
25.290249,91.740984,59.9,15,13.0,0
25.303996,91.746905,4.6,9,39.9,0
25.415878,91.808791,31.0,15,2.9,0
25.465883,91.836346,34.5,10,24.8,0
25.341354,91.768044,15.1,8,60.8,0
25.546348,91.873755,10.6,10,8.3,0
25.291203,91.74167,19.9,11,13.0,0
25.542653,91.871922,20.8,15,30.1,0
25.357814,91.777708,27.1,10,111.4,0
25.284929,91.745526,1.2,1,691.1,1
25.35408,91.774471,29.4,16,1.8,0
25.333905,91.764002,52.4,11,70.2,0
25.414499,91.808416,11.2,14,35.2,0
25.569549,91.886813,14.3,10,102.0,0
25.302297,91.746437,5.3,11,9.8,0
25.568601,91.887335,17.4,15,2.2,0
25.291764,91.741493,41.4,13,30.6,0
25.360511,91.778433,19.4,11,36.1,0
25.286147,91.738413,22.5,17,86.6,0
25.307651,91.749277,24.0,15,33.9,0
25.423612,91.813211,39.5,8,9.1,0
25.565843,91.886536,22.4,13,85.2,0
25.551351,91.875264,24.2,11,153.0,0
25.38224,91.791153,57.9,17,99.3,0
25.45327,91.828619,17.0,11,95.0,0
25.577199,91.892267,24.8,7,23.6,0
25.421757,91.811911,8.1,14,17.1,0
25.371176,91.78361,11.8,16,36.6,0
25.379915,91.789675,11.8,12,81.1,0
25.459569,91.831691,29.1,8,136.6,0
25.498801,91.854044,40.9,15,54.1,0
25.418792,91.81025,8.0,15,18.5,0
25.322372,91.757471,15.8,7,58.2,0
25.512232,91.859759,114.0,7,89.6,1
25.473905,91.841783,29.2,14,70.5,0
25.525919,91.864199,17.3,10,17.5,0
25.274342,91.729991,0.5,23,402.3,1
25.290758,91.740738,21.7,18,61.2,0
25.537335,91.869303,22.3,14,38.1,0
25.573261,91.890321,34.2,12,18.0,0
25.449797,91.827804,25.6,10,13.6,0
25.316425,91.753728,50.9,13,15.5,0
25.281678,91.736387,19.4,7,88.1,0
25.493206,91.851155,22.9,10,13.1,0
25.542166,91.871789,19.8,8,45.5,0
25.359197,91.777839,21.9,7,49.3,0
25.3876,91.792993,134.5,17,11.4,1
25.514619,91.859656,4.2,11,19.8,0
25.43516,91.819441,23.4,14,8.9,0
25.313356,91.752045,6.6,14,17.6,0
25.317588,91.75461,80.6,19,38.3,1
25.281132,91.737718,38.3,12,71.9,0
25.346192,91.769896,134.7,17,20.5,1
25.520636,91.862683,36.9,6,44.3,0
25.555319,91.878291,16.0,15,93.4,0
25.333347,91.762142,11.2,12,80.6,0
25.53879,91.869266,48.6,9,25.8,0
25.379125,91.789249,16.8,10,82.3,0
25.384628,91.791727,28.2,9,26.0,0
25.44838,91.826946,21.3,11,6.7,0
25.466151,91.83677,8.0,17,1.9,0
25.551888,91.877483,17.7,8,27.4,0
25.381076,91.790333,56.4,17,82.3,0
25.273311,91.734002,12.6,14,51.9,0
25.510174,91.857726,43.3,11,35.6,0
25.576648,91.893005,31.0,11,78.4,0
25.568566,91.888547,28.6,16,119.7,0
25.483018,91.85203,17.1,13,574.9,1
25.527056,91.865019,17.2,8,20.3,0
25.471489,91.839296,30.5,11,40.9,0
25.301681,91.746885,13.6,8,63.8,0
25.503906,91.854622,14.6,13,97.2,0
25.281389,91.737083,24.3,8,4.3,0
25.544409,91.872905,18.7,14,22.5,0
25.565155,91.884914,24.7,6,29.7,0
25.406251,91.803178,27.0,16,28.6,0
25.285738,91.74613,0.7,23,715.5,1
25.352626,91.775283,5.3,12,155.8,0
25.406433,91.802341,41.0,16,120.0,0
25.445557,91.825764,60.0,14,44.2,0
25.479784,91.843615,7.7,15,69.0,0
25.40712,91.803926,34.0,16,2.9,0
25.44121,91.822414,12.9,14,46.8,0
25.545814,91.873523,12.0,11,0.4,0
25.474091,91.841715,5.2,12,53.9,0
25.406434,91.8032,7.2,9,36.4,0
25.454484,91.82993,13.0,8,33.0,0
25.361479,91.778904,46.3,8,29.6,0
25.503457,91.856146,10.2,9,78.9,0
25.379464,91.787801,38.2,10,76.9,0
25.329013,91.760996,10.6,13,42.2,0
25.44412,91.825262,21.6,10,73.0,0
25.495804,91.851933,19.4,11,40.2,0
25.371461,91.784448,31.4,12,29.5,0
25.395997,91.796848,29.3,13,90.3,0
25.381206,91.789288,15.8,10,26.4,0
25.319342,91.761083,1.9,22,573.4,1
25.343569,91.768128,15.3,10,50.8,0
25.56494,91.885318,111.7,0,21.2,1
25.410842,91.805954,23.6,8,6.8,0
25.55178,91.875658,44.8,10,140.2,0
25.467362,91.838178,40.0,14,73.4,0
25.576331,91.892222,26.0,10,22.1,0
25.508085,91.858024,28.2,12,81.7,0
25.448431,91.827955,18.2,7,102.1,0
25.416503,91.808184,49.7,8,95.8,0
25.502273,91.854208,14.8,8,72.5,0
25.472662,91.840671,10.3,9,29.6,0
25.475954,91.842123,3.3,10,7.2,0
25.425616,91.814691,26.7,10,44.7,0
25.521939,91.863372,21.5,15,61.7,0
25.422933,91.812193,36.9,10,53.3,0
25.547308,91.874865,24.4,10,42.1,0
25.41282,91.8065,20.7,13,60.5,0
25.302023,91.746836,26.2,10,43.2,0
25.505414,91.855815,28.7,14,36.3,0
25.491806,91.850693,17.8,9,3.1,0
25.37625,91.78643,18.3,11,36.5,0
25.471749,91.843378,28.7,15,342.3,1
25.343663,91.76821,27.3,15,47.8,0
25.529855,91.865396,20.9,8,56.4,0
25.543367,91.870867,9.9,9,111.5,0
25.420911,91.811934,47.0,14,30.9,0
25.550756,91.877739,15.8,8,117.0,0
25.527074,91.865108,3.2,15,28.8,0
25.540834,91.870309,9.8,8,18.7,0
25.495391,91.851322,60.0,13,86.2,0
25.479271,91.842419,12.3,13,157.7,0
25.429605,91.815694,11.2,11,73.3,0
25.471302,91.84005,41.8,15,42.6,0
25.532186,91.867512,29.7,11,65.9,0
25.279782,91.736584,26.1,10,18.5,0
25.360044,91.778499,14.3,9,67.7,0
25.54642,91.873893,22.4,17,0.7,0
25.533894,91.868386,29.0,14,85.6,0
25.49816,91.854236,11.2,9,100.5,0
25.360242,91.778093,36.5,15,17.6,0
25.503326,91.855595,17.7,18,27.4,0
25.474393,91.840575,11.0,14,73.5,0
25.549261,91.875593,13.4,16,1.1,0
25.406824,91.803839,40.5,7,4.7,0
25.399227,91.800172,14.6,15,58.6,0
25.275919,91.734865,22.7,12,20.4,0
25.478426,91.842771,17.0,14,77.8,0
25.279571,91.735514,53.4,9,80.5,0
25.433727,91.818668,19.9,8,6.7,0
25.453104,91.828758,32.2,9,72.4,0
25.42387,91.813151,31.9,14,10.7,0
25.295802,91.744532,28.2,13,93.4,0
25.43303,91.832433,20.1,20,1370.4,1
25.447634,91.826451,32.4,13,1.2,0
25.289194,91.740853,128.9,19,21.9,1
25.536897,91.869233,43.7,10,49.0,0
25.286096,91.739673,5.8,15,43.6,0
25.271502,91.732985,42.8,10,31.3,0
25.299296,91.745772,15.5,14,59.8,0
25.356859,91.776012,27.8,15,2.0,0
25.569212,91.888242,21.1,9,53.4,0
25.383645,91.79116,10.8,9,24.0,0
25.364776,91.780465,17.7,18,3.3,0
25.561217,91.883058,10.9,14,20.6,0
25.415682,91.808489,30.4,11,21.7,0
25.325503,91.758469,14.7,8,14.0,0
25.505064,91.857141,16.9,13,115.3,0
25.38715,91.79457,11.5,8,166.3,0
25.538042,91.869229,42.1,10,1.2,0
25.379249,91.788133,31.9,15,33.0,0
25.426027,91.814932,44.6,10,45.9,0
25.504787,91.855332,23.7,13,60.2,0
25.482339,91.846397,48.6,9,63.6,0
25.393875,91.797688,43.4,13,106.2,0
25.337718,91.76507,27.9,9,32.0,0
25.436712,91.820367,46.6,7,2.8,0
25.525632,91.863671,53.5,15,60.1,0
25.536982,91.868793,28.8,10,0.0,0
25.504399,91.855065,24.7,9,71.8,0
25.341774,91.769007,31.0,12,131.8,0
25.495512,91.852311,6.6,10,11.0,0
25.517821,91.860066,20.2,8,109.8,0
25.417486,91.80997,33.2,16,24.9,0
25.474547,91.840769,19.0,14,62.8,0
25.30569,91.747962,15.0,14,10.0,0
25.410189,91.799696,21.6,14,580.5,1
25.425618,91.814483,33.5,10,24.4,0
25.408481,91.804988,11.7,11,26.9,0
25.483421,91.846955,22.7,10,59.4,0
25.447873,91.826334,42.7,8,25.5,0
25.465697,91.836527,17.5,7,2.8,0
25.513633,91.859721,18.1,10,27.7,0
25.467511,91.837856,11.8,8,34.0,0
25.339708,91.76774,21.7,12,120.2,0
25.485088,91.847833,25.7,14,54.7,0
25.486829,91.848752,18.7,9,50.0,0
25.275033,91.729735,0.1,23,459.8,1
25.509534,91.856196,15.8,16,167.2,0
25.312062,91.751626,33.0,16,46.7,0
25.459115,91.832149,42.6,13,67.4,0
25.333144,91.761891,28.3,14,94.1,0
25.435466,91.819146,60.0,13,54.3,0
25.391123,91.794769,22.7,13,29.2,0
25.457473,91.83181,13.0,15,11.6,0
25.372645,91.785008,18.8,9,19.9,0
25.29196,91.74134,38.2,16,55.0,0
25.355391,91.775517,23.0,9,29.1,0
25.494973,91.85175,5.4,9,24.7,0
25.388914,91.794558,13.9,8,69.7,0
25.363061,91.779551,21.8,11,7.0,0
25.304646,91.747173,16.3,15,42.4,0
25.361302,91.778046,46.4,10,44.3,0
25.341216,91.766628,97.5,10,69.5,1
25.292602,91.742506,26.0,10,34.0,0
25.517164,91.860991,30.4,9,13.0,0
25.533642,91.866685,31.2,8,79.8,0
25.504441,91.85471,12.2,16,110.2,0
25.411225,91.806332,9.6,13,9.3,0
25.575043,91.892269,15.2,9,100.9,0
25.374883,91.786103,99.7,8,5.5,1
25.556707,91.880133,29.9,10,2.0,0
25.558709,91.881093,12.0,12,22.0,0
25.283222,91.737758,27.0,15,19.5,0
25.473904,91.84166,21.1,15,58.6,0
25.417715,91.808666,44.7,9,114.4,0
25.275246,91.730054,0.6,1,437.2,1
25.335465,91.765102,24.2,13,92.9,0
25.315874,91.753644,31.9,15,37.0,0
25.434635,91.819736,25.6,13,48.1,0
25.494307,91.851438,28.0,9,29.4,0
25.352116,91.773893,50.6,11,48.2,0
25.40781,91.803658,41.7,15,66.3,0
25.525859,91.864078,31.0,16,27.5,0
25.52348,91.864739,19.6,15,139.3,0
25.385654,91.791489,22.9,11,52.7,0
25.543183,91.871628,17.2,10,28.4,0
25.375029,91.786534,39.7,14,39.6,0
25.283713,91.738359,15.9,10,19.1,0
25.405362,91.803391,55.6,14,40.1,0
25.309773,91.751115,28.1,18,120.8,0
25.429801,91.816086,3.6,10,45.7,0
25.289797,91.740597,27.5,8,31.6,0
25.403718,91.80183,28.5,14,22.9,0
25.357876,91.775778,21.5,16,79.7,0
25.278922,91.735809,41.5,14,20.9,0
25.408909,91.805358,20.2,8,39.8,0
25.499874,91.853857,30.1,12,9.6,0
25.326919,91.759318,42.9,15,7.9,0
25.398948,91.798926,33.0,9,47.7,0
25.372273,91.784611,85.8,7,1.5,1
25.338766,91.766232,7.9,16,24.5,0
25.379405,91.789567,21.6,14,98.2,0
25.282844,91.737386,39.0,11,40.0,0
25.447442,91.82607,21.4,9,27.9,0
25.501845,91.855397,36.8,11,68.1,0
25.336935,91.764406,55.1,9,54.3,0
25.312791,91.751777,28.3,10,22.1,0
25.507385,91.856308,27.3,13,66.8,0
25.281043,91.737835,28.1,10,87.8,0
25.475081,91.841279,3.9,8,42.2,0
25.427709,91.815739,25.7,10,33.6,0
25.377608,91.787805,14.0,8,23.8,0
25.29329,91.743444,5.8,14,97.8,0
25.556844,91.880222,17.5,12,2.6,0
25.550518,91.877251,25.9,14,84.3,0
25.513194,91.858967,50.8,8,32.1,0
25.369775,91.784301,27.9,18,106.3,0
25.350166,91.772243,21.9,9,7.0,0
25.517501,91.861248,9.8,10,25.6,0
25.415719,91.808676,27.0,15,5.5,0
25.365408,91.78115,9.7,18,35.8,0
25.286305,91.73955,13.6,8,21.6,0
25.444432,91.824395,60.0,15,28.1,0
25.431395,91.817573,19.3,13,12.8,0
25.298621,91.736962,2.0,2,803.7,1
25.320043,91.755356,20.7,10,21.8,0
25.516624,91.861358,17.3,12,73.2,0
25.34638,91.769975,33.1,13,23.0,0
25.51069,91.857962,25.7,14,32.4,0
25.353149,91.775289,38.4,8,128.2,0
25.299932,91.745776,12.2,15,31.1,0
25.494163,91.851909,12.1,12,25.2,0
25.317177,91.754328,42.8,13,33.2,0
25.441421,91.821832,15.3,18,114.8,0
25.431854,91.818174,60.0,8,46.4,0
25.321059,91.756161,46.6,7,1.7,0
25.370782,91.783568,27.2,15,19.4,0
25.429209,91.816744,18.8,17,50.3,0
25.283956,91.739057,54.8,11,78.8,0
25.504176,91.855438,28.2,9,24.0,0
25.406154,91.804021,26.2,8,58.6,0
25.285611,91.739074,16.2,8,5.0,0
25.532075,91.866286,34.9,15,56.2,0
25.290674,91.741846,46.9,9,55.1,0
25.478951,91.845072,21.0,16,117.8,0
25.444033,91.813086,27.5,10,1107.1,1
25.390523,91.795125,14.9,12,38.0,0
25.35941,91.777748,36.4,15,29.0,0
25.472782,91.841074,45.7,16,62.2,0
25.411646,91.805964,18.1,15,49.3,0
25.537191,91.8689,27.3,17,2.4,0
25.404895,91.803626,15.9,10,88.2,0
25.394266,91.796139,19.2,12,65.8,0
25.389878,91.794115,29.1,13,25.4,0
25.442843,91.824065,28.0,13,25.6,0
25.428514,91.815735,20.9,8,10.3,0
25.459767,91.833282,6.0,8,7.6,0
25.457752,91.832146,16.3,15,6.0,0
25.456881,91.831505,5.7,10,9.3,0
25.45305,91.829498,27.3,8,2.5,0
25.321894,91.756844,7.4,14,23.0,0
25.501303,91.854204,18.9,12,32.8,0
25.319907,91.754653,34.8,10,82.8,0
25.407876,91.805599,24.2,11,119.1,0
25.315201,91.753912,11.5,15,99.5,0
25.544371,91.872708,25.6,6,5.9,0
25.405312,91.802585,24.8,7,35.7,0
25.528702,91.86662,43.0,16,117.7,0
25.529105,91.865598,20.7,13,4.5,0
25.288559,91.740722,9.1,12,37.6,0
25.400045,91.80034,19.1,14,30.6,0
25.512396,91.85911,19.1,15,15.6,0
25.373509,91.785883,20.5,17,58.4,0
25.576362,91.892598,14.2,15,56.1,0
25.533684,91.867597,13.1,12,12.7,0
25.524347,91.863583,26.3,15,16.2,0
25.458471,91.832884,24.7,14,39.0,0
25.327823,91.766098,12.2,7,603.0,1
25.306349,91.748529,32.7,14,17.4,0
25.387872,91.793767,11.2,8,49.1,0
25.537746,91.868558,22.0,9,55.8,0
25.519549,91.862518,20.6,14,72.2,0
25.437835,91.81097,6.5,18,977.9,1
25.549901,91.87633,42.0,10,32.1,0
25.289472,91.740646,16.0,8,11.8,0
25.562393,91.882976,16.4,9,55.0,0
25.497057,91.852509,6.3,12,32.4,0
25.549289,91.875706,17.7,8,8.0,0
25.554848,91.877823,16.5,8,110.8,0
25.324485,91.758177,27.3,9,12.7,0
25.471381,91.839472,20.6,15,17.9,0
25.526262,91.864071,37.6,10,44.8,0
25.446823,91.825471,24.7,12,52.7,0
25.545288,91.873523,8.4,17,30.7,0
25.279405,91.736479,12.5,16,25.1,0
25.377994,91.788497,10.0,8,70.3,0
25.302905,91.747252,26.4,16,45.2,0
25.36761,91.781673,27.4,13,32.3,0
25.300882,91.738666,1.2,4,734.0,1
25.575716,91.892181,11.8,7,53.7,0
25.544287,91.872202,9.2,11,37.4,0
25.304823,91.748316,51.3,10,65.5,0
25.439476,91.82284,20.4,11,88.5,0
25.355887,91.776909,29.7,16,137.8,0
25.465441,91.836256,10.4,15,9.7,0
25.48116,91.844832,24.8,12,25.0,0
25.326124,91.759374,40.6,9,40.5,0
25.511793,91.857279,20.9,8,148.6,0
25.368514,91.783202,60.0,10,67.5,0
25.362244,91.778746,41.4,11,27.1,0
25.572098,91.889184,19.3,9,23.2,0
25.519105,91.86196,12.0,10,32.8,0
25.441571,91.823292,39.6,7,19.2,0
25.52028,91.861505,19.9,14,62.8,0
25.312229,91.752351,31.8,14,108.3,0
25.490497,91.850866,31.4,16,69.0,0
25.510136,91.857927,19.1,7,13.2,0
25.463209,91.835371,35.3,8,24.8,0
25.422234,91.812133,26.4,13,21.3,0
25.494908,91.852383,60.0,10,43.4,0
25.552933,91.877701,24.6,8,12.1,0
25.273975,91.733069,27.7,8,73.0,0
25.294303,91.742226,19.6,17,72.1,0
25.28753,91.740774,36.1,10,89.9,0
25.343273,91.769344,25.7,16,83.6,0
25.438365,91.821877,29.6,10,54.8,0
25.52724,91.864474,13.3,14,43.6,0
25.399047,91.804409,6.4,19,480.6,1
25.368755,91.782377,33.0,10,25.7,0
25.383872,91.790023,42.8,15,99.0,0
25.487874,91.849499,40.6,14,66.2,0
25.31195,91.751796,24.6,14,69.4,0
25.334583,91.764425,34.1,8,74.7,0
25.385203,91.791837,20.9,9,5.6,0
25.439704,91.822945,16.0,15,86.3,0
25.485583,91.847493,12.5,8,5.2,0
25.313034,91.751714,29.1,8,2.7,0
25.51918,91.861048,21.7,14,64.5,0
25.276006,91.733989,26.5,9,72.4,0
25.336737,91.764432,35.0,16,41.1,0
25.444136,91.825007,18.9,14,47.4,0
25.404319,91.801288,23.3,9,108.1,0
25.34553,91.769645,60.0,15,9.1,0
25.369638,91.792695,15.5,20,930.6,1
25.574774,91.891455,26.5,8,38.8,0
25.515237,91.86024,5.0,13,15.0,0
25.396656,91.798432,21.8,9,28.2,0
25.532192,91.866761,29.6,16,12.0,0
25.408836,91.805332,6.3,9,41.2,0
25.322706,91.756901,15.3,10,15.3,0
25.417414,91.808601,42.5,13,104.5,0
25.389486,91.794144,8.2,10,1.4,0
25.449302,91.82732,35.5,15,6.8,0
25.411569,91.807091,34.4,14,64.5,0
25.307256,91.748014,12.1,10,76.3,0
25.53866,91.869938,35.7,15,49.0,0
25.383551,91.792004,24.8,11,111.2,0
25.470469,91.838781,9.6,14,35.8,0
25.430707,91.817405,19.5,9,33.6,0
25.556507,91.879874,23.8,14,11.1,0
25.277128,91.729824,1.8,1,546.5,1
25.274845,91.728173,1.9,3,609.9,1
25.407663,91.804351,43.0,13,9.1,0
25.472494,91.840952,3.8,14,65.9,0
25.537441,91.868635,39.0,11,35.3,0
25.298585,91.73718,1.0,1,780.0,1
25.368111,91.781439,23.3,16,82.2,0
25.290282,91.740907,11.6,9,22.3,0
25.352482,91.772846,13.6,12,73.5,0
25.354839,91.774141,28.6,10,74.9,0
25.516681,91.860525,6.6,7,15.2,0
25.536236,91.86926,35.4,16,79.1,0
25.270257,91.731481,20.8,17,64.4,0
25.341422,91.768144,14.0,12,66.9,0
25.431281,91.817728,22.5,15,34.0,0
25.538073,91.869561,36.3,9,34.3,0
25.49768,91.853083,16.3,13,1.2,0
25.430503,91.816895,42.3,14,5.0,0
25.330624,91.761583,21.7,10,12.2,0
25.416846,91.809732,18.5,15,36.3,0
25.509825,91.857575,40.5,12,36.7,0
25.409938,91.805149,26.6,10,36.2,0
25.428191,91.814415,5.5,10,121.3,0
25.359501,91.777984,20.7,10,47.0,0
25.539913,91.869923,49.1,7,4.3,0
25.411521,91.806345,21.7,13,5.4,0
25.318222,91.754065,17.5,9,48.9,0
25.275787,91.735589,23.4,11,100.0,0
25.56209,91.889257,13.0,6,560.6,1
25.55989,91.883125,18.8,11,103.4,0
25.300417,91.739228,0.1,23,655.8,1
25.372492,91.784225,15.3,10,48.0,0
25.556131,91.879786,16.9,14,2.2,0
25.478282,91.844017,23.7,14,51.2,0
25.450761,91.828125,40.6,15,7.3,0
25.480995,91.845954,31.2,14,93.1,0
25.432864,91.817554,5.3,10,68.5,0
25.484489,91.846438,52.5,15,48.7,0
25.506638,91.855781,31.6,8,90.3,0
25.55419,91.878845,19.4,10,24.4,0
25.371512,91.785134,33.4,11,93.5,0
25.442577,91.823757,45.9,13,10.0,0
25.305713,91.748377,14.6,7,31.0,0
25.570658,91.887363,31.9,9,113.7,0
25.572484,91.890142,18.9,9,45.8,0
25.368074,91.782871,37.2,13,59.1,0
25.283613,91.738412,60.0,13,29.1,0
25.5672,91.886448,17.1,10,1.4,0
25.456571,91.830866,27.2,7,54.7,0
25.287965,91.739872,94.9,20,21.6,1
25.277708,91.735693,15.6,12,22.8,0
25.441516,91.822938,10.8,11,12.3,0
25.57732,91.892602,41.0,10,1.3,0
25.57157,91.889305,14.9,15,18.7,0
25.352233,91.773892,9.5,11,41.7,0
25.541696,91.870799,31.9,9,21.7,0
25.445474,91.824915,31.0,8,33.9,0
25.288001,91.74048,32.5,15,38.5,0
25.571229,91.888439,30.8,11,44.1,0
25.484491,91.846219,46.4,11,70.1,0
25.575449,91.891417,27.8,9,3.7,0
25.374308,91.786217,25.2,11,47.7,0
25.386318,91.791763,19.3,11,61.9,0
25.572212,91.890261,8.7,15,72.7,0
25.294231,91.741878,37.1,14,104.1,0
25.428936,91.816402,21.7,8,31.8,0
25.554315,91.87851,9.8,14,14.7,0
25.481313,91.845573,41.8,11,38.9,0
25.370088,91.782971,16.9,15,40.0,0
25.334916,91.764173,22.6,9,32.2,0
25.29044,91.740882,7.6,14,32.1,0
25.37991,91.789359,49.8,16,50.7,0
25.437418,91.820774,38.2,17,1.3,0
25.466031,91.837031,8.3,11,33.8,0
25.573296,91.890805,11.3,16,62.1,0
25.347894,91.771068,25.6,15,1.5,0
25.361877,91.779063,27.9,11,23.6,0
25.390726,91.794576,33.5,10,26.5,0
25.529154,91.864865,10.1,10,82.3,0
25.510082,91.857682,43.1,14,36.3,0
25.307876,91.749189,24.9,15,14.7,0
25.480939,91.846377,2.5,9,137.3,0
25.379392,91.788732,25.9,12,17.6,0
25.363796,91.779817,32.3,12,6.7,0
25.400792,91.800332,9.9,8,10.6,0
25.547858,91.875583,13.6,10,78.8,0
25.351991,91.772893,22.3,13,42.4,0
25.278781,91.735327,21.9,9,63.4,0
25.471255,91.840206,53.9,15,60.3,0
25.375858,91.786699,33.8,11,10.9,0
25.565142,91.885503,15.2,15,27.1,0
25.275006,91.734643,21.3,15,39.6,0
25.472037,91.839195,40.3,15,80.3,0
25.55835,91.881061,28.5,10,4.3,0
25.358057,91.776744,30.0,15,4.4,0
25.392278,91.794665,22.8,7,101.7,0
25.353883,91.774259,38.0,14,11.8,0
25.312851,91.751416,21.8,13,16.4,0
25.481678,91.846178,9.5,8,78.0,0
25.340582,91.767321,41.5,13,32.2,0
25.318021,91.754648,27.9,15,18.6,0
25.492141,91.850459,27.0,8,41.0,0
25.328881,91.760381,18.9,9,10.5,0
25.3956,91.797672,18.4,9,11.3,0
25.40395,91.802697,33.6,14,48.9,0
25.372189,91.784213,16.3,10,32.7,0
25.460556,91.834746,21.9,12,107.4,0
25.370946,91.784003,10.6,14,14.0,0
25.314459,91.751636,56.9,9,81.8,0
25.272977,91.732862,17.3,11,48.4,0
25.417439,91.809883,37.0,10,19.0,0
25.566773,91.886387,54.2,7,17.4,0
25.33979,91.766873,29.0,16,31.4,0
25.412294,91.806679,24.4,14,14.7,0
25.330125,91.759675,14.6,12,146.5,0
25.550326,91.877136,23.6,15,84.4,0
25.448132,91.826095,27.1,10,62.8,0
25.508231,91.856694,13.2,12,61.8,0
25.366264,91.781358,15.8,15,9.8,0
25.56435,91.88608,38.5,9,127.8,0
25.35445,91.773893,12.1,14,78.0,0
25.282254,91.737892,20.5,14,38.3,0
25.403293,91.801672,26.1,8,15.3,0
25.560299,91.882813,36.9,8,50.2,0
25.305457,91.747277,28.7,13,68.9,0
25.465622,91.836612,50.4,12,15.1,0
25.498382,91.854344,23.5,13,102.5,0
25.384187,91.791143,12.2,14,7.0,0
25.427887,91.8148,13.4,14,67.4,0
25.577283,91.89253,55.3,12,3.4,0
25.499263,91.85425,11.9,15,56.3,0
25.388368,91.793695,14.2,14,15.3,0
25.507306,91.856647,23.4,13,28.5,0
25.557774,91.881657,7.8,15,85.6,0
25.57684,91.892556,45.0,12,24.6,0
25.519502,91.862101,17.0,10,31.0,0
25.373926,91.785613,47.7,10,9.6,0
25.460864,91.834267,13.7,15,44.1,0
25.365002,91.777016,2.8,9,344.6,1
25.289533,91.740454,17.4,8,34.1,0
25.287373,91.738958,26.3,13,87.3,0
25.548437,91.874344,20.4,17,72.7,0
25.29768,91.743708,20.8,15,75.9,0
25.474659,91.841312,24.1,15,16.1,0
25.443027,91.824191,46.0,13,27.9,0
25.423323,91.812857,23.2,10,9.8,0
25.384385,91.791608,29.3,13,27.5,0
25.424254,91.813379,16.6,15,9.3,0
25.41625,91.809298,3.1,14,26.3,0
25.401377,91.801593,5.5,9,80.6,0
25.493265,91.851983,4.3,8,70.0,0
25.462967,91.835267,38.8,14,27.8,0
25.472198,91.839584,5.4,18,51.2,0
25.565092,91.884924,10.5,9,25.0,0
25.479852,91.844223,14.3,16,13.5,0
25.576716,91.892092,16.6,8,12.5,0
25.559164,91.882,51.8,13,38.1,0
25.545834,91.873569,22.1,11,3.7,0
25.493941,91.851487,6.2,10,9.2,0
25.385994,91.792487,10.4,14,26.1,0
25.575636,91.892029,12.1,12,43.8,0
25.464469,91.835687,36.8,9,12.6,0
25.306718,91.748527,13.1,14,0.4,0
25.518201,91.861104,5.1,7,18.2,0
25.423042,91.813302,33.6,8,48.7,0
25.422689,91.812431,15.2,13,16.9,0
25.290043,91.740951,45.7,8,7.0,0
25.296735,91.744108,7.3,16,7.9,0
25.526794,91.864637,60.0,15,8.3,0
25.426582,91.814499,37.2,8,26.2,0
25.310118,91.749849,3.7,11,21.1,0
25.387528,91.793441,14.3,10,36.0,0
25.375917,91.786594,16.2,16,2.6,0
25.548937,91.875229,25.0,12,17.2,0
25.302944,91.74718,13.5,16,36.0,0
25.303838,91.74737,11.9,14,14.5,0
25.36412,91.779625,17.2,9,43.0,0
25.514589,91.859564,35.1,11,28.1,0
25.484852,91.847552,25.4,14,40.1,0
25.410256,91.80643,27.3,12,71.2,0
25.545429,91.872965,45.4,7,30.6,0
25.501879,91.855206,14.7,13,46.9,0
25.472267,91.839685,19.3,12,45.1,0
25.483289,91.845886,32.4,10,37.5,0
25.282877,91.736961,12.5,14,84.7,0
25.372634,91.785279,26.7,9,46.9,0
25.333641,91.763139,10.4,16,0.4,0
25.423055,91.813437,14.3,10,61.2,0
25.471747,91.839189,35.7,17,65.2,0
25.471715,91.839416,9.1,12,41.4,0
25.293492,91.741807,44.6,13,77.6,0
25.449645,91.827692,41.2,12,10.9,0
25.28372,91.738759,60.0,10,59.4,0
25.391764,91.795721,29.7,15,28.8,0
25.309558,91.749843,20.9,15,4.3,0
25.418489,91.810752,26.5,9,46.7,0
25.466253,91.836594,8.6,15,20.7,0
25.528267,91.864927,19.2,11,39.3,0
25.36858,91.782155,31.0,15,37.9,0
25.537374,91.868202,8.7,8,77.2,0
25.329577,91.761237,12.7,9,35.2,0
25.362723,91.77931,18.5,8,1.9,0
25.320388,91.755616,19.0,15,15.1,0
25.333607,91.763379,90.1,23,25.7,1
25.436233,91.820501,30.6,14,36.2,0
25.355423,91.775706,57.7,7,45.8,0
25.273633,91.734292,20.7,14,66.7,0
25.513951,91.859947,7.3,9,37.9,0
25.317662,91.754661,40.1,9,39.4,0
25.286148,91.745291,0.4,4,611.5,1
25.292069,91.742171,35.5,16,24.4,0
25.45929,91.83352,21.2,11,56.6,0
25.334991,91.764812,31.5,11,90.3,0
25.364475,91.78092,11.4,11,63.8,0
25.449109,91.826652,17.0,12,61.3,0
25.305658,91.748966,60.0,9,93.4,0
25.329758,91.761676,10.2,8,68.0,0
25.394965,91.797881,34.0,15,66.0,0
25.344924,91.769851,18.8,9,43.7,0
25.344597,91.770056,14.2,13,81.3,0
25.402258,91.801398,32.1,12,13.9,0
25.450262,91.828687,8.7,15,74.3,0
25.468422,91.83785,12.7,8,15.8,0
25.319244,91.753823,47.4,13,127.7,0
25.276892,91.735058,11.2,16,4.4,0
25.298124,91.745319,27.0,10,67.3,0
25.517955,91.861643,18.4,12,47.6,0
25.32147,91.759252,1.6,0,280.3,1
25.272811,91.734041,14.9,8,78.8,0
25.342747,91.767851,60.0,10,33.3,0
25.520189,91.86248,11.4,11,41.8,0
25.288667,91.740949,20.6,14,55.7,0
25.539394,91.869967,17.8,10,21.7,0
25.510802,91.857805,14.4,13,53.3,0
25.477264,91.843179,41.6,15,24.8,0
25.322655,91.756939,11.1,17,9.0,0
25.481093,91.844559,48.3,13,48.0,0
25.394161,91.797314,15.5,15,54.3,0
25.376233,91.786818,12.6,12,2.2,0
25.276987,91.734705,58.9,10,44.6,0
25.318861,91.754565,17.5,12,34.8,0
25.419563,91.810918,38.0,16,4.8,0
25.320298,91.759743,0.1,1,391.4,1
25.50012,91.853408,36.5,13,66.1,0
25.322627,91.756526,20.8,13,47.6,0
25.495092,91.852211,21.0,14,18.0,0
25.410007,91.804829,11.3,16,71.1,0
25.389897,91.794045,60.0,10,33.3,0
25.556386,91.879112,44.7,11,76.7,0
25.553298,91.878311,42.7,9,25.0,0
25.385027,91.800868,13.4,18,893.9,1
25.492556,91.851282,4.8,14,26.8,0
25.332857,91.764509,83.6,23,176.2,1
25.451067,91.828974,25.5,10,58.8,0
25.508786,91.857489,10.6,16,2.6,0
25.337129,91.765823,11.7,14,73.1,0
25.544684,91.873344,35.9,10,48.4,0
25.492089,91.850594,3.7,14,24.9,0
25.553907,91.878866,15.0,11,42.8,0
25.470964,91.838817,7.3,12,59.1,0
25.422814,91.808264,14.2,9,429.2,1
25.501412,91.854697,41.4,13,13.6,0
25.549631,91.875823,13.2,12,0.6,0
25.415567,91.809244,14.9,14,58.0,0
25.537578,91.869931,135.9,8,92.9,1
25.397114,91.798782,14.3,11,37.5,0
25.351124,91.772356,25.3,9,47.7,0
25.354235,91.775276,35.9,14,68.2,0
25.272822,91.734165,15.5,14,90.9,0
25.534119,91.868092,39.4,12,45.9,0
25.297415,91.744282,18.6,15,5.6,0
25.346301,91.769276,24.9,6,86.8,0
25.486806,91.848601,19.5,6,36.5,0
25.2942,91.742282,24.1,10,61.7,0
25.365108,91.779854,39.5,9,74.1,0
25.570791,91.888886,19.1,14,23.7,0
25.544929,91.873247,30.3,17,25.1,0
25.360765,91.777002,16.4,15,116.8,0
25.364847,91.780136,32.1,15,32.5,0
25.397366,91.798672,18.5,18,13.2,0
25.425272,91.814819,7.8,15,75.8,0
25.35829,91.777456,2.8,14,61.1,0
25.372146,91.784395,28.0,8,12.8,0
25.331314,91.761086,13.6,15,73.5,0
25.285211,91.739476,14.7,12,64.1,0
25.328834,91.759586,45.2,8,85.4,0
25.491896,91.850556,35.5,14,20.9,0
25.386751,91.792176,34.6,13,45.1,0
25.360189,91.777018,60.0,6,84.2,0
25.355563,91.77507,20.1,17,23.7,0
25.408386,91.804498,56.3,14,15.6,0
25.328187,91.759467,20.6,17,62.0,0
25.325527,91.758678,1.9,9,5.0,0
25.378285,91.788248,37.5,9,30.4,0
25.2845,91.738854,5.1,17,33.4,0
25.397881,91.798429,29.7,10,38.3,0
25.517679,91.860509,29.1,14,58.2,0
25.367632,91.78245,7.8,10,42.0,0
25.51026,91.857742,32.9,11,37.5,0
25.424418,91.814455,60.0,13,86.6,0
25.402535,91.800682,8.3,17,70.7,0
25.310174,91.750032,18.4,14,6.3,0
25.369507,91.783027,14.7,11,3.1,0
25.493341,91.851102,41.6,10,24.3,0
25.537781,91.868999,24.3,9,11.7,0
25.42001,91.811567,17.5,13,43.8,0
25.341593,91.768229,34.6,7,66.0,0
25.527563,91.865388,26.0,10,37.5,0
25.560859,91.883777,5.3,1,300.0,1
25.303286,91.747455,26.8,14,48.3,0
25.281744,91.736929,13.1,10,36.1,0
25.325503,91.758273,46.2,8,33.1,0
25.546422,91.874153,60.0,14,25.3,0
25.432876,91.818673,45.5,13,39.8,0
25.548824,91.875265,37.5,9,7.2,0
25.501398,91.854626,30.3,17,6.9,0
25.447051,91.825956,14.8,13,17.8,0
25.385297,91.79226,57.5,9,41.6,0
25.354944,91.77477,5.2,10,19.3,0
25.342277,91.7675,52.7,9,42.0,0
25.536998,91.86852,16.8,17,28.9,0
25.421651,91.811367,28.3,13,64.4,0
25.559095,91.880421,10.8,10,108.2,0
25.350769,91.77204,19.6,13,59.3,0
25.468083,91.837637,23.7,11,18.2,0
25.526247,91.865262,9.2,10,78.9,0
25.528512,91.865902,38.1,13,51.4,0
25.465172,91.836173,21.8,15,3.3,0
25.360056,91.778167,26.8,9,34.8,0
25.276517,91.734768,11.0,14,16.7,0
25.28588,91.738493,99.1,3,66.3,1
25.436678,91.821173,31.6,8,77.6,0
25.557218,91.880655,20.2,12,22.2,0
25.380079,91.789102,35.1,11,16.5,0
25.537571,91.869137,9.8,12,11.2,0
25.49676,91.853522,12.1,9,84.6,0
25.39406,91.796277,6.3,15,41.2,0
25.392888,91.796558,10.2,9,49.6,0
25.331383,91.763119,27.3,15,120.7,0
25.481816,91.845231,13.3,9,21.7,0
25.485354,91.847696,44.2,10,26.9,0
25.340713,91.767451,6.7,14,37.8,0
25.542162,91.8703,18.9,9,96.0,0
25.397429,91.798345,38.9,13,22.1,0
25.575166,91.890739,25.1,8,51.9,0
25.514121,91.860304,39.8,17,67.8,0
25.457081,91.833192,27.3,14,144.1,0
25.369049,91.783292,28.0,9,47.3,0
25.510688,91.858473,13.0,9,20.4,0
25.294287,91.741754,11.5,10,119.2,0
25.432373,91.817674,35.4,8,30.3,0
25.34713,91.77144,40.1,17,79.1,0
25.345012,91.768426,18.1,11,99.7,0
25.553316,91.87896,4.6,11,85.8,0
25.308456,91.750207,14.7,15,91.5,0
25.496996,91.853289,56.0,9,50.7,0
25.539812,91.869917,16.1,8,0.8,0
25.340551,91.766513,57.7,11,44.8,0
25.449469,91.827875,134.1,8,38.1,1
25.483819,91.847097,53.7,17,51.6,0
25.354147,91.77492,28.3,15,38.3,0
25.467558,91.83658,29.3,11,92.7,0
25.527931,91.865459,20.2,9,29.6,0
25.29622,91.743962,127.5,2,16.6,1
25.48325,91.845746,29.2,6,49.1,0
25.354007,91.774921,35.2,8,46.0,0
25.485178,91.847138,13.3,12,17.8,0
25.542547,91.871403,10.3,10,13.2,0
25.514564,91.859618,46.9,11,21.5,0
25.567322,91.886244,15.6,12,28.0,0
25.533532,91.867445,86.8,22,3.4,1
25.441196,91.82332,23.2,11,42.2,0
25.34723,91.771447,20.8,12,74.3,0
25.363343,91.78087,5.9,16,120.1,0
25.378317,91.788792,16.9,10,81.6,0
25.575013,91.890663,46.3,13,50.4,0
25.452196,91.828545,29.8,14,44.1,0
25.29215,91.742143,38.7,12,17.8,0
25.506944,91.857289,14.9,14,52.8,0
25.497044,91.852861,42.9,15,4.5,0
25.487405,91.847705,22.5,10,83.0,0
25.346349,91.76909,31.0,10,107.4,0
25.319339,91.755248,35.6,15,5.8,0
25.438796,91.820599,22.3,14,92.8,0
25.439028,91.821691,13.8,9,0.8,0
25.32642,91.759067,33.5,15,5.4,0
25.519915,91.862144,8.0,10,18.4,0
25.366825,91.781438,14.2,12,12.8,0
25.409721,91.806105,9.8,6,68.6,0
25.568755,91.886906,21.9,14,47.5,0
25.402118,91.801164,33.9,13,1.2,0
25.367146,91.781461,42.5,7,28.0,0
25.31134,91.750756,43.9,10,1.2,0
25.57078,91.888831,88.8,0,19.1,1
25.379778,91.788804,4.2,11,3.7,0
25.416912,91.809284,20.5,13,10.9,0
25.269614,91.731511,16.2,15,69.4,0
25.357024,91.7753,16.0,10,80.2,0
25.538043,91.869461,51.8,15,25.2,0
25.417047,91.810216,16.8,9,72.5,0
25.443163,91.824712,11.7,11,71.3,0
25.557853,91.881885,26.8,14,102.8,0
25.407055,91.803949,9.8,15,2.8,0
25.376995,91.787484,36.3,13,25.8,0
25.533553,91.867245,32.1,10,18.3,0
25.527219,91.865176,21.7,13,29.8,0
25.285094,91.738053,13.3,16,75.0,0
25.479067,91.843858,51.5,16,6.6,0
25.430062,91.817363,34.6,13,64.4,0
25.374969,91.785932,21.9,13,15.7,0
25.307405,91.749106,6.3,14,27.8,0
25.407023,91.803417,16.2,9,47.2,0
25.421263,91.812668,9.9,10,83.2,0
25.33251,91.762226,16.6,10,27.1,0
25.415825,91.808437,37.7,13,34.5,0
25.326949,91.759392,30.6,8,2.4,0
25.422454,91.81339,38.4,11,89.1,0
25.487599,91.848625,43.2,11,4.0,0
25.349331,91.765002,28.3,20,666.4,1
25.500841,91.853489,22.3,16,87.6,0
25.460448,91.833911,13.1,11,32.0,0
25.356624,91.775753,24.7,10,14.5,0
25.288338,91.740182,20.9,11,7.2,0
25.415056,91.808464,60.0,10,9.7,0
25.52721,91.865435,99.4,18,57.0,1
25.526326,91.864541,19.4,16,1.1,0
25.428408,91.81483,1.7,9,92.7,0
25.373785,91.784933,28.1,16,49.0,0
25.567333,91.886458,4.9,10,8.2,0
25.575995,91.892049,13.7,14,25.0,0
25.476717,91.842002,15.5,11,60.2,0
25.459028,91.832306,2.5,10,47.4,0
25.340583,91.767184,9.7,10,18.9,0
25.447451,91.826324,10.1,10,3.7,0
25.358819,91.777128,29.1,14,0.6,0
25.392482,91.796088,19.1,16,25.8,0
25.374106,91.785007,12.9,14,59.1,0
25.281324,91.73682,35.5,16,28.0,0
25.438153,91.82172,33.8,12,51.0,0
25.288421,91.739982,25.6,15,31.2,0
25.394663,91.797689,40.4,10,63.6,0
25.509655,91.858851,20.1,10,102.2,0
25.454514,91.830921,24.6,12,61.8,0
25.382509,91.790261,44.7,14,2.1,0
25.454491,91.829994,9.6,7,27.1,0
25.381512,91.790821,42.5,9,106.3,0
25.464744,91.835576,28.5,13,38.2,0
25.271658,91.73303,13.7,16,28.8,0
25.321884,91.75685,135.1,4,24.1,1
25.482297,91.846339,26.1,11,60.2,0
25.504299,91.856474,26.8,8,78.0,0
25.422378,91.812243,19.7,11,18.5,0
25.313533,91.751629,0.6,11,32.5,0
25.327999,91.759665,4.0,16,32.6,0
25.578403,91.891682,20.1,9,148.8,0
25.43545,91.820379,29.0,8,66.6,0
25.469336,91.837972,21.3,7,53.3,0
25.504277,91.856124,5.1,15,42.7,0
25.566274,91.885238,16.1,13,63.3,0
25.332322,91.762568,17.3,10,16.2,0
25.300892,91.738189,0.6,3,782.9,1
25.432443,91.817472,24.0,8,53.7,0
25.347424,91.771191,10.0,10,38.9,0
25.409331,91.805058,12.6,16,12.3,0
25.271493,91.733184,16.9,11,52.0,0
25.319861,91.755618,16.0,13,13.6,0
25.319031,91.755434,20.1,7,40.5,0
25.450151,91.827812,38.1,12,4.8,0
25.462641,91.83476,18.7,7,4.0,0
25.52946,91.864964,15.6,10,84.8,0
25.520445,91.862515,19.1,16,34.8,0
25.482578,91.845198,28.3,9,66.1,0
25.293919,91.742529,14.9,11,23.8,0
25.492315,91.850982,60.0,9,5.8,0
25.293385,91.741561,9.8,14,97.7,0
25.450041,91.827329,6.8,16,45.9,0
25.450354,91.827691,39.7,9,27.6,0
25.536689,91.867543,19.7,11,117.0,0
25.450117,91.827861,19.0,16,1.7,0
25.433552,91.818256,27.8,16,37.4,0
25.343426,91.768002,25.3,14,55.3,0
25.384532,91.792401,44.2,6,96.7,0
25.548984,91.876259,32.0,14,78.2,0
25.358164,91.777794,43.9,12,100.8,0
25.410958,91.805558,16.6,15,51.5,0
25.442608,91.82379,86.4,19,11.6,1
25.327596,91.759912,15.8,11,13.2,0
25.444863,91.825327,11.7,16,39.2,0
25.537113,91.868385,23.2,8,47.5,0
25.455037,91.830659,22.6,13,8.1,0
25.3983,91.799494,136.8,9,42.6,1
25.378541,91.788541,9.9,14,45.0,0
25.387527,91.793355,13.0,10,27.7,0
25.279123,91.736429,20.1,13,32.8,0
25.459696,91.833082,3.8,10,8.0,0
25.429773,91.816371,4.9,9,16.5,0
25.563761,91.883554,41.9,15,78.9,0
25.479765,91.843953,13.6,6,35.1,0
25.561167,91.882602,18.4,9,19.9,0
25.485919,91.847972,11.0,15,23.2,0
25.312908,91.751697,10.2,15,7.9,0
25.280204,91.736907,12.1,9,32.0,0
25.417577,91.809467,23.8,14,29.0,0
25.57779,91.892508,45.0,13,34.8,0
25.457663,91.831032,16.4,14,97.6,0
25.547045,91.873776,54.5,8,46.4,0
25.566476,91.886043,42.4,10,1.8,0
25.38611,91.79169,6.2,11,57.7,0
25.45552,91.831266,20.1,14,41.0,0
25.312571,91.751356,26.4,12,7.0,0
25.394507,91.79716,38.0,7,20.7,0
25.562877,91.883963,23.4,16,11.1,0
25.44095,91.822031,31.5,16,70.0,0
25.460838,91.834144,16.8,14,33.6,0
25.319623,91.755827,9.9,9,46.9,0
25.394894,91.796922,55.7,8,23.4,0
25.342666,91.76792,14.9,10,22.2,0
25.462266,91.834928,38.6,11,32.7,0
25.446122,91.824513,60.0,13,108.0,0
25.488788,91.849496,11.5,9,16.4,0
25.458779,91.833539,36.4,13,86.0,0
25.299628,91.74497,33.6,9,36.8,0
25.297242,91.744337,51.3,15,7.9,0
25.553653,91.87864,18.9,9,35.9,0
25.406747,91.804005,27.0,15,25.0,0
25.429817,91.815845,26.5,16,70.0,0
25.273604,91.733314,5.8,9,31.2,0
25.575735,91.891559,40.9,13,6.6,0
25.296531,91.744819,2.5,12,89.3,0
25.415434,91.808695,13.8,10,11.7,0
25.561899,91.883274,14.7,8,1.9,0
25.506578,91.856583,9.5,15,5.0,0
25.405979,91.803748,38.1,11,41.5,0
25.326345,91.759486,24.4,14,39.5,0
25.321751,91.755821,30.1,14,68.8,0
25.336323,91.764553,25.1,11,6.9,0
25.503723,91.854946,24.4,13,56.2,0
25.302684,91.746302,18.2,12,41.2,0
25.39339,91.795417,31.9,16,88.6,0
25.54246,91.87221,5.7,11,68.7,0
25.541719,91.871157,19.9,8,11.2,0
25.518666,91.861502,26.3,15,3.7,0
25.276873,91.735075,25.5,9,1.8,0
25.413212,91.807447,17.1,10,10.4,0
25.371785,91.784535,39.9,16,20.4,0
25.313134,91.751209,12.3,9,51.8,0
25.283254,91.737799,12.6,8,16.8,0
25.493001,91.8503,3.3,10,93.0,0
25.365341,91.7803,7.9,14,43.3,0
25.519507,91.861974,9.9,11,17.7,0
25.279689,91.736129,39.6,8,23.4,0
25.574272,91.890589,36.0,10,14.7,0
25.310955,91.750798,33.8,8,26.0,0
25.563097,91.8845,23.4,14,49.5,0
25.404068,91.802163,23.4,14,9.4,0
25.421795,91.813058,10.2,8,92.4,0
25.567354,91.887609,6.3,7,100.2,0
25.394116,91.797121,23.5,10,38.0,0
25.49292,91.850859,60.0,11,32.0,0
25.386648,91.792432,37.6,15,14.6,0
25.534884,91.868422,17.0,10,48.4,0
25.507122,91.856834,40.8,14,1.6,0
25.365924,91.781213,22.9,11,14.0,0
25.386788,91.792765,14.2,14,10.2,0
25.334969,91.764093,23.8,13,21.5,0
25.314851,91.753516,22.4,14,79.8,0
25.320254,91.756245,21.4,6,53.4,0
25.512747,91.859439,42.2,15,35.1,0
25.44471,91.824223,11.2,7,59.9,0
25.553614,91.878073,20.2,15,15.9,0
25.414439,91.807583,58.6,12,42.7,0
25.470153,91.839001,17.7,7,2.7,0
25.467735,91.837615,11.7,8,1.5,0
25.520199,91.862376,30.7,12,30.6,0
25.48773,91.848752,11.2,8,1.3,0
25.298306,91.744303,30.5,15,44.1,0
25.369105,91.783607,34.4,11,75.0,0
25.543677,91.872994,10.3,14,73.2,0
25.323863,91.756896,33.3,18,78.3,0
25.532183,91.866512,11.3,14,37.3,0
25.570053,91.88759,6.3,9,57.2,0
25.44834,91.826639,38.7,14,21.0,0
25.310572,91.751006,43.3,14,67.0,0
25.561466,91.882948,22.3,16,4.3,0
25.536208,91.869463,34.1,11,101.3,0
25.512925,91.85904,25.9,11,13.5,0
25.418383,91.809828,23.8,18,37.4,0
25.354784,91.774614,18.8,11,25.9,0
25.327591,91.760997,36.0,8,119.1,0
25.466649,91.8378,56.7,9,75.2,0
25.496619,91.853259,22.2,14,63.2,0
25.544138,91.871911,33.9,14,56.5,0
25.367413,91.783276,11.4,16,134.3,0
25.271692,91.733847,4.1,10,110.2,0
25.294682,91.74358,11.8,8,48.0,0
25.383017,91.790905,38.6,8,33.1,0
25.35586,91.775994,19.6,12,50.2,0
25.474923,91.841224,6.9,10,38.9,0
25.436147,91.82029,13.3,9,20.2,0
25.28472,91.74386,0.2,1,531.5,1
25.356867,91.776176,40.7,13,13.5,0
25.397804,91.799772,19.1,9,96.5,0
25.50901,91.857546,23.6,16,6.0,0
25.308943,91.749266,15.6,12,26.3,0
25.528727,91.864932,47.3,18,57.7,0
25.370445,91.783327,48.8,14,24.7,0
25.34029,91.767545,56.4,9,69.8,0
25.460668,91.83376,53.4,16,5.4,0
25.519351,91.86184,36.9,12,10.3,0
25.526604,91.86516,36.0,6,53.5,0
25.304122,91.747099,40.0,7,26.0,0
25.333931,91.762803,15.7,10,47.9,0
25.574607,91.890967,6.6,15,1.9,0
25.298836,91.745583,30.4,10,61.6,0
25.407963,91.804438,21.0,16,1.3,0
25.524945,91.863743,16.6,13,24.3,0
25.424003,91.813493,19.0,11,15.4,0
25.317881,91.754355,23.4,13,2.3,0
25.387938,91.793363,28.7,14,6.3,0
25.321527,91.756157,58.9,11,24.1,0
25.412078,91.806648,23.1,13,6.1,0
25.410505,91.806106,11.5,15,26.3,0
25.460663,91.833937,6.0,14,22.9,0
25.44845,91.826755,14.6,9,15.7,0
25.301136,91.746147,9.8,15,13.8,0
25.393912,91.795929,46.8,14,67.0,0
25.381817,91.790861,16.2,14,93.7,0
25.39483,91.797611,11.2,14,47.1,0
25.384141,91.79106,19.1,11,12.5,0
25.519956,91.861585,12.3,10,41.1,0
25.444806,91.824217,7.6,16,65.7,0
25.483246,91.845681,16.0,10,55.1,0
25.399213,91.800421,23.6,9,83.6,0
25.277324,91.73568,24.1,8,39.0,0
25.381886,91.790477,30.8,9,52.6,0
25.384302,91.791664,14.8,14,37.5,0
25.329415,91.759958,7.9,17,80.6,0
25.369791,91.783383,12.1,16,16.1,0
25.273185,91.733502,34.0,13,7.0,0
25.545767,91.87412,13.2,14,60.0,0
25.282489,91.737152,16.4,11,47.5,0
25.364324,91.780484,8.1,9,29.6,0
25.308552,91.749048,15.9,13,30.5,0
25.552277,91.876171,24.8,13,120.0,0
25.350377,91.771702,44.6,8,71.0,0
25.57007,91.888453,85.5,2,24.0,1
25.477263,91.843578,26.3,14,63.6,0
25.56037,91.881532,33.6,8,75.9,0
25.415707,91.810289,42.0,8,152.1,0
25.450206,91.827569,20.5,9,31.4,0
25.487074,91.848496,37.7,13,11.9,0
25.325808,91.758558,13.4,15,21.8,0
25.369613,91.78224,26.4,10,85.5,0
25.35219,91.773015,9.3,10,41.2,0
25.554998,91.879475,27.2,13,37.9,0
25.537265,91.869307,25.9,10,41.5,0
25.567236,91.886427,16.4,14,5.5,0
25.345614,91.770571,43.0,14,76.5,0
25.410329,91.805952,34.8,8,20.8,0
25.315985,91.752499,12.5,15,80.4,0
25.396366,91.798324,7.8,8,33.3,0
25.323901,91.757494,35.4,11,22.2,0
25.491784,91.849876,16.4,10,86.5,0
25.50259,91.855141,25.4,10,10.8,0
25.397169,91.799121,28.0,10,67.5,0
25.366598,91.781874,47.1,15,41.9,0
25.403778,91.802007,19.8,11,8.9,0
25.32743,91.758571,35.5,9,108.2,0
25.433767,91.819229,134.4,10,45.7,1
25.298495,91.744381,25.7,12,44.8,0
25.386529,91.792285,60.0,10,22.4,0
25.327107,91.759428,30.9,11,7.4,0
25.459541,91.831998,30.8,15,105.2,0
25.328276,91.760169,25.5,12,1.6,0
25.560399,91.88215,40.1,16,18.8,0
25.416184,91.808525,42.9,14,45.4,0
25.418888,91.809826,18.0,12,65.0,0
25.483356,91.846592,6.3,14,27.6,0
25.532089,91.868436,23.7,6,165.4,0
25.372489,91.783904,5.7,7,79.0,0
25.418719,91.810923,7.7,13,50.9,0
25.555384,91.880463,32.4,12,109.6,0
25.501868,91.854772,20.6,11,2.6,0
25.27483,91.733971,10.8,9,20.6,0
25.511451,91.858695,35.3,9,11.8,0
25.388599,91.793825,32.9,10,15.4,0
25.428786,91.816425,29.6,14,42.1,0
25.373674,91.785071,18.8,13,29.5,0
25.540521,91.870146,6.4,15,16.1,0
25.560811,91.882452,15.2,9,13.7,0
25.564861,91.885289,21.0,6,23.0,0
25.301096,91.746228,23.3,14,23.8,0
25.381074,91.790844,15.9,7,132.2,0
25.276325,91.734345,22.7,15,50.9,0
25.567683,91.886584,45.4,10,16.3,0
25.412894,91.807347,8.9,13,17.9,0
25.543314,91.871779,10.5,14,21.6,0
25.301395,91.74587,12.1,16,26.2,0
25.5392,91.869575,28.1,8,10.8,0
25.502775,91.855006,8.1,6,10.7,0
25.496533,91.852307,32.8,18,31.7,0
25.563596,91.884965,24.9,15,65.0,0
25.332232,91.761878,15.9,13,46.0,0
25.315223,91.753484,15.0,9,56.6,0
25.379857,91.789273,10.2,18,45.1,0
25.474863,91.841396,38.2,11,19.0,0
25.420331,91.811992,25.9,10,67.8,0
25.535405,91.868125,13.4,14,3.8,0
25.359959,91.777456,18.0,14,29.1,0
25.518036,91.86029,12.8,12,95.6,0
25.347689,91.7707,19.3,15,23.1,0
25.361055,91.779264,14.4,11,87.6,0
25.425033,91.814289,5.9,9,37.2,0
25.554845,91.879662,114.2,22,64.4,1
25.465603,91.83617,25.7,15,26.9,0
25.299158,91.74437,15.3,15,76.2,0
25.48431,91.84673,32.9,10,10.6,0
25.374388,91.785354,19.8,11,40.6,0
25.317959,91.755076,7.5,12,63.7,0
25.36791,91.782093,25.1,11,7.7,0
25.32817,91.760802,9.7,11,68.8,0
25.428571,91.815927,14.4,11,5.3,0
25.311952,91.751631,26.7,11,53.2,0
25.546822,91.874157,16.9,10,2.7,0
25.538832,91.870314,16.3,13,80.7,0
25.29898,91.745623,17.8,12,59.1,0
25.51492,91.859013,21.8,13,98.7,0
25.373656,91.785294,29.2,14,6.9,0
25.292845,91.741775,30.3,7,51.3,0
25.443434,91.824484,12.4,9,34.4,0
25.54593,91.873777,17.9,6,17.8,0
25.373658,91.785244,27.2,15,11.9,0
25.568238,91.887533,60.0,8,42.0,0
25.400904,91.800643,22.1,15,13.7,0
25.324025,91.757138,43.3,9,63.6,0
25.534096,91.866876,19.7,7,78.8,0
25.398992,91.799336,60.0,16,10.1,0
25.510658,91.858076,14.2,12,19.3,0
25.565065,91.88585,18.7,13,64.7,0
25.405062,91.802742,23.4,8,6.9,0
25.534486,91.867104,7.9,18,71.3,0
25.570593,91.889144,11.5,11,59.7,0
25.427743,91.815296,42.4,9,11.3,0
25.282016,91.736995,36.2,14,41.8,0
25.494217,91.852994,40.8,9,135.1,0
25.396086,91.797301,17.9,15,51.0,0
25.519234,91.862309,15.7,8,63.6,0
25.433511,91.81873,9.5,9,11.0,0
25.287159,91.738792,48.2,18,94.4,0
25.314315,91.751683,22.4,14,69.5,0
25.371498,91.784143,23.2,15,2.2,0
25.566671,91.886884,21.1,17,70.6,0
25.536887,91.868808,20.8,8,5.5,0
25.396825,91.798445,18.9,11,20.4,0
25.338841,91.76613,43.6,12,10.4,0
25.440904,91.822477,23.9,12,24.1,0
25.362721,91.778774,17.8,14,50.1,0
25.422735,91.812753,17.5,11,11.9,0
25.549084,91.875921,29.7,7,40.3,0
25.460482,91.834167,16.7,17,55.1,0
25.302085,91.745868,20.4,12,57.9,0
25.316541,91.753932,28.8,15,29.0,0
25.551432,91.875517,21.6,6,133.6,0
25.300389,91.738601,0.7,23,718.1,1
25.55101,91.875969,28.4,12,66.2,0
25.529504,91.865875,46.0,9,7.6,0
25.279779,91.737163,28.0,12,77.4,0
25.349924,91.77196,22.8,7,21.4,0
25.444572,91.825109,15.7,14,33.7,0
25.501861,91.854108,60.0,12,65.7,0
25.547183,91.875443,48.3,15,104.3,0
25.571254,91.88835,8.5,13,54.0,0
25.334403,91.763346,14.6,10,20.6,0
25.484543,91.846416,24.7,14,53.7,0
25.294686,91.743104,29.6,16,0.5,0
25.56286,91.884015,33.1,17,17.1,0
25.297802,91.744853,29.3,17,34.8,0
25.272365,91.733322,28.0,14,26.1,0
25.359179,91.776846,16.1,7,46.3,0
25.307669,91.749133,57.6,17,18.4,0
25.463817,91.83546,22.3,9,0.6,0
25.440243,91.821419,19.0,9,91.3,0
25.496857,91.852155,34.9,15,60.8,0
25.422173,91.812215,28.1,9,10.1,0
25.45419,91.830038,7.6,16,6.6,0
25.284983,91.73909,11.7,8,35.3,0
25.345769,91.769633,22.4,14,23.2,0
25.491337,91.850713,14.0,8,18.4,0
25.439038,91.821766,25.1,7,7.6,0
25.390441,91.794958,106.4,5,26.2,1
25.438479,91.822281,18.8,10,88.0,0
25.386447,91.793207,27.9,12,71.6,0
25.457816,91.831069,51.1,16,102.3,0
25.5675,91.885973,23.3,12,64.0,0
25.452329,91.829261,25.7,13,18.4,0
25.573736,91.889561,60.0,14,81.8,0
25.390705,91.794746,30.3,10,8.8,0
25.329745,91.759922,33.2,13,101.9,0
25.534658,91.867898,30.4,17,3.6,0
25.455211,91.831152,11.6,12,46.6,0
25.569718,91.888583,6.0,9,56.7,0
25.440066,91.821783,29.2,13,46.4,0
25.387566,91.793425,8.2,11,32.4,0
25.414948,91.808035,7.4,11,26.2,0
25.435819,91.820149,49.0,10,24.3,0
25.436149,91.820362,15.6,17,27.1,0
25.470218,91.838498,49.1,9,49.9,0
25.276531,91.735341,10.1,9,40.8,0
25.300379,91.737774,1.5,22,801.6,1
25.55695,91.880777,7.5,13,49.3,0
25.405244,91.803409,30.2,15,48.2,0
25.53169,91.866642,25.5,14,3.5,0
25.552933,91.878861,60.0,16,98.3,0
25.324877,91.758273,15.4,13,0.8,0
25.528594,91.865096,9.0,9,35.3,0
25.365689,91.781564,18.4,12,60.9,0
25.284519,91.738905,24.5,9,37.8,0
25.520122,91.861958,58.7,13,9.4,0
25.46314,91.834858,21.5,9,21.4,0
25.28342,91.738368,9.8,8,33.4,0
25.422757,91.81197,60.0,10,65.5,0
25.526199,91.863582,19.8,8,92.8,0
25.329119,91.75958,9.8,15,101.3,0
25.407834,91.804551,17.1,9,19.4,0
25.468405,91.839133,20.3,14,110.0,0
25.422343,91.811633,29.8,13,75.9,0
25.426376,91.814034,46.7,11,60.3,0
25.554112,91.878133,51.6,12,38.9,0
25.492606,91.850316,15.1,13,75.1,0
25.361121,91.778532,43.0,15,12.7,0
25.502703,91.855912,29.4,13,85.9,0
25.469308,91.837822,31.4,15,66.4,0
25.430116,91.81674,30.8,14,0.8,0
25.290138,91.740347,24.3,8,72.5,0
25.501917,91.854269,6.1,10,51.5,0
25.520811,91.861994,14.1,12,34.1,0
25.491622,91.850416,15.1,13,24.0,0
25.510112,91.858657,25.6,8,63.3,0
25.366379,91.781744,10.9,11,41.1,0
25.3982,91.799015,30.7,16,1.4,0
25.284089,91.738819,43.6,14,48.6,0
25.28061,91.73692,37.6,9,14.8,0
25.514486,91.859445,43.1,13,36.1,0
25.368123,91.782105,18.8,12,18.0,0
25.427845,91.816015,4.8,15,53.1,0
25.418617,91.811276,48.7,16,90.8,0
25.522373,91.863379,60.0,14,44.4,0
25.453549,91.829493,14.1,8,24.9,0
25.456903,91.831578,13.1,7,3.4,0
25.514683,91.860069,7.5,16,20.2,0
25.423253,91.812513,20.6,9,39.5,0
25.285861,91.738647,5.3,15,49.8,0
25.469843,91.838677,15.7,15,12.1,0
25.472595,91.840334,12.6,13,0.3,0
25.374439,91.785203,60.0,14,58.0,0
25.528098,91.865639,60.0,8,41.4,0
25.514717,91.870752,23.3,12,1123.0,1
25.380068,91.788745,7.2,9,17.7,0
25.457568,91.831732,13.4,16,24.3,0
25.362434,91.779327,9.1,11,19.2,0
25.275203,91.733772,32.0,9,57.8,0
25.408975,91.804901,19.5,11,8.3,0
25.434638,91.819908,17.4,15,64.7,0
25.419739,91.811247,37.2,13,27.3,0
25.513682,91.859623,33.9,11,15.5,0
25.557396,91.880448,11.9,14,7.7,0
25.514379,91.85899,15.3,12,78.7,0
25.545318,91.873171,2.9,16,4.5,0
25.568293,91.886304,34.1,11,78.2,0
25.340063,91.767416,24.8,9,69.5,0
25.555316,91.879486,11.9,12,20.6,0
25.391259,91.795274,9.7,10,12.7,0
25.30173,91.739329,0.8,3,705.5,1
25.318129,91.754555,27.5,13,3.8,0
25.305266,91.747915,56.6,14,4.6,0
25.39075,91.794269,5.9,15,57.6,0
25.274663,91.733873,46.7,9,22.8,0
25.378501,91.78826,40.1,15,19.8,0
25.54452,91.872249,46.4,14,46.4,0
25.452458,91.828448,34.1,11,67.6,0
25.501914,91.854605,32.0,16,16.6,0
25.330806,91.762102,7.8,15,52.9,0
25.376884,91.787716,18.7,11,54.3,0
25.36694,91.782264,37.1,13,61.3,0
25.522471,91.862763,25.7,15,23.3,0
25.407115,91.804087,31.4,15,13.1,0
25.515757,91.860382,40.8,9,8.2,0
25.563059,91.884543,15.6,9,55.8,0
25.30699,91.748837,23.1,15,19.5,0
25.381515,91.789248,10.9,16,46.9,0
25.360803,91.779072,37.8,8,82.6,0
25.574425,91.891074,21.0,12,22.7,0
25.285317,91.742705,1.7,2,387.1,1
25.442366,91.824216,33.5,9,66.1,0
25.551965,91.877384,43.2,15,13.6,0
25.312112,91.750619,15.6,12,53.9,0
25.29477,91.7429,23.0,13,25.0,0
25.40385,91.802033,58.4,13,10.4,0
25.304446,91.748024,10.0,9,53.1,0
25.496015,91.852308,56.2,12,10.1,0
25.274521,91.733801,26.3,7,23.8,0
25.558042,91.880598,10.9,10,30.6,0
25.482265,91.845889,21.7,15,18.1,0
25.561444,91.882595,40.1,14,36.6,0
25.468592,91.83761,10.7,8,48.3,0
25.526893,91.865384,25.5,7,64.8,0
25.576993,91.893058,28.8,12,63.6,0
25.318254,91.753895,19.9,15,67.2,0
25.550061,91.8755,141.7,9,56.1,1
25.331797,91.762236,7.4,16,12.3,0
25.529629,91.865434,20.3,14,43.1,0
25.538659,91.869166,37.5,15,30.8,0
25.453654,91.830484,31.6,14,65.8,0
25.4325,91.818812,25.8,6,73.7,0
25.318104,91.759261,0.3,1,463.1,1
25.513839,91.859837,13.2,16,31.2,0
25.340336,91.766867,32.3,16,1.4,0
25.39221,91.795885,16.9,12,20.7,0
25.39957,91.799769,23.9,13,0.8,0
25.358868,91.778214,20.9,16,103.7,0
25.346371,91.76971,18.6,7,48.3,0
25.319141,91.75488,13.4,14,19.3,0
25.575589,91.891333,16.3,14,19.7,0
25.499955,91.853389,23.9,11,61.3,0
25.532632,91.867443,10.0,17,40.4,0
25.324208,91.757663,6.6,15,22.4,0
25.513418,91.858716,28.5,14,67.3,0
25.332974,91.763273,46.1,14,49.6,0
25.498586,91.853596,12.7,17,16.7,0
25.564958,91.886167,30.6,8,101.0,0
25.559296,91.881378,45.1,9,28.7,0
25.477634,91.843444,20.6,15,30.5,0
25.333779,91.763276,5.6,14,6.3,0
25.489972,91.850207,31.5,15,22.5,0
25.345602,91.76926,24.4,9,50.5,0
25.317074,91.754837,38.5,11,88.2,0
25.274922,91.735035,20.6,15,83.2,0
25.549543,91.875693,39.7,12,7.9,0
25.541503,91.871189,20.4,14,26.6,0
25.482466,91.845378,29.2,11,42.4,0
25.447283,91.825991,54.3,15,27.0,0
25.433492,91.81887,52.9,11,25.6,0
25.455549,91.830342,35.6,13,50.5,0
25.554295,91.87844,3.2,10,20.2,0
25.279935,91.737548,46.5,7,109.3,0
25.560673,91.881225,10.0,15,122.6,0
25.337151,91.765627,12.4,10,52.8,0
25.404503,91.802133,29.7,15,35.8,0
25.299356,91.738174,0.3,23,714.3,1
25.295594,91.743411,16.3,9,10.8,0
25.551268,91.876266,17.8,12,52.8,0
25.346411,91.770047,27.4,16,17.7,0
25.30175,91.746372,21.3,14,8.6,0
25.557333,91.880678,19.0,8,17.8,0
25.306161,91.747498,12.8,12,78.6,0
25.312869,91.750779,50.7,18,79.4,0
25.506617,91.851471,24.4,23,534.9,1
25.565909,91.884991,22.9,10,65.8,0
25.288062,91.740821,33.3,16,70.4,0
25.43457,91.812581,15.8,8,644.6,1
25.43605,91.819259,24.1,8,74.8,0
25.494887,91.852639,18.2,13,70.7,0
25.298239,91.744697,115.5,12,1.1,1
25.516384,91.860825,60.0,10,28.1,0
25.395355,91.797498,15.5,13,7.6,0
25.354189,91.774036,6.3,15,50.0,0
25.567412,91.886486,30.4,12,10.1,0
25.359303,91.776707,9.4,8,66.5,0
25.284032,91.738334,21.2,15,2.0,0
25.28074,91.736255,10.1,11,58.7,0
25.33957,91.766617,13.0,9,18.4,0
25.481311,91.845275,39.4,11,10.0,0
25.427914,91.815242,18.4,10,25.8,0
25.319416,91.755336,13.0,12,10.2,0
25.474143,91.841431,19.7,10,23.4,0
25.454737,91.830543,23.6,8,13.0,0
25.297219,91.744396,38.7,18,15.0,0
25.549595,91.876352,36.7,7,51.8,0
25.414126,91.809205,27.6,13,132.1,0
25.391366,91.795047,14.6,12,15.2,0
25.357325,91.775804,17.8,13,47.4,0
25.570443,91.888052,30.0,10,35.6,0
25.391076,91.795287,39.5,17,23.8,0
25.545893,91.873439,16.5,13,12.2,0
25.369135,91.782275,20.7,11,56.2,0
25.400272,91.801151,27.9,10,97.3,0
25.424847,91.814538,23.8,15,71.4,0
25.3721,91.784673,10.2,6,16.9,0
25.353178,91.774505,21.6,14,50.3,0
25.533551,91.867339,13.4,15,8.4,0
25.391491,91.795626,29.9,11,34.4,0
25.51273,91.85917,12.8,15,8.1,0
25.485853,91.847062,6.0,13,61.7,0
25.430172,91.816504,19.9,15,25.1,0
25.416423,91.809265,30.9,18,13.7,0
25.377916,91.788291,21.6,14,54.5,0
25.572373,91.88903,13.8,10,53.8,0
25.418717,91.81001,60.0,14,37.8,0
25.441673,91.823382,41.5,9,22.5,0
25.547318,91.874503,11.1,14,7.0,0
25.37956,91.787957,54.9,8,66.8,0
25.404075,91.803155,19.7,12,86.7,0
25.460285,91.83385,30.3,14,34.9,0
25.45413,91.830424,35.7,12,34.2,0
25.444591,91.825382,32.1,8,59.3,0
25.462853,91.834048,14.6,16,84.6,0
25.532527,91.86767,11.1,16,68.1,0
25.529691,91.864972,25.1,10,93.5,0
25.413009,91.806807,21.6,16,40.9,0
25.552991,91.878398,10.3,14,50.9,0
25.351714,91.773171,34.5,14,0.3,0
25.507839,91.857329,9.3,13,20.0,0
25.338284,91.764899,19.7,14,79.2,0
25.539054,91.868876,15.4,12,77.0,0
25.36859,91.783243,21.9,13,67.5,0
25.456194,91.831222,8.0,9,0.3,0
25.2707,91.732691,52.5,11,38.2,0
25.382898,91.790226,18.3,13,26.5,0
25.368346,91.782378,31.1,15,3.5,0
25.569946,91.888618,26.9,16,46.9,0
25.453143,91.829767,20.5,9,23.7,0
25.329986,91.761199,17.4,7,9.3,0
25.459074,91.832379,17.0,13,42.8,0
25.420601,91.812161,4.8,10,69.7,0
25.493907,91.851523,147.5,8,4.2,1
25.321112,91.75679,32.9,13,60.0,0
25.339352,91.766485,2.4,16,17.4,0
25.283398,91.738194,27.7,15,16.7,0
25.293009,91.742435,24.3,15,8.2,0
25.460179,91.834136,20.9,14,68.4,0
25.494389,91.851062,28.9,8,71.7,0
25.397638,91.797587,38.3,10,107.1,0
25.565192,91.88441,5.9,14,79.8,0
25.288579,91.740512,21.4,12,15.4,0
25.273803,91.733952,34.8,8,24.4,0
25.46889,91.838114,7.9,12,15.4,0
25.380846,91.789281,20.6,14,7.6,0
25.398501,91.799399,16.8,11,22.6,0
25.367742,91.78184,4.1,15,23.3,0
25.458962,91.84194,9.2,5,893.7,1
25.568269,91.887371,13.1,13,24.8,0
25.411701,91.806578,19.1,10,7.6,0
25.345181,91.768943,23.2,15,58.6,0
25.427237,91.815052,8.7,9,7.8,0
25.353537,91.774372,10.6,16,18.0,0
25.327986,91.758442,51.5,15,150.8,0
25.575754,91.891894,15.4,11,24.1,0
25.351986,91.773212,15.8,10,11.0,0
25.420875,91.811623,7.5,14,2.6,0
25.442445,91.823059,24.1,9,50.7,0
25.360015,91.778245,18.1,11,44.6,0
25.501456,91.855079,22.9,12,51.3,0
25.57386,91.891187,34.3,13,66.0,0
25.556925,91.879255,14.1,10,94.2,0
25.526573,91.865077,29.5,9,46.3,0
25.530055,91.866822,32.9,12,82.6,0
25.502239,91.854919,9.3,11,2.4,0
25.400307,91.800166,36.5,9,0.4,0
25.524153,91.863747,21.3,12,8.9,0
25.50533,91.856403,34.5,8,28.0,0
25.305585,91.747945,14.6,7,6.9,0
25.556267,91.879327,112.7,3,49.5,1
25.294058,91.742937,41.9,10,11.3,0
25.453154,91.829203,47.2,9,31.9,0
25.385995,91.792727,17.5,8,49.4,0
25.488154,91.848454,27.1,13,50.6,0
25.43589,91.819091,12.4,15,82.4,0
25.56778,91.874021,17.9,11,1218.4,1
25.273336,91.733574,13.3,16,7.4,0
25.546955,91.874172,23.6,14,3.6,0
25.372109,91.783975,27.1,15,51.6,0
25.510711,91.857797,8.0,11,50.4,0
25.321,91.759813,1.1,22,360.2,1
25.405457,91.803079,10.7,12,4.6,0
25.323768,91.757017,13.7,16,61.5,0
25.513165,91.858394,48.1,13,90.1,0
25.378169,91.787801,26.7,10,6.9,0
25.315702,91.752503,29.2,6,64.7,0
25.273219,91.733308,19.9,9,14.3,0
25.338681,91.765744,14.6,15,18.5,0
25.312448,91.751134,60.0,14,22.0,0
25.398674,91.79851,5.8,14,73.3,0
25.403835,91.801425,17.2,11,68.6,0
25.570385,91.888472,31.6,12,7.7,0
25.339379,91.765605,43.5,16,69.7,0
25.3657,91.78205,26.5,13,107.5,0
25.531598,91.867624,16.5,10,101.8,0
25.36823,91.782061,30.1,12,28.1,0
25.361762,91.779226,11.4,8,45.7,0
25.388228,91.793226,13.6,7,22.7,0
25.295186,91.743342,25.4,8,0.8,0
25.288829,91.739932,18.7,7,54.9,0
25.311013,91.750429,14.1,8,13.0,0
25.503543,91.854407,17.7,16,104.4,0
25.459083,91.832688,24.0,14,13.2,0
25.306447,91.749116,18.6,10,72.5,0
25.411835,91.806498,20.4,10,7.5,0
25.32095,91.756558,35.3,17,46.2,0
25.456097,91.82998,60.0,13,115.3,0
25.394704,91.797205,3.0,9,14.3,0
25.329075,91.760655,6.6,16,5.6,0
25.349019,91.772563,12.8,13,86.3,0
25.546794,91.874024,17.0,12,8.4,0
25.502052,91.854855,28.9,10,3.6,0
25.376353,91.78674,14.9,15,11.9,0
25.557749,91.88093,60.0,13,17.9,0
25.357247,91.777154,29.1,16,88.2,0
25.576653,91.892286,15.2,7,9.6,0
25.454828,91.830281,56.1,11,17.5,0
25.551002,91.877648,6.5,13,94.2,0
25.379736,91.788817,22.9,8,7.3,0
25.548119,91.875773,20.8,8,81.8,0
25.407353,91.804755,13.7,10,65.2,0
25.534294,91.867154,11.6,8,58.2,0
25.453569,91.829434,25.1,14,31.8,0
25.291986,91.742007,43.5,9,11.5,0
25.548656,91.87608,34.3,16,80.1,0
25.443059,91.823711,18.6,15,20.5,0
25.492957,91.851122,5.9,14,6.3,0
25.41862,91.810585,25.8,15,23.4,0
25.394461,91.79753,38.0,10,59.1,0
25.304021,91.747958,11.7,12,65.9,0
25.352238,91.774269,14.3,15,78.2,0
25.370503,91.782593,15.4,9,99.2,0
25.576143,91.891847,60.0,15,2.8,0
25.568622,91.886541,47.1,15,74.5,0
25.403175,91.800678,42.7,15,105.7,0
25.544151,91.873255,7.3,15,70.7,0
25.536442,91.868059,18.5,10,53.5,0
25.362342,91.779122,13.1,11,4.2,0
25.283516,91.737089,5.5,10,100.8,0
25.437519,91.820126,18.4,11,69.8,0
25.521427,91.862129,51.2,17,45.7,0
25.55882,91.881346,16.7,16,4.3,0
25.545793,91.872557,25.0,9,90.4,0
25.55714,91.878835,33.9,17,146.6,0
25.549126,91.875434,15.0,9,8.5,0
25.428628,91.815473,33.8,10,42.0,0
25.284664,91.738251,10.8,8,35.3,0
25.564312,91.884276,39.9,15,41.9,0
25.471164,91.839052,14.0,7,47.1,0
25.351102,91.772439,16.2,12,38.5,0
25.359819,91.77892,13.1,9,120.9,0
25.47841,91.843429,27.2,10,12.8,0
25.29236,91.742835,53.5,9,78.5,0
25.318726,91.757657,1.3,0,273.3,1
25.496745,91.853298,24.3,10,62.0,0
25.345017,91.770193,10.5,11,71.9,0
25.280287,91.736259,26.2,13,37.6,0
25.416813,91.810348,12.9,7,98.1,0
25.386415,91.79284,32.7,6,37.7,0
25.489249,91.850468,16.0,16,86.1,0
25.382833,91.790546,60.0,15,8.1,0
25.309778,91.73298,5.0,2,1717.7,1
25.325403,91.760042,9.2,15,144.5,0
25.481653,91.844682,48.5,8,66.2,0
25.303546,91.747706,26.2,15,62.0,0
25.371474,91.802268,16.3,15,1762.9,1
25.544521,91.872788,16.1,10,4.9,0
25.278236,91.735756,50.8,11,5.0,0
25.449477,91.828058,13.2,16,55.5,0
25.29873,91.744621,41.9,11,31.2,0
25.533389,91.866921,60.0,11,44.9,0
25.458754,91.832368,15.0,16,26.6,0
25.490061,91.850725,26.2,9,72.5,0
25.540591,91.870089,40.9,14,25.6,0
25.389178,91.794161,23.6,17,16.8,0
25.51875,91.861665,25.4,12,17.0,0
25.486391,91.847996,20.9,10,0.1,0
25.391084,91.795821,15.4,9,75.4,0
25.534388,91.867614,22.2,10,14.6,0
25.43458,91.818912,23.3,10,29.1,0
25.52189,91.862056,17.8,15,72.4,0
25.418413,91.810127,22.7,10,10.0,0
25.5049,91.855505,23.5,10,47.0,0
25.387309,91.791873,22.6,16,104.7,0
25.380276,91.789003,60.0,14,3.9,0
25.355791,91.774759,25.5,11,66.3,0
25.37312,91.784733,14.1,13,32.5,0
25.457691,91.832673,43.9,15,60.5,0
25.323772,91.757747,20.7,15,9.4,0
25.308661,91.749697,16.3,14,30.4,0
25.403177,91.800787,28.8,9,95.2,0
25.426798,91.814243,19.8,13,62.7,0
25.30761,91.749078,26.4,16,15.6,0
25.299928,91.737157,1.9,0,843.6,1
25.572054,91.890465,13.5,9,101.3,0
25.517126,91.862332,17.3,8,153.1,0
25.354319,91.774253,25.5,7,35.9,0
25.305166,91.748376,12.1,14,55.9,0
25.500407,91.870764,21.4,17,1715.9,1
25.535174,91.868779,44.4,15,73.4,0
25.48411,91.846339,23.9,16,37.9,0
25.464575,91.835989,27.8,14,11.1,0
25.555561,91.878433,37.2,10,93.8,0
25.560999,91.88243,25.7,14,26.7,0
25.374068,91.784682,45.5,8,88.7,0
25.302357,91.74609,18.9,15,47.8,0
25.48843,91.849121,21.6,13,0.6,0
25.313594,91.751902,25.7,16,9.2,0
25.280556,91.736674,15.5,9,7.7,0
25.419782,91.810631,60.0,11,35.0,0
25.443488,91.823886,22.6,16,26.7,0
25.333312,91.762013,5.7,14,91.3,0
25.532201,91.866614,26.8,10,27.5,0
25.284102,91.744636,1.0,1,638.6,1
25.460825,91.832798,13.8,12,96.7,0
25.291016,91.742516,6.9,9,107.5,0
25.390923,91.794993,9.5,10,3.5,0
25.420193,91.811759,90.7,10,52.6,1
25.30767,91.748693,20.3,9,26.3,0
25.54226,91.871086,4.2,14,26.9,0
25.443699,91.824295,23.2,14,1.8,0
25.555307,91.880111,18.7,15,80.6,0
25.51248,91.859513,37.1,15,53.9,0
25.476579,91.842397,23.1,10,14.3,0
25.282806,91.738583,26.6,13,83.3,0
25.468739,91.838986,24.8,8,77.6,0
25.522618,91.862884,10.3,14,16.8,0
25.329893,91.761089,14.3,7,3.6,0
25.334017,91.763209,18.2,11,13.0,0
25.52352,91.863702,12.4,7,30.4,0
25.329569,91.761106,29.2,9,22.8,0
25.517352,91.860983,5.5,13,4.4,0
25.320741,91.755401,26.5,8,55.1,0
25.460595,91.833625,41.5,12,3.8,0
25.355354,91.770659,8.8,1,441.5,1
25.484085,91.847255,11.8,15,52.6,0
25.547861,91.874842,21.0,11,8.0,0
25.34818,91.772549,12.3,8,130.2,0
25.478956,91.844236,16.9,8,36.2,0
25.356851,91.774939,60.0,15,106.0,0
25.327448,91.760703,39.9,14,98.3,0
25.563361,91.884336,20.9,9,18.7,0
25.373459,91.784957,40.5,8,29.0,0
25.427286,91.815692,11.2,8,51.8,0
25.348722,91.77178,10.0,15,26.1,0
25.288864,91.73911,37.1,14,140.0,0
25.336202,91.764954,34.5,9,38.7,0
25.500945,91.854305,22.3,9,7.6,0
25.524643,91.864127,22.4,14,27.9,0
25.516315,91.860781,33.9,16,26.3,0
25.309927,91.749512,39.7,9,46.2,0
25.333208,91.763613,10.7,15,70.0,0
25.519862,91.862814,34.7,11,89.9,0
25.331445,91.762528,11.4,10,59.7,0
25.289435,91.740574,116.6,3,17.5,1
25.320577,91.755824,19.3,16,5.1,0
25.49217,91.850692,15.4,10,18.2,0
25.30896,91.749601,16.6,7,7.0,0
25.439853,91.822385,34.4,9,23.8,0
25.317378,91.754122,17.0,7,2.2,0
25.32422,91.758223,4.5,16,31.5,0
25.454942,91.830149,16.9,8,36.4,0
25.313091,91.750898,28.8,8,79.7,0
25.31963,91.756342,25.3,8,96.5,0
25.308905,91.750424,34.9,14,93.1,0
25.465533,91.836867,34.6,11,44.7,0
25.281972,91.737711,36.5,15,32.9,0
25.522451,91.862327,32.0,9,67.5,0
25.506369,91.856923,27.5,16,38.7,0
25.319782,91.756019,11.9,10,56.9,0
25.356619,91.775988,28.7,11,8.6,0
25.364547,91.77983,48.9,15,46.1,0
25.391755,91.794358,8.0,17,103.3,0
25.553081,91.878097,10.7,17,17.1,0
25.563273,91.883902,14.6,15,17.5,0
25.415577,91.808603,51.1,16,5.0,0
25.50191,91.854441,29.8,9,33.4,0
25.510835,91.858451,13.3,16,12.1,0
25.369872,91.782133,22.9,13,109.9,0
25.319522,91.754092,7.6,14,116.6,0
25.324687,91.757887,36.2,10,26.5,0
25.455189,91.83078,18.3,12,11.6,0
25.5469,91.875303,4.8,11,107.3,0
25.282753,91.746618,0.6,3,901.3,1
25.353937,91.775121,12.4,13,69.2,0
25.359442,91.777393,26.9,15,7.2,0
25.568462,91.886122,7.2,11,105.2,0
25.351759,91.772864,8.9,10,32.7,0
25.297182,91.743484,30.1,8,75.9,0
25.503351,91.854613,18.1,14,75.2,0
25.473038,91.840955,27.8,16,36.8,0
25.356806,91.776682,16.2,10,66.0,0
25.459696,91.832927,18.2,9,23.1,0
25.52257,91.863374,13.0,15,35.8,0
25.346538,91.769235,14.4,6,103.5,0
25.401661,91.800308,8.9,11,59.9,0
25.321985,91.756492,14.4,14,16.2,0
25.322582,91.75679,23.9,14,19.5,0
25.436412,91.820006,34.1,8,21.7,0
25.309796,91.751222,7.7,15,129.9,0
25.423878,91.813426,7.5,11,15.6,0
25.4655,91.837302,11.0,14,88.8,0
25.440921,91.821747,20.6,10,96.0,0
25.479346,91.845064,60.0,9,95.6,0
25.5451,91.872195,18.0,14,85.0,0
25.445768,91.824732,18.6,14,67.6,0
25.352817,91.773559,26.6,13,22.2,0
25.345207,91.768939,24.3,7,60.4,0
25.306982,91.747643,24.9,18,101.4,0
25.280867,91.735272,20.4,14,164.2,0
25.457504,91.831375,9.6,10,55.6,0
25.514379,91.859564,24.1,9,19.4,0
25.37991,91.788983,14.1,14,14.0,0
25.553313,91.877998,56.4,14,5.7,0
25.57021,91.887642,60.0,16,61.2,0
25.337978,91.765452,20.1,16,8.8,0
25.451928,91.830763,12.4,10,300.0,1
25.315002,91.753015,10.9,15,23.0,0
25.339037,91.764907,40.4,10,119.2,0
25.276675,91.730112,1.7,23,496.6,1
25.565752,91.884913,32.9,10,64.1,0
25.395679,91.797688,19.7,14,8.6,0
25.28947,91.746376,7.9,11,570.0,1
25.433141,91.819043,60.0,14,61.5,0
25.380341,91.788175,35.0,15,87.9,0
25.279626,91.735343,16.4,11,100.4,0
25.459028,91.832223,31.4,14,55.6,0
25.345019,91.76931,20.5,10,14.1,0
25.29408,91.742485,15.8,8,35.7,0
25.441774,91.822749,20.7,13,44.7,0
25.42836,91.814772,10.4,9,95.7,0
25.333139,91.761833,17.6,16,99.5,0
25.274394,91.734339,14.6,15,36.7,0
25.497575,91.85309,4.2,8,6.2,0
25.374327,91.785102,24.3,8,61.8,0
25.455853,91.830847,23.5,10,17.8,0
25.530654,91.866495,28.8,10,24.1,0
25.336457,91.764717,8.1,13,1.8,0
25.398818,91.798813,7.8,15,51.6,0
25.378067,91.788262,30.3,13,43.5,0
25.570825,91.888583,18.9,11,7.1,0
25.291465,91.741187,12.9,15,48.0,0
25.397933,91.798197,12.8,9,63.7,0
25.561571,91.883754,24.7,17,66.5,0
25.393291,91.796841,25.4,9,55.2,0
25.409401,91.805334,7.1,8,10.8,0
25.526534,91.864203,11.9,14,42.4,0
25.280706,91.736259,60.0,13,56.7,0
25.438686,91.82195,19.6,15,44.5,0
25.482755,91.84578,44.5,8,19.0,0
25.290328,91.742229,7.5,14,109.8,0
25.326368,91.759607,38.8,14,50.0,0
25.483988,91.845927,60.0,16,71.3,0
25.475954,91.842904,18.7,15,68.8,0
25.508811,91.857289,11.0,12,24.3,0
25.337038,91.764813,60.0,8,20.2,0
25.361521,91.778121,15.0,12,48.8,0
25.547094,91.889659,7.0,7,1463.3,1
25.528109,91.865032,21.2,13,21.9,0
25.272027,91.733456,14.0,14,55.2,0
25.543819,91.87181,38.8,9,47.8,0
25.387179,91.794287,30.1,6,137.2,0
25.567432,91.886641,15.9,15,3.5,0
25.554511,91.879978,15.1,15,113.8,0
25.321001,91.755776,14.0,16,32.6,0
25.551745,91.876639,22.5,14,44.7,0
25.431355,91.817408,16.2,12,1.1,0
25.508298,91.857192,22.0,8,13.1,0
25.560569,91.882879,9.5,11,40.9,0
25.4734,91.841757,10.9,13,95.3,0
25.511326,91.858202,16.8,12,34.0,0
25.463579,91.835688,11.5,11,35.7,0
25.276143,91.734974,27.8,9,21.3,0
25.478305,91.843635,40.0,13,12.9,0
25.37927,91.787899,17.9,0,300.0,1
25.53764,91.867886,60.0,16,120.9,0
25.540859,91.869516,5.7,12,95.6,0
25.48088,91.844336,28.9,15,58.2,0
25.290115,91.740672,30.7,14,38.6,0
25.439627,91.821361,24.6,16,63.6,0
25.276012,91.735067,19.0,11,36.7,0
25.398458,91.799621,24.1,14,46.5,0
25.499605,91.853934,42.4,10,9.5,0
25.312316,91.750591,22.7,17,67.7,0
25.33362,91.762323,22.1,14,77.8,0
25.517552,91.860809,20.0,12,21.9,0
25.451438,91.827816,50.1,12,74.0,0
25.469322,91.83805,28.3,10,45.0,0
25.380387,91.788511,48.3,18,57.7,0
25.352107,91.773588,22.6,15,19.0,0
25.467436,91.837466,18.1,8,0.2,0
25.388434,91.793431,18.3,14,13.9,0
25.51984,91.861821,21.3,10,11.9,0
25.352208,91.773278,24.1,8,16.6,0
25.517118,91.861356,49.1,10,52.6,0
25.332461,91.762952,12.9,11,46.1,0
25.495357,91.852906,49.0,7,78.9,0
25.338747,91.765568,38.4,14,39.1,0
25.551069,91.877124,5.0,16,40.4,0
25.329453,91.759846,21.3,8,93.5,0
25.523055,91.864154,6.3,14,96.3,0
25.291285,91.741869,25.3,11,29.5,0
25.531805,91.866157,27.8,9,58.4,0
25.323541,91.757682,48.9,10,15.5,0
25.312437,91.751462,27.0,13,10.5,0
25.356291,91.769533,17.9,19,601.7,1
25.325269,91.757941,9.4,11,52.8,0
25.401771,91.801152,45.5,13,16.3,0
25.31397,91.752523,42.0,14,30.9,0
25.323791,91.757227,24.2,9,42.3,0
25.28126,91.737943,20.8,10,88.9,0
25.548231,91.874969,6.3,13,1.3,0
25.489052,91.850312,15.1,13,81.6,0
25.488074,91.848166,10.8,9,74.3,0
25.416687,91.808916,21.2,12,34.5,0
25.500277,91.853824,25.3,11,29.6,0
25.489434,91.83929,15.2,7,1011.5,1
25.564488,91.884315,54.8,9,48.3,0
25.429231,91.815809,33.3,10,41.9,0
25.385734,91.79209,19.7,15,1.5,0
25.484802,91.846571,92.6,23,52.7,1
25.49833,91.852762,5.3,10,58.9,0
25.336606,91.764083,6.5,14,67.9,0
25.389619,91.794399,7.1,9,16.2,0
25.336707,91.766642,18.3,13,175.7,0
25.375375,91.786157,11.2,17,15.8,0
25.384244,91.791548,19.4,12,29.3,0
25.39827,91.799314,24.8,14,26.8,0
25.315514,91.752781,27.3,14,27.5,0
25.2876,91.74059,17.8,9,68.0,0
25.31526,91.753395,28.2,18,46.0,0
25.327318,91.760708,27.3,14,105.8,0
25.384693,91.791826,20.2,16,32.1,0
25.353003,91.772521,12.0,11,133.3,0
25.512427,91.859228,7.5,10,26.6,0
25.404279,91.801909,23.1,10,45.6,0
25.459313,91.832505,37.3,17,43.5,0
25.543149,91.871325,27.1,14,55.3,0
25.388119,91.793658,60.0,10,25.2,0
25.337665,91.764653,4.2,15,69.7,0
25.432447,91.817734,29.2,10,28.4,0
25.38853,91.793899,11.9,9,26.3,0
25.334149,91.762288,19.8,7,109.8,0
25.489672,91.849573,25.3,8,23.8,0
25.551355,91.876648,26.6,7,21.4,0
25.397241,91.798799,18.3,9,32.3,0
25.480368,91.844516,15.4,17,12.9,0
25.469959,91.838626,29.5,9,23.4,0
25.379618,91.788573,17.7,15,10.1,0
25.55166,91.877368,16.9,14,29.6,0
25.368481,91.782118,19.1,14,36.1,0
25.401259,91.801198,4.2,15,48.5,0
25.540137,91.86979,45.8,9,27.9,0
25.300752,91.745925,22.4,15,8.8,0
25.270261,91.73216,34.8,14,4.3,0
25.555333,91.878981,21.8,14,28.6,0
25.542721,91.872894,16.0,14,118.8,0
25.288939,91.740698,26.7,16,17.8,0
25.354817,91.773711,13.3,17,115.5,0
25.392481,91.795673,40.1,11,14.5,0
25.499778,91.854304,19.9,9,40.6,0
25.284513,91.738549,55.1,13,1.8,0
25.432809,91.818479,22.0,11,24.5,0
25.457408,91.831028,30.9,16,84.2,0
25.471566,91.840716,18.7,10,93.2,0
25.39021,91.794453,15.5,8,10.6,0
